PSS2,GAD1,GAD3,GAD4,GAD5,GAD6,GAD7,PHQ2,PHQ3,PHQ4,PHQ5,PHQ6,PHQ7,PHQ8,PHQ9,label
0.8116015514364405,0.5279976724320483,0.538617457162585,0.517784243929682,0.4505000071976035,0.5014865261694402,0.5355088724952519,-0.34562363251582434,0.5859260722066093,-1.380856099643104,0.7084336547222841,0.4891314965542483,1.5013730442169235,0.7909439647017144,-0.8118356434872271,1
0.8116015514364405,0.5279976724320483,0.538617457162585,0.517784243929682,0.4505000071976035,0.5014865261694402,0.5355088724952519,0.5006579663412959,0.5859260722066093,0.37154979438465885,-1.0862422637146554,0.4891314965542483,1.5013730442169235,0.7909439647017144,-0.8118356434872271,2
1.5704055200796414,1.4159942178659093,1.4200691187042478,1.4076036828207321,1.3257722081078593,1.3724478716182575,0.5355088724952519,1.346939565198416,0.5859260722066093,1.2477527413985403,1.6057716139407539,1.3202177607533314,0.6107564396878027,0.7909439647017144,0.06316909981819177,2
0.05279758279323938,0.5279976724320483,0.538617457162585,0.517784243929682,0.4505000071976035,0.5014865261694402,0.5355088724952519,0.5006579663412959,0.5859260722066093,0.37154979438465885,0.7084336547222841,0.4891314965542483,0.6107564396878027,0.7909439647017144,0.9381738431236107,1
1.5704055200796414,1.4159942178659093,0.538617457162585,1.4076036828207321,1.3257722081078593,0.5014865261694402,1.3715478803254724,0.5006579663412959,0.5859260722066093,1.2477527413985403,1.6057716139407539,1.3202177607533314,1.5013730442169235,-0.12459000680439548,1.8131785864290297,2
1.5704055200796414,1.4159942178659093,1.4200691187042478,1.4076036828207321,-0.42477219371265235,1.3724478716182575,-0.3005301353349685,-0.34562363251582434,-1.143498120670705,1.2477527413985403,-1.0862422637146554,-1.1730410318439182,-0.27986016484131826,-0.12459000680439548,0.06316909981819177,1
0.8116015514364405,1.4159942178659093,1.4200691187042478,1.4076036828207321,1.3257722081078593,1.3724478716182575,1.3715478803254724,1.346939565198416,1.4506381686452665,1.2477527413985403,1.6057716139407539,1.3202177607533314,1.5013730442169235,1.7064779362078242,1.8131785864290297,2
0.8116015514364405,-0.3599988730018127,0.538617457162585,0.517784243929682,-0.42477219371265235,0.5014865261694402,-0.3005301353349685,-0.34562363251582434,-0.2787860242320479,0.37154979438465885,-0.1889043044961856,-0.34195476764483496,-0.27986016484131826,0.7909439647017144,-0.8118356434872271,1
0.8116015514364405,-0.3599988730018127,0.538617457162585,0.517784243929682,0.4505000071976035,-0.36947481927937725,-0.3005301353349685,0.5006579663412959,-0.2787860242320479,0.37154979438465885,0.7084336547222841,-0.34195476764483496,-0.27986016484131826,-0.12459000680439548,0.06316909981819177,1
-0.7060063858499618,-1.2479954184356736,-1.2242858659207403,-1.2618546338524181,-1.300044394622908,-1.2404361647281947,-1.136569143165189,-1.1919052313729446,-1.143498120670705,-1.380856099643104,-1.0862422637146554,-1.1730410318439182,-1.1704767693704392,-1.0401239783105054,-0.8118356434872271,0
0.8116015514364405,-0.3599988730018127,-0.34283420437907763,-0.3720351949613681,-0.42477219371265235,-0.36947481927937725,-0.3005301353349685,-0.34562363251582434,-0.2787860242320479,0.37154979438465885,0.7084336547222841,-0.34195476764483496,0.6107564396878027,-0.12459000680439548,0.06316909981819177,1
0.8116015514364405,1.4159942178659093,1.4200691187042478,1.4076036828207321,1.3257722081078593,1.3724478716182575,1.3715478803254724,1.346939565198416,1.4506381686452665,1.2477527413985403,1.6057716139407539,1.3202177607533314,1.5013730442169235,1.7064779362078242,1.8131785864290297,2
0.05279758279323938,-0.3599988730018127,-1.2242858659207403,0.517784243929682,0.4505000071976035,0.5014865261694402,-0.3005301353349685,-0.34562363251582434,-0.2787860242320479,-0.5046531526292226,-0.1889043044961856,-1.1730410318439182,0.6107564396878027,-0.12459000680439548,-0.8118356434872271,1
1.5704055200796414,1.4159942178659093,1.4200691187042478,0.517784243929682,1.3257722081078593,0.5014865261694402,0.5355088724952519,1.346939565198416,0.5859260722066093,1.2477527413985403,-0.1889043044961856,1.3202177607533314,1.5013730442169235,1.7064779362078242,0.06316909981819177,2
0.05279758279323938,-0.3599988730018127,-0.34283420437907763,-0.3720351949613681,-0.42477219371265235,0.5014865261694402,-0.3005301353349685,-0.34562363251582434,-0.2787860242320479,0.37154979438465885,-1.0862422637146554,-0.34195476764483496,-0.27986016484131826,-0.12459000680439548,-0.8118356434872271,1
0.05279758279323938,-0.3599988730018127,1.4200691187042478,0.517784243929682,-0.42477219371265235,0.5014865261694402,0.5355088724952519,0.5006579663412959,0.5859260722066093,0.37154979438465885,0.7084336547222841,0.4891314965542483,0.6107564396878027,-0.12459000680439548,0.06316909981819177,1
1.5704055200796414,1.4159942178659093,1.4200691187042478,1.4076036828207321,1.3257722081078593,1.3724478716182575,1.3715478803254724,1.346939565198416,1.4506381686452665,1.2477527413985403,0.7084336547222841,1.3202177607533314,1.5013730442169235,1.7064779362078242,-0.8118356434872271,2
1.5704055200796414,1.4159942178659093,1.4200691187042478,1.4076036828207321,0.4505000071976035,0.5014865261694402,1.3715478803254724,1.346939565198416,0.5859260722066093,1.2477527413985403,1.6057716139407539,1.3202177607533314,1.5013730442169235,-1.0401239783105054,0.06316909981819177,2
0.8116015514364405,-0.3599988730018127,-0.34283420437907763,-1.2618546338524181,-1.300044394622908,0.5014865261694402,-1.136569143165189,-1.1919052313729446,-1.143498120670705,0.37154979438465885,-1.0862422637146554,-0.34195476764483496,0.6107564396878027,-1.0401239783105054,-0.8118356434872271,1
0.05279758279323938,-0.3599988730018127,-0.34283420437907763,-0.3720351949613681,-0.42477219371265235,-0.36947481927937725,-1.136569143165189,-0.34562363251582434,-0.2787860242320479,-0.5046531526292226,1.6057716139407539,-1.1730410318439182,-1.1704767693704392,-1.0401239783105054,-0.8118356434872271,1
-0.7060063858499618,-0.3599988730018127,-0.34283420437907763,0.517784243929682,-0.42477219371265235,0.5014865261694402,-0.3005301353349685,0.5006579663412959,0.5859260722066093,0.37154979438465885,0.7084336547222841,-0.34195476764483496,-0.27986016484131826,0.7909439647017144,0.9381738431236107,1
1.5704055200796414,0.5279976724320483,-0.34283420437907763,0.517784243929682,-0.42477219371265235,-0.36947481927937725,-0.3005301353349685,1.346939565198416,-0.2787860242320479,0.37154979438465885,-0.1889043044961856,0.4891314965542483,-1.1704767693704392,-0.12459000680439548,0.9381738431236107,2
0.05279758279323938,0.5279976724320483,-0.34283420437907763,-0.3720351949613681,0.4505000071976035,-0.36947481927937725,-0.3005301353349685,1.346939565198416,1.4506381686452665,1.2477527413985403,0.7084336547222841,1.3202177607533314,1.5013730442169235,1.7064779362078242,1.8131785864290297,1
0.05279758279323938,-0.3599988730018127,0.538617457162585,0.517784243929682,0.4505000071976035,-0.36947481927937725,-0.3005301353349685,-0.34562363251582434,-0.2787860242320479,-0.5046531526292226,-0.1889043044961856,-0.34195476764483496,-0.27986016484131826,-0.12459000680439548,0.06316909981819177,1
1.5704055200796414,-0.3599988730018127,1.4200691187042478,1.4076036828207321,1.3257722081078593,1.3724478716182575,1.3715478803254724,-0.34562363251582434,0.5859260722066093,-0.5046531526292226,-0.1889043044961856,0.4891314965542483,0.6107564396878027,0.7909439647017144,0.06316909981819177,2
0.05279758279323938,-0.3599988730018127,-1.2242858659207403,0.517784243929682,1.3257722081078593,-1.2404361647281947,0.5355088724952519,0.5006579663412959,0.5859260722066093,0.37154979438465885,0.7084336547222841,-0.34195476764483496,-0.27986016484131826,1.7064779362078242,0.9381738431236107,1
0.8116015514364405,0.5279976724320483,0.538617457162585,1.4076036828207321,1.3257722081078593,0.5014865261694402,0.5355088724952519,1.346939565198416,0.5859260722066093,0.37154979438465885,0.7084336547222841,1.3202177607533314,0.6107564396878027,1.7064779362078242,0.9381738431236107,2
-0.7060063858499618,0.5279976724320483,-0.34283420437907763,-0.3720351949613681,-0.42477219371265235,-0.36947481927937725,-1.136569143165189,1.346939565198416,-1.143498120670705,-0.5046531526292226,-0.1889043044961856,-0.34195476764483496,-1.1704767693704392,-1.0401239783105054,0.06316909981819177,1
0.8116015514364405,1.4159942178659093,1.4200691187042478,0.517784243929682,-0.42477219371265235,0.5014865261694402,0.5355088724952519,-0.34562363251582434,-0.2787860242320479,0.37154979438465885,-1.0862422637146554,0.4891314965542483,-1.1704767693704392,-1.0401239783105054,-0.8118356434872271,1
0.05279758279323938,-0.3599988730018127,-0.34283420437907763,-0.3720351949613681,-0.42477219371265235,0.5014865261694402,-0.3005301353349685,-0.34562363251582434,-0.2787860242320479,-0.5046531526292226,-1.0862422637146554,-0.34195476764483496,-0.27986016484131826,-1.0401239783105054,-0.8118356434872271,1
-1.4648103544931628,-1.2479954184356736,0.538617457162585,0.517784243929682,0.4505000071976035,0.5014865261694402,0.5355088724952519,1.346939565198416,-0.2787860242320479,0.37154979438465885,-0.1889043044961856,0.4891314965542483,0.6107564396878027,0.7909439647017144,0.9381738431236107,1
0.05279758279323938,-0.3599988730018127,1.4200691187042478,1.4076036828207321,0.4505000071976035,0.5014865261694402,0.5355088724952519,-0.34562363251582434,-1.143498120670705,1.2477527413985403,1.6057716139407539,-0.34195476764483496,-0.27986016484131826,-1.0401239783105054,-0.8118356434872271,1
0.8116015514364405,1.4159942178659093,1.4200691187042478,1.4076036828207321,1.3257722081078593,0.5014865261694402,1.3715478803254724,1.346939565198416,0.5859260722066093,1.2477527413985403,0.7084336547222841,1.3202177607533314,1.5013730442169235,0.7909439647017144,1.8131785864290297,2
0.05279758279323938,-0.3599988730018127,0.538617457162585,0.517784243929682,-0.42477219371265235,-0.36947481927937725,0.5355088724952519,0.5006579663412959,-0.2787860242320479,-0.5046531526292226,-0.1889043044961856,0.4891314965542483,0.6107564396878027,-0.12459000680439548,0.06316909981819177,1
0.05279758279323938,0.5279976724320483,0.538617457162585,0.517784243929682,0.4505000071976035,0.5014865261694402,0.5355088724952519,0.5006579663412959,0.5859260722066093,0.37154979438465885,1.6057716139407539,1.3202177607533314,1.5013730442169235,0.7909439647017144,0.9381738431236107,1
0.05279758279323938,0.5279976724320483,-1.2242858659207403,0.517784243929682,1.3257722081078593,1.3724478716182575,0.5355088724952519,1.346939565198416,0.5859260722066093,1.2477527413985403,1.6057716139407539,0.4891314965542483,-1.1704767693704392,0.7909439647017144,0.9381738431236107,1
-0.7060063858499618,1.4159942178659093,-0.34283420437907763,1.4076036828207321,1.3257722081078593,0.5014865261694402,1.3715478803254724,1.346939565198416,1.4506381686452665,1.2477527413985403,-0.1889043044961856,1.3202177607533314,1.5013730442169235,1.7064779362078242,1.8131785864290297,2
0.05279758279323938,0.5279976724320483,0.538617457162585,1.4076036828207321,1.3257722081078593,0.5014865261694402,1.3715478803254724,1.346939565198416,0.5859260722066093,1.2477527413985403,-0.1889043044961856,1.3202177607533314,1.5013730442169235,0.7909439647017144,1.8131785864290297,2
0.05279758279323938,-0.3599988730018127,-0.34283420437907763,-0.3720351949613681,0.4505000071976035,-0.36947481927937725,-0.3005301353349685,-0.34562363251582434,-1.143498120670705,-0.5046531526292226,-1.0862422637146554,-0.34195476764483496,-0.27986016484131826,-0.12459000680439548,-0.8118356434872271,1
0.05279758279323938,-1.2479954184356736,-1.2242858659207403,-1.2618546338524181,-1.300044394622908,-1.2404361647281947,-1.136569143165189,-1.1919052313729446,-1.143498120670705,-1.380856099643104,-1.0862422637146554,-1.1730410318439182,-1.1704767693704392,-1.0401239783105054,-0.8118356434872271,0
0.8116015514364405,1.4159942178659093,1.4200691187042478,0.517784243929682,0.4505000071976035,-0.36947481927937725,-0.3005301353349685,0.5006579663412959,0.5859260722066093,0.37154979438465885,-1.0862422637146554,0.4891314965542483,0.6107564396878027,-0.12459000680439548,-0.8118356434872271,2
0.8116015514364405,1.4159942178659093,1.4200691187042478,1.4076036828207321,1.3257722081078593,1.3724478716182575,1.3715478803254724,1.346939565198416,1.4506381686452665,1.2477527413985403,1.6057716139407539,1.3202177607533314,1.5013730442169235,-0.12459000680439548,1.8131785864290297,2
0.05279758279323938,-0.3599988730018127,-0.34283420437907763,0.517784243929682,-0.42477219371265235,-1.2404361647281947,-1.136569143165189,-1.1919052313729446,-1.143498120670705,-0.5046531526292226,-0.1889043044961856,-1.1730410318439182,-0.27986016484131826,-0.12459000680439548,-0.8118356434872271,1
0.05279758279323938,-0.3599988730018127,0.538617457162585,0.517784243929682,0.4505000071976035,0.5014865261694402,0.5355088724952519,0.5006579663412959,0.5859260722066093,0.37154979438465885,0.7084336547222841,0.4891314965542483,0.6107564396878027,0.7909439647017144,-0.8118356434872271,1
-0.7060063858499618,-0.3599988730018127,-0.34283420437907763,-1.2618546338524181,-0.42477219371265235,0.5014865261694402,-0.3005301353349685,-1.1919052313729446,0.5859260722066093,-1.380856099643104,-1.0862422637146554,-1.1730410318439182,-1.1704767693704392,-0.12459000680439548,-0.8118356434872271,1
0.05279758279323938,-0.3599988730018127,-0.34283420437907763,-1.2618546338524181,-1.300044394622908,-0.36947481927937725,-1.136569143165189,-1.1919052313729446,-1.143498120670705,-1.380856099643104,-0.1889043044961856,-1.1730410318439182,-1.1704767693704392,-1.0401239783105054,-0.8118356434872271,1
0.05279758279323938,0.5279976724320483,0.538617457162585,0.517784243929682,0.4505000071976035,0.5014865261694402,0.5355088724952519,0.5006579663412959,0.5859260722066093,0.37154979438465885,0.7084336547222841,0.4891314965542483,0.6107564396878027,0.7909439647017144,0.9381738431236107,1
0.05279758279323938,1.4159942178659093,-0.34283420437907763,-1.2618546338524181,1.3257722081078593,1.3724478716182575,-1.136569143165189,-0.34562363251582434,-0.2787860242320479,-0.5046531526292226,-0.1889043044961856,-0.34195476764483496,-0.27986016484131826,-0.12459000680439548,0.06316909981819177,1
0.8116015514364405,1.4159942178659093,-1.2242858659207403,1.4076036828207321,1.3257722081078593,1.3724478716182575,1.3715478803254724,1.346939565198416,0.5859260722066093,1.2477527413985403,1.6057716139407539,1.3202177607533314,1.5013730442169235,-0.12459000680439548,0.06316909981819177,2
0.05279758279323938,1.4159942178659093,1.4200691187042478,1.4076036828207321,1.3257722081078593,1.3724478716182575,1.3715478803254724,1.346939565198416,1.4506381686452665,1.2477527413985403,1.6057716139407539,1.3202177607533314,0.6107564396878027,-0.12459000680439548,1.8131785864290297,2
-1.4648103544931628,-1.2479954184356736,0.538617457162585,0.517784243929682,-1.300044394622908,-1.2404361647281947,-1.136569143165189,-1.1919052313729446,-1.143498120670705,0.37154979438465885,-1.0862422637146554,-1.1730410318439182,0.6107564396878027,-1.0401239783105054,-0.8118356434872271,0
-0.7060063858499618,0.5279976724320483,0.538617457162585,0.517784243929682,0.4505000071976035,1.3724478716182575,1.3715478803254724,0.5006579663412959,0.5859260722066093,-0.5046531526292226,0.7084336547222841,0.4891314965542483,0.6107564396878027,0.7909439647017144,0.9381738431236107,2
-0.7060063858499618,-1.2479954184356736,-0.34283420437907763,-1.2618546338524181,-1.300044394622908,-1.2404361647281947,-1.136569143165189,-1.1919052313729446,-1.143498120670705,-1.380856099643104,-1.0862422637146554,-1.1730410318439182,0.6107564396878027,-1.0401239783105054,0.06316909981819177,0
1.5704055200796414,1.4159942178659093,1.4200691187042478,0.517784243929682,1.3257722081078593,0.5014865261694402,1.3715478803254724,0.5006579663412959,-0.2787860242320479,0.37154979438465885,-0.1889043044961856,1.3202177607533314,-0.27986016484131826,0.7909439647017144,1.8131785864290297,2
0.05279758279323938,-0.3599988730018127,-0.34283420437907763,-0.3720351949613681,-0.42477219371265235,-1.2404361647281947,-1.136569143165189,-1.1919052313729446,-1.143498120670705,-1.380856099643104,-1.0862422637146554,-1.1730410318439182,-1.1704767693704392,-1.0401239783105054,-0.8118356434872271,1
-0.7060063858499618,0.5279976724320483,1.4200691187042478,0.517784243929682,1.3257722081078593,1.3724478716182575,1.3715478803254724,1.346939565198416,0.5859260722066093,1.2477527413985403,-0.1889043044961856,1.3202177607533314,1.5013730442169235,1.7064779362078242,1.8131785864290297,2
0.05279758279323938,-1.2479954184356736,-1.2242858659207403,-1.2618546338524181,-1.300044394622908,-1.2404361647281947,-1.136569143165189,-1.1919052313729446,-1.143498120670705,-1.380856099643104,-1.0862422637146554,-1.1730410318439182,-1.1704767693704392,-1.0401239783105054,-0.8118356434872271,0
1.5704055200796414,0.5279976724320483,1.4200691187042478,1.4076036828207321,0.4505000071976035,0.5014865261694402,1.3715478803254724,1.346939565198416,1.4506381686452665,1.2477527413985403,-0.1889043044961856,0.4891314965542483,1.5013730442169235,1.7064779362078242,0.06316909981819177,2
-0.7060063858499618,-0.3599988730018127,0.538617457162585,0.517784243929682,-1.300044394622908,-0.36947481927937725,-1.136569143165189,-0.34562363251582434,1.4506381686452665,0.37154979438465885,0.7084336547222841,-0.34195476764483496,0.6107564396878027,-0.12459000680439548,-0.8118356434872271,1
-1.4648103544931628,-1.2479954184356736,-1.2242858659207403,-1.2618546338524181,-1.300044394622908,-0.36947481927937725,-1.136569143165189,-1.1919052313729446,-1.143498120670705,-0.5046531526292226,0.7084336547222841,-0.34195476764483496,-0.27986016484131826,-1.0401239783105054,-0.8118356434872271,0
0.8116015514364405,-0.3599988730018127,0.538617457162585,-0.3720351949613681,-0.42477219371265235,1.3724478716182575,0.5355088724952519,0.5006579663412959,0.5859260722066093,0.37154979438465885,0.7084336547222841,0.4891314965542483,0.6107564396878027,0.7909439647017144,0.9381738431236107,1
1.5704055200796414,-0.3599988730018127,1.4200691187042478,0.517784243929682,-0.42477219371265235,1.3724478716182575,0.5355088724952519,-0.34562363251582434,-0.2787860242320479,0.37154979438465885,0.7084336547222841,0.4891314965542483,0.6107564396878027,0.7909439647017144,0.06316909981819177,1
0.05279758279323938,0.5279976724320483,-0.34283420437907763,-0.3720351949613681,0.4505000071976035,0.5014865261694402,-0.3005301353349685,0.5006579663412959,1.4506381686452665,1.2477527413985403,1.6057716139407539,1.3202177607533314,1.5013730442169235,0.7909439647017144,-0.8118356434872271,1
0.05279758279323938,-0.3599988730018127,-0.34283420437907763,-0.3720351949613681,1.3257722081078593,1.3724478716182575,1.3715478803254724,-0.34562363251582434,-0.2787860242320479,-0.5046531526292226,-0.1889043044961856,-0.34195476764483496,-0.27986016484131826,-0.12459000680439548,1.8131785864290297,1
0.05279758279323938,0.5279976724320483,0.538617457162585,1.4076036828207321,-0.42477219371265235,-0.36947481927937725,0.5355088724952519,-0.34562363251582434,-0.2787860242320479,0.37154979438465885,-0.1889043044961856,-0.34195476764483496,-0.27986016484131826,-0.12459000680439548,0.06316909981819177,1
0.05279758279323938,-0.3599988730018127,-0.34283420437907763,-0.3720351949613681,-0.42477219371265235,-0.36947481927937725,-0.3005301353349685,-1.1919052313729446,-0.2787860242320479,-0.5046531526292226,1.6057716139407539,-0.34195476764483496,-0.27986016484131826,-0.12459000680439548,0.06316909981819177,1
0.05279758279323938,-0.3599988730018127,1.4200691187042478,-0.3720351949613681,1.3257722081078593,1.3724478716182575,-0.3005301353349685,-0.34562363251582434,1.4506381686452665,-0.5046531526292226,-0.1889043044961856,-0.34195476764483496,-0.27986016484131826,-0.12459000680439548,-0.8118356434872271,1
0.8116015514364405,0.5279976724320483,-0.34283420437907763,-0.3720351949613681,-0.42477219371265235,0.5014865261694402,0.5355088724952519,-0.34562363251582434,0.5859260722066093,0.37154979438465885,-0.1889043044961856,-0.34195476764483496,-1.1704767693704392,-0.12459000680439548,-0.8118356434872271,1
-0.7060063858499618,0.5279976724320483,-0.34283420437907763,0.517784243929682,-0.42477219371265235,0.5014865261694402,-0.3005301353349685,-0.34562363251582434,-0.2787860242320479,1.2477527413985403,0.7084336547222841,-0.34195476764483496,-0.27986016484131826,-0.12459000680439548,0.06316909981819177,1
0.8116015514364405,-0.3599988730018127,-0.34283420437907763,0.517784243929682,-0.42477219371265235,-0.36947481927937725,-0.3005301353349685,-0.34562363251582434,-0.2787860242320479,-0.5046531526292226,-1.0862422637146554,-1.1730410318439182,-0.27986016484131826,-0.12459000680439548,-0.8118356434872271,1
0.8116015514364405,1.4159942178659093,-0.34283420437907763,0.517784243929682,0.4505000071976035,0.5014865261694402,0.5355088724952519,1.346939565198416,0.5859260722066093,1.2477527413985403,-0.1889043044961856,1.3202177607533314,-0.27986016484131826,0.7909439647017144,1.8131785864290297,2
-1.4648103544931628,-1.2479954184356736,-1.2242858659207403,-1.2618546338524181,-1.300044394622908,-1.2404361647281947,-1.136569143165189,-1.1919052313729446,-1.143498120670705,-1.380856099643104,-1.0862422637146554,-1.1730410318439182,-1.1704767693704392,-1.0401239783105054,-0.8118356434872271,0
0.05279758279323938,0.5279976724320483,-0.34283420437907763,0.517784243929682,-0.42477219371265235,-1.2404361647281947,-1.136569143165189,0.5006579663412959,-1.143498120670705,-0.5046531526292226,1.6057716139407539,1.3202177607533314,1.5013730442169235,1.7064779362078242,-0.8118356434872271,1
1.5704055200796414,0.5279976724320483,-0.34283420437907763,0.517784243929682,-0.42477219371265235,0.5014865261694402,0.5355088724952519,0.5006579663412959,0.5859260722066093,-0.5046531526292226,-0.1889043044961856,1.3202177607533314,0.6107564396878027,0.7909439647017144,-0.8118356434872271,1
0.05279758279323938,-0.3599988730018127,-0.34283420437907763,-0.3720351949613681,-0.42477219371265235,-0.36947481927937725,0.5355088724952519,-1.1919052313729446,-0.2787860242320479,-1.380856099643104,-0.1889043044961856,1.3202177607533314,-0.27986016484131826,-1.0401239783105054,-0.8118356434872271,1
1.5704055200796414,-1.2479954184356736,-1.2242858659207403,-1.2618546338524181,-1.300044394622908,-1.2404361647281947,-1.136569143165189,-1.1919052313729446,-1.143498120670705,-1.380856099643104,-1.0862422637146554,-1.1730410318439182,-1.1704767693704392,-1.0401239783105054,-0.8118356434872271,0
0.05279758279323938,-0.3599988730018127,1.4200691187042478,1.4076036828207321,-0.42477219371265235,1.3724478716182575,0.5355088724952519,0.5006579663412959,1.4506381686452665,0.37154979438465885,-0.1889043044961856,-1.1730410318439182,1.5013730442169235,0.7909439647017144,1.8131785864290297,2
0.8116015514364405,1.4159942178659093,1.4200691187042478,1.4076036828207321,1.3257722081078593,1.3724478716182575,1.3715478803254724,1.346939565198416,1.4506381686452665,1.2477527413985403,1.6057716139407539,1.3202177607533314,1.5013730442169235,1.7064779362078242,1.8131785864290297,2
0.05279758279323938,-0.3599988730018127,-0.34283420437907763,-0.3720351949613681,-0.42477219371265235,0.5014865261694402,-0.3005301353349685,-0.34562363251582434,-0.2787860242320479,-0.5046531526292226,-0.1889043044961856,-0.34195476764483496,-0.27986016484131826,-0.12459000680439548,-0.8118356434872271,1
0.05279758279323938,0.5279976724320483,-0.34283420437907763,-0.3720351949613681,0.4505000071976035,0.5014865261694402,-0.3005301353349685,-0.34562363251582434,-0.2787860242320479,0.37154979438465885,-1.0862422637146554,0.4891314965542483,1.5013730442169235,-1.0401239783105054,-0.8118356434872271,1
0.05279758279323938,0.5279976724320483,-0.34283420437907763,-0.3720351949613681,-0.42477219371265235,1.3724478716182575,0.5355088724952519,1.346939565198416,0.5859260722066093,1.2477527413985403,0.7084336547222841,-0.34195476764483496,1.5013730442169235,-0.12459000680439548,0.06316909981819177,1
1.5704055200796414,1.4159942178659093,1.4200691187042478,1.4076036828207321,1.3257722081078593,1.3724478716182575,1.3715478803254724,1.346939565198416,0.5859260722066093,1.2477527413985403,1.6057716139407539,1.3202177607533314,1.5013730442169235,-0.12459000680439548,1.8131785864290297,2
0.05279758279323938,1.4159942178659093,1.4200691187042478,1.4076036828207321,1.3257722081078593,1.3724478716182575,1.3715478803254724,1.346939565198416,1.4506381686452665,1.2477527413985403,1.6057716139407539,1.3202177607533314,1.5013730442169235,1.7064779362078242,0.06316909981819177,2
0.05279758279323938,-0.3599988730018127,-0.34283420437907763,0.517784243929682,-0.42477219371265235,-0.36947481927937725,-1.136569143165189,-0.34562363251582434,-1.143498120670705,-0.5046531526292226,0.7084336547222841,-0.34195476764483496,-0.27986016484131826,-0.12459000680439548,0.06316909981819177,1
1.5704055200796414,0.5279976724320483,0.538617457162585,1.4076036828207321,1.3257722081078593,0.5014865261694402,1.3715478803254724,0.5006579663412959,1.4506381686452665,1.2477527413985403,0.7084336547222841,1.3202177607533314,-0.27986016484131826,0.7909439647017144,-0.8118356434872271,2
0.05279758279323938,0.5279976724320483,0.538617457162585,0.517784243929682,0.4505000071976035,0.5014865261694402,0.5355088724952519,0.5006579663412959,0.5859260722066093,0.37154979438465885,0.7084336547222841,0.4891314965542483,0.6107564396878027,0.7909439647017144,-0.8118356434872271,1
1.5704055200796414,1.4159942178659093,-0.34283420437907763,0.517784243929682,0.4505000071976035,-0.36947481927937725,0.5355088724952519,-0.34562363251582434,-1.143498120670705,-0.5046531526292226,0.7084336547222841,1.3202177607533314,0.6107564396878027,-0.12459000680439548,0.9381738431236107,1
1.5704055200796414,0.5279976724320483,-0.34283420437907763,1.4076036828207321,1.3257722081078593,0.5014865261694402,1.3715478803254724,1.346939565198416,1.4506381686452665,-0.5046531526292226,-0.1889043044961856,-0.34195476764483496,-1.1704767693704392,-1.0401239783105054,-0.8118356434872271,1
0.05279758279323938,-0.3599988730018127,1.4200691187042478,-0.3720351949613681,0.4505000071976035,-0.36947481927937725,-0.3005301353349685,1.346939565198416,1.4506381686452665,1.2477527413985403,-1.0862422637146554,1.3202177607533314,1.5013730442169235,-0.12459000680439548,-0.8118356434872271,1
1.5704055200796414,1.4159942178659093,1.4200691187042478,1.4076036828207321,1.3257722081078593,-1.2404361647281947,1.3715478803254724,1.346939565198416,1.4506381686452665,1.2477527413985403,1.6057716139407539,1.3202177607533314,1.5013730442169235,1.7064779362078242,1.8131785864290297,2
-0.7060063858499618,1.4159942178659093,-0.34283420437907763,0.517784243929682,0.4505000071976035,1.3724478716182575,-0.3005301353349685,1.346939565198416,1.4506381686452665,1.2477527413985403,-0.1889043044961856,0.4891314965542483,0.6107564396878027,0.7909439647017144,1.8131785864290297,1
1.5704055200796414,0.5279976724320483,-0.34283420437907763,1.4076036828207321,1.3257722081078593,1.3724478716182575,1.3715478803254724,1.346939565198416,-0.2787860242320479,1.2477527413985403,-1.0862422637146554,1.3202177607533314,1.5013730442169235,1.7064779362078242,-0.8118356434872271,2
1.5704055200796414,1.4159942178659093,1.4200691187042478,1.4076036828207321,1.3257722081078593,1.3724478716182575,1.3715478803254724,1.346939565198416,1.4506381686452665,1.2477527413985403,1.6057716139407539,1.3202177607533314,1.5013730442169235,1.7064779362078242,1.8131785864290297,2
1.5704055200796414,1.4159942178659093,1.4200691187042478,1.4076036828207321,1.3257722081078593,1.3724478716182575,1.3715478803254724,1.346939565198416,1.4506381686452665,1.2477527413985403,-1.0862422637146554,1.3202177607533314,1.5013730442169235,1.7064779362078242,1.8131785864290297,2
1.5704055200796414,0.5279976724320483,-0.34283420437907763,-0.3720351949613681,-0.42477219371265235,-0.36947481927937725,-0.3005301353349685,0.5006579663412959,1.4506381686452665,1.2477527413985403,1.6057716139407539,1.3202177607533314,0.6107564396878027,0.7909439647017144,0.06316909981819177,1
0.8116015514364405,1.4159942178659093,1.4200691187042478,0.517784243929682,1.3257722081078593,0.5014865261694402,0.5355088724952519,0.5006579663412959,1.4506381686452665,0.37154979438465885,0.7084336547222841,0.4891314965542483,0.6107564396878027,1.7064779362078242,0.9381738431236107,2
1.5704055200796414,-0.3599988730018127,0.538617457162585,0.517784243929682,0.4505000071976035,0.5014865261694402,0.5355088724952519,0.5006579663412959,0.5859260722066093,0.37154979438465885,0.7084336547222841,0.4891314965542483,0.6107564396878027,0.7909439647017144,0.9381738431236107,1
0.8116015514364405,0.5279976724320483,0.538617457162585,1.4076036828207321,1.3257722081078593,0.5014865261694402,1.3715478803254724,1.346939565198416,1.4506381686452665,0.37154979438465885,1.6057716139407539,1.3202177607533314,0.6107564396878027,-0.12459000680439548,0.9381738431236107,2
1.5704055200796414,1.4159942178659093,1.4200691187042478,1.4076036828207321,1.3257722081078593,1.3724478716182575,1.3715478803254724,1.346939565198416,1.4506381686452665,1.2477527413985403,1.6057716139407539,1.3202177607533314,1.5013730442169235,1.7064779362078242,1.8131785864290297,2
0.05279758279323938,-1.2479954184356736,-0.34283420437907763,-0.3720351949613681,-0.42477219371265235,-0.36947481927937725,-0.3005301353349685,-0.34562363251582434,-0.2787860242320479,-0.5046531526292226,-0.1889043044961856,-0.34195476764483496,-0.27986016484131826,-0.12459000680439548,0.06316909981819177,1
0.05279758279323938,-1.2479954184356736,-0.34283420437907763,-0.3720351949613681,-0.42477219371265235,-1.2404361647281947,-0.3005301353349685,-1.1919052313729446,-1.143498120670705,-1.380856099643104,-1.0862422637146554,-1.1730410318439182,-1.1704767693704392,-1.0401239783105054,-0.8118356434872271,1
0.05279758279323938,-0.3599988730018127,-0.34283420437907763,-1.2618546338524181,-0.42477219371265235,-0.36947481927937725,-0.3005301353349685,0.5006579663412959,0.5859260722066093,0.37154979438465885,0.7084336547222841,0.4891314965542483,0.6107564396878027,-0.12459000680439548,0.06316909981819177,1
-1.4648103544931628,-1.2479954184356736,-0.34283420437907763,-1.2618546338524181,-1.300044394622908,-1.2404361647281947,-1.136569143165189,-1.1919052313729446,1.4506381686452665,1.2477527413985403,1.6057716139407539,-1.1730410318439182,-1.1704767693704392,-1.0401239783105054,-0.8118356434872271,0
1.5704055200796414,1.4159942178659093,-0.34283420437907763,0.517784243929682,1.3257722081078593,0.5014865261694402,1.3715478803254724,1.346939565198416,-0.2787860242320479,1.2477527413985403,1.6057716139407539,1.3202177607533314,1.5013730442169235,1.7064779362078242,1.8131785864290297,2
0.05279758279323938,-0.3599988730018127,0.538617457162585,1.4076036828207321,0.4505000071976035,-0.36947481927937725,0.5355088724952519,-0.34562363251582434,-0.2787860242320479,0.37154979438465885,-1.0862422637146554,-0.34195476764483496,1.5013730442169235,-0.12459000680439548,0.06316909981819177,1
-0.7060063858499618,-1.2479954184356736,-0.34283420437907763,-1.2618546338524181,-0.42477219371265235,-0.36947481927937725,-1.136569143165189,-1.1919052313729446,-0.2787860242320479,-1.380856099643104,-1.0862422637146554,-1.1730410318439182,-0.27986016484131826,-0.12459000680439548,-0.8118356434872271,0
1.5704055200796414,-0.3599988730018127,1.4200691187042478,-0.3720351949613681,-0.42477219371265235,-0.36947481927937725,1.3715478803254724,1.346939565198416,0.5859260722066093,1.2477527413985403,-1.0862422637146554,1.3202177607533314,0.6107564396878027,0.7909439647017144,0.06316909981819177,2
0.05279758279323938,-1.2479954184356736,-0.34283420437907763,-1.2618546338524181,0.4505000071976035,-0.36947481927937725,-1.136569143165189,-0.34562363251582434,-1.143498120670705,-0.5046531526292226,-0.1889043044961856,-1.1730410318439182,-0.27986016484131826,-0.12459000680439548,-0.8118356434872271,1
0.05279758279323938,1.4159942178659093,1.4200691187042478,1.4076036828207321,1.3257722081078593,1.3724478716182575,1.3715478803254724,0.5006579663412959,-0.2787860242320479,1.2477527413985403,0.7084336547222841,0.4891314965542483,1.5013730442169235,-0.12459000680439548,0.06316909981819177,2
0.05279758279323938,-0.3599988730018127,-0.34283420437907763,-0.3720351949613681,-0.42477219371265235,-0.36947481927937725,-0.3005301353349685,0.5006579663412959,-0.2787860242320479,-0.5046531526292226,1.6057716139407539,-0.34195476764483496,-0.27986016484131826,-0.12459000680439548,-0.8118356434872271,1
0.05279758279323938,1.4159942178659093,0.538617457162585,0.517784243929682,0.4505000071976035,0.5014865261694402,0.5355088724952519,0.5006579663412959,0.5859260722066093,0.37154979438465885,0.7084336547222841,0.4891314965542483,0.6107564396878027,0.7909439647017144,0.9381738431236107,2
0.05279758279323938,-0.3599988730018127,1.4200691187042478,-0.3720351949613681,1.3257722081078593,1.3724478716182575,0.5355088724952519,1.346939565198416,-0.2787860242320479,1.2477527413985403,-0.1889043044961856,0.4891314965542483,0.6107564396878027,-1.0401239783105054,-0.8118356434872271,1
-0.7060063858499618,-1.2479954184356736,-0.34283420437907763,0.517784243929682,-1.300044394622908,-0.36947481927937725,0.5355088724952519,-0.34562363251582434,-0.2787860242320479,-0.5046531526292226,-0.1889043044961856,-0.34195476764483496,-0.27986016484131826,-0.12459000680439548,0.06316909981819177,1
0.8116015514364405,1.4159942178659093,1.4200691187042478,1.4076036828207321,1.3257722081078593,-0.36947481927937725,0.5355088724952519,0.5006579663412959,-0.2787860242320479,1.2477527413985403,1.6057716139407539,-0.34195476764483496,1.5013730442169235,1.7064779362078242,-0.8118356434872271,2
-0.7060063858499618,-0.3599988730018127,0.538617457162585,-0.3720351949613681,-0.42477219371265235,-0.36947481927937725,-1.136569143165189,-1.1919052313729446,-1.143498120670705,0.37154979438465885,0.7084336547222841,-1.1730410318439182,0.6107564396878027,0.7909439647017144,-0.8118356434872271,1
0.05279758279323938,1.4159942178659093,1.4200691187042478,1.4076036828207321,1.3257722081078593,1.3724478716182575,1.3715478803254724,1.346939565198416,1.4506381686452665,1.2477527413985403,1.6057716139407539,1.3202177607533314,1.5013730442169235,1.7064779362078242,0.9381738431236107,2
1.5704055200796414,1.4159942178659093,0.538617457162585,1.4076036828207321,1.3257722081078593,0.5014865261694402,0.5355088724952519,1.346939565198416,1.4506381686452665,0.37154979438465885,0.7084336547222841,0.4891314965542483,1.5013730442169235,0.7909439647017144,0.9381738431236107,2
0.05279758279323938,0.5279976724320483,0.538617457162585,0.517784243929682,0.4505000071976035,0.5014865261694402,0.5355088724952519,0.5006579663412959,0.5859260722066093,0.37154979438465885,-0.1889043044961856,1.3202177607533314,1.5013730442169235,1.7064779362078242,0.06316909981819177,1
1.5704055200796414,0.5279976724320483,1.4200691187042478,1.4076036828207321,1.3257722081078593,1.3724478716182575,1.3715478803254724,1.346939565198416,0.5859260722066093,1.2477527413985403,0.7084336547222841,1.3202177607533314,1.5013730442169235,1.7064779362078242,-0.8118356434872271,2
1.5704055200796414,-0.3599988730018127,-0.34283420437907763,-0.3720351949613681,1.3257722081078593,-0.36947481927937725,-0.3005301353349685,1.346939565198416,1.4506381686452665,1.2477527413985403,1.6057716139407539,1.3202177607533314,1.5013730442169235,-0.12459000680439548,-0.8118356434872271,2
0.8116015514364405,0.5279976724320483,1.4200691187042478,-0.3720351949613681,1.3257722081078593,1.3724478716182575,0.5355088724952519,1.346939565198416,1.4506381686452665,1.2477527413985403,-0.1889043044961856,0.4891314965542483,0.6107564396878027,1.7064779362078242,-0.8118356434872271,2
-0.7060063858499618,-0.3599988730018127,0.538617457162585,0.517784243929682,0.4505000071976035,0.5014865261694402,-0.3005301353349685,-0.34562363251582434,0.5859260722066093,-0.5046531526292226,-0.1889043044961856,-0.34195476764483496,-0.27986016484131826,-0.12459000680439548,-0.8118356434872271,1
1.5704055200796414,1.4159942178659093,1.4200691187042478,1.4076036828207321,1.3257722081078593,1.3724478716182575,1.3715478803254724,1.346939565198416,1.4506381686452665,1.2477527413985403,0.7084336547222841,1.3202177607533314,0.6107564396878027,1.7064779362078242,1.8131785864290297,2
0.05279758279323938,-0.3599988730018127,-0.34283420437907763,-0.3720351949613681,-0.42477219371265235,1.3724478716182575,0.5355088724952519,-0.34562363251582434,0.5859260722066093,1.2477527413985403,0.7084336547222841,-0.34195476764483496,-0.27986016484131826,-0.12459000680439548,0.06316909981819177,1
0.05279758279323938,-0.3599988730018127,-0.34283420437907763,-0.3720351949613681,-1.300044394622908,-1.2404361647281947,-1.136569143165189,0.5006579663412959,-0.2787860242320479,-0.5046531526292226,-0.1889043044961856,-0.34195476764483496,-1.1704767693704392,-1.0401239783105054,0.06316909981819177,1
0.05279758279323938,0.5279976724320483,-0.34283420437907763,-0.3720351949613681,-0.42477219371265235,-0.36947481927937725,0.5355088724952519,0.5006579663412959,0.5859260722066093,0.37154979438465885,0.7084336547222841,0.4891314965542483,-0.27986016484131826,-0.12459000680439548,0.9381738431236107,1
0.05279758279323938,0.5279976724320483,-0.34283420437907763,1.4076036828207321,1.3257722081078593,1.3724478716182575,-0.3005301353349685,-0.34562363251582434,-0.2787860242320479,-0.5046531526292226,-0.1889043044961856,-0.34195476764483496,-0.27986016484131826,-0.12459000680439548,0.06316909981819177,1
0.8116015514364405,1.4159942178659093,0.538617457162585,0.517784243929682,0.4505000071976035,0.5014865261694402,-0.3005301353349685,0.5006579663412959,-0.2787860242320479,0.37154979438465885,0.7084336547222841,-0.34195476764483496,0.6107564396878027,-0.12459000680439548,0.06316909981819177,1
0.05279758279323938,0.5279976724320483,-1.2242858659207403,0.517784243929682,0.4505000071976035,0.5014865261694402,0.5355088724952519,0.5006579663412959,0.5859260722066093,0.37154979438465885,0.7084336547222841,0.4891314965542483,0.6107564396878027,0.7909439647017144,0.9381738431236107,1
0.05279758279323938,1.4159942178659093,-0.34283420437907763,0.517784243929682,0.4505000071976035,1.3724478716182575,0.5355088724952519,0.5006579663412959,-1.143498120670705,0.37154979438465885,0.7084336547222841,0.4891314965542483,0.6107564396878027,0.7909439647017144,0.9381738431236107,1
1.5704055200796414,0.5279976724320483,-1.2242858659207403,0.517784243929682,0.4505000071976035,0.5014865261694402,0.5355088724952519,0.5006579663412959,-0.2787860242320479,0.37154979438465885,-0.1889043044961856,0.4891314965542483,-1.1704767693704392,-0.12459000680439548,-0.8118356434872271,1
-1.4648103544931628,-1.2479954184356736,-1.2242858659207403,-1.2618546338524181,-0.42477219371265235,-0.36947481927937725,-1.136569143165189,-0.34562363251582434,-1.143498120670705,0.37154979438465885,1.6057716139407539,-1.1730410318439182,0.6107564396878027,-1.0401239783105054,-0.8118356434872271,1
-0.7060063858499618,-0.3599988730018127,-0.34283420437907763,0.517784243929682,-0.42477219371265235,0.5014865261694402,0.5355088724952519,1.346939565198416,-0.2787860242320479,0.37154979438465885,-0.1889043044961856,0.4891314965542483,0.6107564396878027,0.7909439647017144,0.9381738431236107,1
0.05279758279323938,-1.2479954184356736,-1.2242858659207403,-1.2618546338524181,-1.300044394622908,-1.2404361647281947,-1.136569143165189,-0.34562363251582434,-0.2787860242320479,0.37154979438465885,-1.0862422637146554,-1.1730410318439182,0.6107564396878027,0.7909439647017144,-0.8118356434872271,0
0.05279758279323938,1.4159942178659093,-0.34283420437907763,-0.3720351949613681,-0.42477219371265235,-1.2404361647281947,1.3715478803254724,-0.34562363251582434,-0.2787860242320479,-0.5046531526292226,-0.1889043044961856,1.3202177607533314,-0.27986016484131826,-0.12459000680439548,-0.8118356434872271,1
0.05279758279323938,1.4159942178659093,-0.34283420437907763,0.517784243929682,0.4505000071976035,0.5014865261694402,-0.3005301353349685,1.346939565198416,1.4506381686452665,1.2477527413985403,1.6057716139407539,1.3202177607533314,0.6107564396878027,1.7064779362078242,1.8131785864290297,1
-0.7060063858499618,-0.3599988730018127,-0.34283420437907763,-0.3720351949613681,-0.42477219371265235,-1.2404361647281947,-0.3005301353349685,-0.34562363251582434,-1.143498120670705,-0.5046531526292226,-1.0862422637146554,-1.1730410318439182,-1.1704767693704392,-1.0401239783105054,-0.8118356434872271,0
0.8116015514364405,0.5279976724320483,0.538617457162585,0.517784243929682,0.4505000071976035,1.3724478716182575,0.5355088724952519,-1.1919052313729446,-1.143498120670705,0.37154979438465885,0.7084336547222841,1.3202177607533314,-0.27986016484131826,0.7909439647017144,0.9381738431236107,1
0.8116015514364405,0.5279976724320483,1.4200691187042478,0.517784243929682,-0.42477219371265235,0.5014865261694402,-0.3005301353349685,0.5006579663412959,-0.2787860242320479,0.37154979438465885,-1.0862422637146554,-0.34195476764483496,-1.1704767693704392,-1.0401239783105054,-0.8118356434872271,1
-0.7060063858499618,-0.3599988730018127,0.538617457162585,0.517784243929682,1.3257722081078593,0.5014865261694402,0.5355088724952519,0.5006579663412959,-1.143498120670705,1.2477527413985403,-1.0862422637146554,1.3202177607533314,0.6107564396878027,1.7064779362078242,0.06316909981819177,1
0.05279758279323938,-0.3599988730018127,-0.34283420437907763,-0.3720351949613681,1.3257722081078593,1.3724478716182575,1.3715478803254724,1.346939565198416,1.4506381686452665,0.37154979438465885,-0.1889043044961856,1.3202177607533314,-0.27986016484131826,1.7064779362078242,1.8131785864290297,1
0.05279758279323938,0.5279976724320483,0.538617457162585,-0.3720351949613681,1.3257722081078593,1.3724478716182575,-1.136569143165189,0.5006579663412959,1.4506381686452665,1.2477527413985403,0.7084336547222841,-0.34195476764483496,-1.1704767693704392,0.7909439647017144,-0.8118356434872271,1
1.5704055200796414,0.5279976724320483,-1.2242858659207403,1.4076036828207321,1.3257722081078593,1.3724478716182575,1.3715478803254724,1.346939565198416,1.4506381686452665,1.2477527413985403,1.6057716139407539,1.3202177607533314,1.5013730442169235,1.7064779362078242,1.8131785864290297,2
-1.4648103544931628,-1.2479954184356736,-1.2242858659207403,-1.2618546338524181,-1.300044394622908,-1.2404361647281947,-1.136569143165189,-1.1919052313729446,-1.143498120670705,-1.380856099643104,-1.0862422637146554,-1.1730410318439182,-1.1704767693704392,-1.0401239783105054,-0.8118356434872271,0
-1.4648103544931628,-1.2479954184356736,-1.2242858659207403,-1.2618546338524181,-1.300044394622908,-1.2404361647281947,-1.136569143165189,-1.1919052313729446,-1.143498120670705,-1.380856099643104,-1.0862422637146554,-1.1730410318439182,-1.1704767693704392,-1.0401239783105054,-0.8118356434872271,0
0.05279758279323938,1.4159942178659093,0.538617457162585,0.517784243929682,0.4505000071976035,0.5014865261694402,1.3715478803254724,-0.34562363251582434,0.5859260722066093,0.37154979438465885,0.7084336547222841,1.3202177607533314,-0.27986016484131826,-0.12459000680439548,-0.8118356434872271,1
1.5704055200796414,1.4159942178659093,1.4200691187042478,0.517784243929682,1.3257722081078593,1.3724478716182575,0.5355088724952519,0.5006579663412959,-0.2787860242320479,0.37154979438465885,-0.1889043044961856,1.3202177607533314,1.5013730442169235,0.7909439647017144,1.8131785864290297,2
0.05279758279323938,-0.3599988730018127,-0.34283420437907763,-0.3720351949613681,-0.42477219371265235,-0.36947481927937725,-0.3005301353349685,-0.34562363251582434,-0.2787860242320479,-0.5046531526292226,-0.1889043044961856,-0.34195476764483496,-0.27986016484131826,-0.12459000680439548,0.06316909981819177,1
0.05279758279323938,0.5279976724320483,-0.34283420437907763,0.517784243929682,0.4505000071976035,-0.36947481927937725,0.5355088724952519,0.5006579663412959,0.5859260722066093,-0.5046531526292226,0.7084336547222841,0.4891314965542483,0.6107564396878027,0.7909439647017144,-0.8118356434872271,1
0.8116015514364405,0.5279976724320483,1.4200691187042478,0.517784243929682,0.4505000071976035,1.3724478716182575,0.5355088724952519,1.346939565198416,1.4506381686452665,1.2477527413985403,1.6057716139407539,1.3202177607533314,1.5013730442169235,1.7064779362078242,0.9381738431236107,2
1.5704055200796414,0.5279976724320483,1.4200691187042478,1.4076036828207321,1.3257722081078593,1.3724478716182575,0.5355088724952519,1.346939565198416,1.4506381686452665,1.2477527413985403,1.6057716139407539,1.3202177607533314,1.5013730442169235,-1.0401239783105054,1.8131785864290297,2
-0.7060063858499618,-0.3599988730018127,-0.34283420437907763,0.517784243929682,0.4505000071976035,1.3724478716182575,1.3715478803254724,1.346939565198416,0.5859260722066093,0.37154979438465885,0.7084336547222841,0.4891314965542483,1.5013730442169235,0.7909439647017144,0.9381738431236107,1
0.8116015514364405,0.5279976724320483,0.538617457162585,0.517784243929682,0.4505000071976035,-0.36947481927937725,-0.3005301353349685,1.346939565198416,1.4506381686452665,1.2477527413985403,1.6057716139407539,1.3202177607533314,1.5013730442169235,1.7064779362078242,1.8131785864290297,1
0.8116015514364405,1.4159942178659093,1.4200691187042478,0.517784243929682,1.3257722081078593,1.3724478716182575,0.5355088724952519,1.346939565198416,1.4506381686452665,1.2477527413985403,1.6057716139407539,0.4891314965542483,1.5013730442169235,1.7064779362078242,0.9381738431236107,2
0.8116015514364405,0.5279976724320483,0.538617457162585,0.517784243929682,1.3257722081078593,0.5014865261694402,1.3715478803254724,0.5006579663412959,1.4506381686452665,1.2477527413985403,1.6057716139407539,1.3202177607533314,0.6107564396878027,-0.12459000680439548,0.06316909981819177,2
0.05279758279323938,0.5279976724320483,-0.34283420437907763,-0.3720351949613681,0.4505000071976035,0.5014865261694402,-1.136569143165189,-1.1919052313729446,0.5859260722066093,-0.5046531526292226,-0.1889043044961856,-1.1730410318439182,0.6107564396878027,-1.0401239783105054,-0.8118356434872271,1
0.05279758279323938,0.5279976724320483,-0.34283420437907763,-0.3720351949613681,-0.42477219371265235,-0.36947481927937725,-0.3005301353349685,-0.34562363251582434,0.5859260722066093,0.37154979438465885,-0.1889043044961856,-0.34195476764483496,-0.27986016484131826,-0.12459000680439548,0.06316909981819177,1
0.8116015514364405,-1.2479954184356736,-0.34283420437907763,-0.3720351949613681,-0.42477219371265235,-0.36947481927937725,-0.3005301353349685,-0.34562363251582434,-0.2787860242320479,0.37154979438465885,-1.0862422637146554,1.3202177607533314,-0.27986016484131826,-0.12459000680439548,-0.8118356434872271,1
0.05279758279323938,-0.3599988730018127,-0.34283420437907763,-0.3720351949613681,-1.300044394622908,-1.2404361647281947,-1.136569143165189,-1.1919052313729446,-1.143498120670705,-1.380856099643104,-1.0862422637146554,-1.1730410318439182,-1.1704767693704392,-1.0401239783105054,-0.8118356434872271,0
1.5704055200796414,1.4159942178659093,1.4200691187042478,0.517784243929682,1.3257722081078593,0.5014865261694402,1.3715478803254724,1.346939565198416,0.5859260722066093,1.2477527413985403,1.6057716139407539,1.3202177607533314,1.5013730442169235,1.7064779362078242,0.9381738431236107,2
0.8116015514364405,0.5279976724320483,-0.34283420437907763,-0.3720351949613681,-0.42477219371265235,-0.36947481927937725,-0.3005301353349685,-0.34562363251582434,0.5859260722066093,0.37154979438465885,-0.1889043044961856,-0.34195476764483496,-0.27986016484131826,-1.0401239783105054,-0.8118356434872271,1
0.05279758279323938,-0.3599988730018127,-0.34283420437907763,-0.3720351949613681,-0.42477219371265235,-0.36947481927937725,-0.3005301353349685,-0.34562363251582434,-0.2787860242320479,0.37154979438465885,-1.0862422637146554,-0.34195476764483496,-0.27986016484131826,-0.12459000680439548,0.06316909981819177,1
0.05279758279323938,-0.3599988730018127,-0.34283420437907763,-0.3720351949613681,-0.42477219371265235,-0.36947481927937725,-0.3005301353349685,-0.34562363251582434,-0.2787860242320479,-0.5046531526292226,-0.1889043044961856,-0.34195476764483496,-0.27986016484131826,-0.12459000680439548,0.06316909981819177,1
1.5704055200796414,1.4159942178659093,0.538617457162585,1.4076036828207321,1.3257722081078593,1.3724478716182575,-0.3005301353349685,1.346939565198416,1.4506381686452665,0.37154979438465885,0.7084336547222841,1.3202177607533314,1.5013730442169235,1.7064779362078242,-0.8118356434872271,2
-1.4648103544931628,-1.2479954184356736,-1.2242858659207403,-1.2618546338524181,-1.300044394622908,-0.36947481927937725,-1.136569143165189,-1.1919052313729446,-0.2787860242320479,-0.5046531526292226,-1.0862422637146554,-1.1730410318439182,-1.1704767693704392,0.7909439647017144,-0.8118356434872271,0
1.5704055200796414,1.4159942178659093,1.4200691187042478,1.4076036828207321,1.3257722081078593,-1.2404361647281947,1.3715478803254724,1.346939565198416,1.4506381686452665,1.2477527413985403,-0.1889043044961856,1.3202177607533314,1.5013730442169235,-0.12459000680439548,1.8131785864290297,2
1.5704055200796414,1.4159942178659093,1.4200691187042478,1.4076036828207321,1.3257722081078593,1.3724478716182575,1.3715478803254724,1.346939565198416,1.4506381686452665,1.2477527413985403,-1.0862422637146554,1.3202177607533314,1.5013730442169235,1.7064779362078242,-0.8118356434872271,2
0.05279758279323938,1.4159942178659093,0.538617457162585,0.517784243929682,0.4505000071976035,0.5014865261694402,1.3715478803254724,0.5006579663412959,0.5859260722066093,0.37154979438465885,0.7084336547222841,0.4891314965542483,0.6107564396878027,0.7909439647017144,0.9381738431236107,2
0.05279758279323938,1.4159942178659093,0.538617457162585,-0.3720351949613681,-0.42477219371265235,-0.36947481927937725,-0.3005301353349685,0.5006579663412959,1.4506381686452665,0.37154979438465885,-0.1889043044961856,0.4891314965542483,-0.27986016484131826,0.7909439647017144,-0.8118356434872271,1
0.8116015514364405,0.5279976724320483,-0.34283420437907763,1.4076036828207321,1.3257722081078593,1.3724478716182575,-0.3005301353349685,1.346939565198416,-0.2787860242320479,1.2477527413985403,-0.1889043044961856,1.3202177607533314,-0.27986016484131826,-0.12459000680439548,1.8131785864290297,2
0.05279758279323938,0.5279976724320483,0.538617457162585,0.517784243929682,0.4505000071976035,0.5014865261694402,-0.3005301353349685,1.346939565198416,0.5859260722066093,0.37154979438465885,0.7084336547222841,1.3202177607533314,0.6107564396878027,-0.12459000680439548,-0.8118356434872271,1
-0.7060063858499618,-0.3599988730018127,-0.34283420437907763,-0.3720351949613681,-0.42477219371265235,-0.36947481927937725,-0.3005301353349685,-0.34562363251582434,-0.2787860242320479,-0.5046531526292226,-0.1889043044961856,-0.34195476764483496,-0.27986016484131826,-0.12459000680439548,0.06316909981819177,1
0.8116015514364405,0.5279976724320483,1.4200691187042478,1.4076036828207321,0.4505000071976035,-0.36947481927937725,-0.3005301353349685,1.346939565198416,0.5859260722066093,1.2477527413985403,0.7084336547222841,0.4891314965542483,-0.27986016484131826,-1.0401239783105054,-0.8118356434872271,2
0.05279758279323938,-0.3599988730018127,-0.34283420437907763,1.4076036828207321,-0.42477219371265235,-0.36947481927937725,-0.3005301353349685,1.346939565198416,-0.2787860242320479,-0.5046531526292226,-0.1889043044961856,-0.34195476764483496,-0.27986016484131826,-0.12459000680439548,0.06316909981819177,1
0.05279758279323938,1.4159942178659093,-1.2242858659207403,1.4076036828207321,0.4505000071976035,1.3724478716182575,-0.3005301353349685,-0.34562363251582434,0.5859260722066093,0.37154979438465885,0.7084336547222841,1.3202177607533314,-0.27986016484131826,0.7909439647017144,0.06316909981819177,2
-1.4648103544931628,0.5279976724320483,-0.34283420437907763,-0.3720351949613681,-0.42477219371265235,0.5014865261694402,0.5355088724952519,0.5006579663412959,0.5859260722066093,0.37154979438465885,1.6057716139407539,-0.34195476764483496,-1.1704767693704392,0.7909439647017144,1.8131785864290297,2
1.5704055200796414,1.4159942178659093,1.4200691187042478,1.4076036828207321,1.3257722081078593,1.3724478716182575,1.3715478803254724,1.346939565198416,1.4506381686452665,1.2477527413985403,1.6057716139407539,1.3202177607533314,1.5013730442169235,1.7064779362078242,1.8131785864290297,2
0.05279758279323938,-1.2479954184356736,0.538617457162585,0.517784243929682,-1.300044394622908,-0.36947481927937725,0.5355088724952519,0.5006579663412959,-0.2787860242320479,0.37154979438465885,0.7084336547222841,0.4891314965542483,-0.27986016484131826,0.7909439647017144,0.06316909981819177,1
-0.7060063858499618,1.4159942178659093,-0.34283420437907763,-0.3720351949613681,1.3257722081078593,1.3724478716182575,1.3715478803254724,-0.34562363251582434,-0.2787860242320479,-0.5046531526292226,-0.1889043044961856,-0.34195476764483496,-0.27986016484131826,-0.12459000680439548,-0.8118356434872271,1
-0.7060063858499618,-0.3599988730018127,-0.34283420437907763,-0.3720351949613681,-0.42477219371265235,-0.36947481927937725,-0.3005301353349685,0.5006579663412959,0.5859260722066093,0.37154979438465885,0.7084336547222841,0.4891314965542483,0.6107564396878027,0.7909439647017144,0.9381738431236107,1
-1.4648103544931628,-0.3599988730018127,1.4200691187042478,0.517784243929682,0.4505000071976035,0.5014865261694402,-0.3005301353349685,-0.34562363251582434,1.4506381686452665,1.2477527413985403,1.6057716139407539,0.4891314965542483,-0.27986016484131826,-0.12459000680439548,0.06316909981819177,1
0.8116015514364405,-1.2479954184356736,-1.2242858659207403,0.517784243929682,-1.300044394622908,-0.36947481927937725,-1.136569143165189,0.5006579663412959,0.5859260722066093,0.37154979438465885,0.7084336547222841,0.4891314965542483,0.6107564396878027,1.7064779362078242,1.8131785864290297,1
-1.4648103544931628,-1.2479954184356736,-0.34283420437907763,-0.3720351949613681,-0.42477219371265235,-0.36947481927937725,-1.136569143165189,-0.34562363251582434,-0.2787860242320479,-0.5046531526292226,-1.0862422637146554,-1.1730410318439182,-0.27986016484131826,-0.12459000680439548,-0.8118356434872271,0
0.05279758279323938,-0.3599988730018127,0.538617457162585,0.517784243929682,-0.42477219371265235,-1.2404361647281947,-0.3005301353349685,0.5006579663412959,-0.2787860242320479,0.37154979438465885,-1.0862422637146554,-1.1730410318439182,-0.27986016484131826,-1.0401239783105054,-0.8118356434872271,1
0.8116015514364405,-1.2479954184356736,-0.34283420437907763,1.4076036828207321,1.3257722081078593,-0.36947481927937725,1.3715478803254724,1.346939565198416,1.4506381686452665,1.2477527413985403,-0.1889043044961856,1.3202177607533314,1.5013730442169235,1.7064779362078242,1.8131785864290297,1
0.05279758279323938,-0.3599988730018127,0.538617457162585,-0.3720351949613681,-0.42477219371265235,-0.36947481927937725,-0.3005301353349685,-0.34562363251582434,0.5859260722066093,0.37154979438465885,1.6057716139407539,0.4891314965542483,-0.27986016484131826,1.7064779362078242,0.9381738431236107,1
0.05279758279323938,0.5279976724320483,0.538617457162585,0.517784243929682,1.3257722081078593,1.3724478716182575,0.5355088724952519,0.5006579663412959,0.5859260722066093,0.37154979438465885,1.6057716139407539,-0.34195476764483496,1.5013730442169235,1.7064779362078242,-0.8118356434872271,2
0.8116015514364405,1.4159942178659093,0.538617457162585,-0.3720351949613681,-1.300044394622908,0.5014865261694402,-0.3005301353349685,-0.34562363251582434,1.4506381686452665,0.37154979438465885,1.6057716139407539,1.3202177607533314,1.5013730442169235,-1.0401239783105054,-0.8118356434872271,2
0.05279758279323938,-0.3599988730018127,1.4200691187042478,1.4076036828207321,-0.42477219371265235,1.3724478716182575,-0.3005301353349685,-0.34562363251582434,0.5859260722066093,-0.5046531526292226,-0.1889043044961856,0.4891314965542483,-0.27986016484131826,1.7064779362078242,0.9381738431236107,1
0.05279758279323938,-0.3599988730018127,0.538617457162585,1.4076036828207321,1.3257722081078593,-0.36947481927937725,-0.3005301353349685,1.346939565198416,1.4506381686452665,1.2477527413985403,1.6057716139407539,0.4891314965542483,0.6107564396878027,-0.12459000680439548,-0.8118356434872271,1
0.05279758279323938,0.5279976724320483,0.538617457162585,-0.3720351949613681,-0.42477219371265235,-0.36947481927937725,-1.136569143165189,-1.1919052313729446,1.4506381686452665,1.2477527413985403,-1.0862422637146554,-1.1730410318439182,-1.1704767693704392,0.7909439647017144,-0.8118356434872271,1
-1.4648103544931628,-1.2479954184356736,-0.34283420437907763,-1.2618546338524181,-1.300044394622908,-1.2404361647281947,-1.136569143165189,-1.1919052313729446,-1.143498120670705,-1.380856099643104,-0.1889043044961856,-0.34195476764483496,-1.1704767693704392,-0.12459000680439548,-0.8118356434872271,0
1.5704055200796414,0.5279976724320483,1.4200691187042478,1.4076036828207321,1.3257722081078593,1.3724478716182575,1.3715478803254724,1.346939565198416,1.4506381686452665,0.37154979438465885,0.7084336547222841,0.4891314965542483,0.6107564396878027,0.7909439647017144,0.9381738431236107,2
-1.4648103544931628,1.4159942178659093,-0.34283420437907763,-0.3720351949613681,-0.42477219371265235,-0.36947481927937725,-0.3005301353349685,-0.34562363251582434,-0.2787860242320479,-0.5046531526292226,-0.1889043044961856,-1.1730410318439182,-0.27986016484131826,-1.0401239783105054,-0.8118356434872271,1
0.8116015514364405,1.4159942178659093,1.4200691187042478,1.4076036828207321,0.4505000071976035,0.5014865261694402,0.5355088724952519,1.346939565198416,-0.2787860242320479,0.37154979438465885,0.7084336547222841,0.4891314965542483,0.6107564396878027,-0.12459000680439548,-0.8118356434872271,2
0.05279758279323938,-0.3599988730018127,1.4200691187042478,-0.3720351949613681,-0.42477219371265235,-0.36947481927937725,-1.136569143165189,-0.34562363251582434,-0.2787860242320479,-1.380856099643104,-1.0862422637146554,-0.34195476764483496,-0.27986016484131826,-0.12459000680439548,-0.8118356434872271,1
-0.7060063858499618,-0.3599988730018127,-1.2242858659207403,0.517784243929682,0.4505000071976035,0.5014865261694402,0.5355088724952519,0.5006579663412959,0.5859260722066093,0.37154979438465885,0.7084336547222841,-0.34195476764483496,0.6107564396878027,0.7909439647017144,0.9381738431236107,1
0.8116015514364405,-0.3599988730018127,-0.34283420437907763,-1.2618546338524181,-0.42477219371265235,-1.2404361647281947,-0.3005301353349685,-0.34562363251582434,0.5859260722066093,-0.5046531526292226,-1.0862422637146554,-0.34195476764483496,-0.27986016484131826,-1.0401239783105054,-0.8118356434872271,1
0.05279758279323938,1.4159942178659093,1.4200691187042478,1.4076036828207321,1.3257722081078593,1.3724478716182575,1.3715478803254724,1.346939565198416,1.4506381686452665,1.2477527413985403,1.6057716139407539,1.3202177607533314,1.5013730442169235,1.7064779362078242,1.8131785864290297,2
-0.7060063858499618,-0.3599988730018127,-0.34283420437907763,-0.3720351949613681,-0.42477219371265235,-0.36947481927937725,-0.3005301353349685,-0.34562363251582434,-1.143498120670705,-0.5046531526292226,-1.0862422637146554,-1.1730410318439182,-1.1704767693704392,-1.0401239783105054,-0.8118356434872271,1
0.05279758279323938,0.5279976724320483,-0.34283420437907763,-0.3720351949613681,-0.42477219371265235,-0.36947481927937725,-0.3005301353349685,-0.34562363251582434,-1.143498120670705,-0.5046531526292226,-1.0862422637146554,-0.34195476764483496,-0.27986016484131826,-0.12459000680439548,-0.8118356434872271,1
1.5704055200796414,1.4159942178659093,1.4200691187042478,1.4076036828207321,1.3257722081078593,1.3724478716182575,1.3715478803254724,1.346939565198416,-0.2787860242320479,0.37154979438465885,1.6057716139407539,1.3202177607533314,1.5013730442169235,1.7064779362078242,1.8131785864290297,2
0.05279758279323938,-0.3599988730018127,-0.34283420437907763,-0.3720351949613681,-0.42477219371265235,-0.36947481927937725,-0.3005301353349685,-0.34562363251582434,-1.143498120670705,-0.5046531526292226,-0.1889043044961856,-1.1730410318439182,-1.1704767693704392,-1.0401239783105054,-0.8118356434872271,1
0.8116015514364405,-0.3599988730018127,0.538617457162585,0.517784243929682,0.4505000071976035,0.5014865261694402,0.5355088724952519,-0.34562363251582434,1.4506381686452665,1.2477527413985403,1.6057716139407539,-1.1730410318439182,0.6107564396878027,-0.12459000680439548,-0.8118356434872271,1
0.05279758279323938,-0.3599988730018127,0.538617457162585,0.517784243929682,0.4505000071976035,0.5014865261694402,-0.3005301353349685,-0.34562363251582434,-0.2787860242320479,-0.5046531526292226,-0.1889043044961856,-0.34195476764483496,-0.27986016484131826,-0.12459000680439548,-0.8118356434872271,1
-0.7060063858499618,0.5279976724320483,-0.34283420437907763,0.517784243929682,-0.42477219371265235,-0.36947481927937725,0.5355088724952519,0.5006579663412959,0.5859260722066093,0.37154979438465885,-1.0862422637146554,0.4891314965542483,1.5013730442169235,0.7909439647017144,-0.8118356434872271,1
0.05279758279323938,-0.3599988730018127,-0.34283420437907763,0.517784243929682,-0.42477219371265235,-0.36947481927937725,-0.3005301353349685,-0.34562363251582434,-1.143498120670705,1.2477527413985403,-1.0862422637146554,-1.1730410318439182,-1.1704767693704392,-0.12459000680439548,-0.8118356434872271,1
1.5704055200796414,1.4159942178659093,1.4200691187042478,1.4076036828207321,1.3257722081078593,1.3724478716182575,1.3715478803254724,1.346939565198416,1.4506381686452665,1.2477527413985403,1.6057716139407539,1.3202177607533314,1.5013730442169235,1.7064779362078242,1.8131785864290297,2
0.8116015514364405,0.5279976724320483,1.4200691187042478,0.517784243929682,1.3257722081078593,1.3724478716182575,0.5355088724952519,1.346939565198416,1.4506381686452665,1.2477527413985403,1.6057716139407539,0.4891314965542483,0.6107564396878027,1.7064779362078242,-0.8118356434872271,2
0.05279758279323938,0.5279976724320483,0.538617457162585,0.517784243929682,0.4505000071976035,0.5014865261694402,0.5355088724952519,0.5006579663412959,-0.2787860242320479,1.2477527413985403,-0.1889043044961856,-0.34195476764483496,0.6107564396878027,-0.12459000680439548,0.9381738431236107,2
0.05279758279323938,1.4159942178659093,0.538617457162585,0.517784243929682,-0.42477219371265235,-0.36947481927937725,-0.3005301353349685,0.5006579663412959,0.5859260722066093,0.37154979438465885,0.7084336547222841,0.4891314965542483,0.6107564396878027,0.7909439647017144,0.9381738431236107,1
-0.7060063858499618,-0.3599988730018127,-0.34283420437907763,-0.3720351949613681,-1.300044394622908,-1.2404361647281947,-1.136569143165189,-0.34562363251582434,-1.143498120670705,-0.5046531526292226,-1.0862422637146554,-1.1730410318439182,-1.1704767693704392,-1.0401239783105054,-0.8118356434872271,0
-1.4648103544931628,-1.2479954184356736,0.538617457162585,0.517784243929682,0.4505000071976035,0.5014865261694402,0.5355088724952519,0.5006579663412959,0.5859260722066093,0.37154979438465885,0.7084336547222841,0.4891314965542483,0.6107564396878027,0.7909439647017144,0.9381738431236107,2
1.5704055200796414,0.5279976724320483,1.4200691187042478,0.517784243929682,-0.42477219371265235,-0.36947481927937725,1.3715478803254724,1.346939565198416,1.4506381686452665,1.2477527413985403,1.6057716139407539,1.3202177607533314,-0.27986016484131826,0.7909439647017144,-0.8118356434872271,1
0.05279758279323938,0.5279976724320483,0.538617457162585,0.517784243929682,0.4505000071976035,0.5014865261694402,-0.3005301353349685,-0.34562363251582434,0.5859260722066093,-0.5046531526292226,0.7084336547222841,0.4891314965542483,0.6107564396878027,0.7909439647017144,0.9381738431236107,1
0.8116015514364405,1.4159942178659093,1.4200691187042478,1.4076036828207321,1.3257722081078593,1.3724478716182575,1.3715478803254724,1.346939565198416,1.4506381686452665,1.2477527413985403,1.6057716139407539,1.3202177607533314,1.5013730442169235,1.7064779362078242,1.8131785864290297,2
0.05279758279323938,0.5279976724320483,-1.2242858659207403,-0.3720351949613681,0.4505000071976035,-0.36947481927937725,-0.3005301353349685,0.5006579663412959,-0.2787860242320479,0.37154979438465885,0.7084336547222841,0.4891314965542483,-0.27986016484131826,-1.0401239783105054,0.9381738431236107,1
0.05279758279323938,-0.3599988730018127,-0.34283420437907763,-0.3720351949613681,-1.300044394622908,-0.36947481927937725,-0.3005301353349685,-1.1919052313729446,-0.2787860242320479,-0.5046531526292226,-0.1889043044961856,-0.34195476764483496,-0.27986016484131826,-0.12459000680439548,-0.8118356434872271,1
0.05279758279323938,0.5279976724320483,0.538617457162585,0.517784243929682,0.4505000071976035,-0.36947481927937725,-0.3005301353349685,-0.34562363251582434,-1.143498120670705,0.37154979438465885,-0.1889043044961856,0.4891314965542483,0.6107564396878027,-0.12459000680439548,-0.8118356434872271,1
0.05279758279323938,-0.3599988730018127,-0.34283420437907763,-0.3720351949613681,-0.42477219371265235,-0.36947481927937725,-0.3005301353349685,0.5006579663412959,0.5859260722066093,0.37154979438465885,0.7084336547222841,0.4891314965542483,0.6107564396878027,0.7909439647017144,0.9381738431236107,1
0.05279758279323938,0.5279976724320483,0.538617457162585,0.517784243929682,0.4505000071976035,0.5014865261694402,0.5355088724952519,-0.34562363251582434,-0.2787860242320479,-0.5046531526292226,-0.1889043044961856,-0.34195476764483496,-0.27986016484131826,-0.12459000680439548,0.06316909981819177,1
0.05279758279323938,-0.3599988730018127,-0.34283420437907763,-0.3720351949613681,0.4505000071976035,-0.36947481927937725,-0.3005301353349685,-0.34562363251582434,-1.143498120670705,-1.380856099643104,-1.0862422637146554,-1.1730410318439182,-0.27986016484131826,-0.12459000680439548,-0.8118356434872271,1
0.8116015514364405,0.5279976724320483,-0.34283420437907763,-0.3720351949613681,0.4505000071976035,1.3724478716182575,0.5355088724952519,0.5006579663412959,0.5859260722066093,0.37154979438465885,0.7084336547222841,0.4891314965542483,-0.27986016484131826,-0.12459000680439548,0.9381738431236107,1
-1.4648103544931628,0.5279976724320483,0.538617457162585,0.517784243929682,0.4505000071976035,0.5014865261694402,0.5355088724952519,-0.34562363251582434,0.5859260722066093,0.37154979438465885,0.7084336547222841,-1.1730410318439182,-0.27986016484131826,0.7909439647017144,-0.8118356434872271,1
0.8116015514364405,1.4159942178659093,-0.34283420437907763,0.517784243929682,0.4505000071976035,0.5014865261694402,0.5355088724952519,0.5006579663412959,-1.143498120670705,-0.5046531526292226,-0.1889043044961856,0.4891314965542483,-0.27986016484131826,-1.0401239783105054,-0.8118356434872271,1
0.05279758279323938,0.5279976724320483,0.538617457162585,0.517784243929682,0.4505000071976035,1.3724478716182575,0.5355088724952519,-0.34562363251582434,0.5859260722066093,-0.5046531526292226,0.7084336547222841,0.4891314965542483,0.6107564396878027,-0.12459000680439548,0.06316909981819177,1
0.05279758279323938,0.5279976724320483,0.538617457162585,0.517784243929682,0.4505000071976035,0.5014865261694402,0.5355088724952519,0.5006579663412959,0.5859260722066093,0.37154979438465885,0.7084336547222841,0.4891314965542483,0.6107564396878027,0.7909439647017144,0.9381738431236107,1
1.5704055200796414,1.4159942178659093,1.4200691187042478,1.4076036828207321,1.3257722081078593,1.3724478716182575,1.3715478803254724,1.346939565198416,1.4506381686452665,1.2477527413985403,1.6057716139407539,1.3202177607533314,1.5013730442169235,1.7064779362078242,1.8131785864290297,2
1.5704055200796414,0.5279976724320483,0.538617457162585,0.517784243929682,1.3257722081078593,1.3724478716182575,1.3715478803254724,-0.34562363251582434,-1.143498120670705,1.2477527413985403,-1.0862422637146554,0.4891314965542483,0.6107564396878027,-0.12459000680439548,-0.8118356434872271,2
0.8116015514364405,-0.3599988730018127,0.538617457162585,1.4076036828207321,1.3257722081078593,1.3724478716182575,0.5355088724952519,0.5006579663412959,0.5859260722066093,-0.5046531526292226,0.7084336547222841,1.3202177607533314,-0.27986016484131826,0.7909439647017144,0.9381738431236107,2
0.8116015514364405,0.5279976724320483,-1.2242858659207403,0.517784243929682,1.3257722081078593,0.5014865261694402,1.3715478803254724,1.346939565198416,-0.2787860242320479,1.2477527413985403,0.7084336547222841,0.4891314965542483,-1.1704767693704392,-0.12459000680439548,1.8131785864290297,2
-0.7060063858499618,1.4159942178659093,-0.34283420437907763,-0.3720351949613681,1.3257722081078593,-0.36947481927937725,-0.3005301353349685,-1.1919052313729446,-1.143498120670705,-0.5046531526292226,-0.1889043044961856,-0.34195476764483496,-0.27986016484131826,-0.12459000680439548,0.06316909981819177,1
1.5704055200796414,1.4159942178659093,1.4200691187042478,1.4076036828207321,1.3257722081078593,1.3724478716182575,1.3715478803254724,1.346939565198416,1.4506381686452665,1.2477527413985403,1.6057716139407539,1.3202177607533314,1.5013730442169235,1.7064779362078242,1.8131785864290297,2
0.05279758279323938,-0.3599988730018127,-0.34283420437907763,-0.3720351949613681,-0.42477219371265235,-0.36947481927937725,-0.3005301353349685,-0.34562363251582434,-0.2787860242320479,-0.5046531526292226,-0.1889043044961856,-0.34195476764483496,-0.27986016484131826,-0.12459000680439548,0.06316909981819177,1
-0.7060063858499618,-1.2479954184356736,-1.2242858659207403,-1.2618546338524181,-1.300044394622908,-1.2404361647281947,-0.3005301353349685,-1.1919052313729446,-1.143498120670705,-1.380856099643104,-0.1889043044961856,0.4891314965542483,-1.1704767693704392,-1.0401239783105054,-0.8118356434872271,0
0.8116015514364405,-0.3599988730018127,-0.34283420437907763,-0.3720351949613681,0.4505000071976035,0.5014865261694402,-0.3005301353349685,-0.34562363251582434,-0.2787860242320479,0.37154979438465885,-0.1889043044961856,-1.1730410318439182,1.5013730442169235,-1.0401239783105054,-0.8118356434872271,1
-0.7060063858499618,-1.2479954184356736,-1.2242858659207403,-0.3720351949613681,-0.42477219371265235,0.5014865261694402,-0.3005301353349685,-0.34562363251582434,-0.2787860242320479,-0.5046531526292226,-0.1889043044961856,-0.34195476764483496,-0.27986016484131826,-1.0401239783105054,-0.8118356434872271,1
0.8116015514364405,0.5279976724320483,0.538617457162585,0.517784243929682,0.4505000071976035,0.5014865261694402,0.5355088724952519,0.5006579663412959,0.5859260722066093,0.37154979438465885,-0.1889043044961856,1.3202177607533314,0.6107564396878027,-0.12459000680439548,0.9381738431236107,1
1.5704055200796414,1.4159942178659093,1.4200691187042478,1.4076036828207321,1.3257722081078593,1.3724478716182575,1.3715478803254724,1.346939565198416,1.4506381686452665,1.2477527413985403,-1.0862422637146554,1.3202177607533314,1.5013730442169235,1.7064779362078242,1.8131785864290297,2
0.8116015514364405,1.4159942178659093,1.4200691187042478,1.4076036828207321,1.3257722081078593,1.3724478716182575,1.3715478803254724,1.346939565198416,0.5859260722066093,1.2477527413985403,1.6057716139407539,1.3202177607533314,1.5013730442169235,1.7064779362078242,1.8131785864290297,2
0.05279758279323938,0.5279976724320483,1.4200691187042478,1.4076036828207321,0.4505000071976035,1.3724478716182575,1.3715478803254724,1.346939565198416,0.5859260722066093,0.37154979438465885,1.6057716139407539,0.4891314965542483,0.6107564396878027,0.7909439647017144,0.06316909981819177,2
0.05279758279323938,0.5279976724320483,1.4200691187042478,0.517784243929682,0.4505000071976035,0.5014865261694402,0.5355088724952519,0.5006579663412959,0.5859260722066093,0.37154979438465885,0.7084336547222841,0.4891314965542483,0.6107564396878027,0.7909439647017144,0.9381738431236107,2
1.5704055200796414,1.4159942178659093,1.4200691187042478,1.4076036828207321,1.3257722081078593,1.3724478716182575,1.3715478803254724,1.346939565198416,1.4506381686452665,1.2477527413985403,1.6057716139407539,1.3202177607533314,1.5013730442169235,1.7064779362078242,1.8131785864290297,2
0.05279758279323938,1.4159942178659093,-0.34283420437907763,-0.3720351949613681,-0.42477219371265235,-0.36947481927937725,-0.3005301353349685,-0.34562363251582434,-0.2787860242320479,-0.5046531526292226,-0.1889043044961856,-0.34195476764483496,-0.27986016484131826,-0.12459000680439548,-0.8118356434872271,1
0.8116015514364405,0.5279976724320483,0.538617457162585,1.4076036828207321,0.4505000071976035,0.5014865261694402,0.5355088724952519,-0.34562363251582434,0.5859260722066093,-0.5046531526292226,-0.1889043044961856,1.3202177607533314,-0.27986016484131826,0.7909439647017144,1.8131785864290297,2
0.8116015514364405,1.4159942178659093,1.4200691187042478,1.4076036828207321,1.3257722081078593,1.3724478716182575,1.3715478803254724,1.346939565198416,0.5859260722066093,1.2477527413985403,0.7084336547222841,1.3202177607533314,1.5013730442169235,1.7064779362078242,1.8131785864290297,2
1.5704055200796414,0.5279976724320483,0.538617457162585,0.517784243929682,0.4505000071976035,0.5014865261694402,-0.3005301353349685,-0.34562363251582434,0.5859260722066093,1.2477527413985403,-0.1889043044961856,0.4891314965542483,0.6107564396878027,-1.0401239783105054,0.06316909981819177,1
-0.7060063858499618,0.5279976724320483,0.538617457162585,0.517784243929682,0.4505000071976035,1.3724478716182575,0.5355088724952519,-0.34562363251582434,0.5859260722066093,0.37154979438465885,-0.1889043044961856,0.4891314965542483,0.6107564396878027,0.7909439647017144,0.9381738431236107,2
0.8116015514364405,1.4159942178659093,0.538617457162585,1.4076036828207321,0.4505000071976035,1.3724478716182575,0.5355088724952519,-0.34562363251582434,0.5859260722066093,0.37154979438465885,-0.1889043044961856,-0.34195476764483496,-0.27986016484131826,0.7909439647017144,0.06316909981819177,1
-0.7060063858499618,0.5279976724320483,-0.34283420437907763,-0.3720351949613681,-0.42477219371265235,-0.36947481927937725,-0.3005301353349685,1.346939565198416,1.4506381686452665,1.2477527413985403,1.6057716139407539,1.3202177607533314,-0.27986016484131826,1.7064779362078242,0.9381738431236107,1
0.8116015514364405,1.4159942178659093,1.4200691187042478,1.4076036828207321,0.4505000071976035,1.3724478716182575,1.3715478803254724,1.346939565198416,1.4506381686452665,1.2477527413985403,1.6057716139407539,1.3202177607533314,1.5013730442169235,0.7909439647017144,1.8131785864290297,2
-0.7060063858499618,1.4159942178659093,-0.34283420437907763,1.4076036828207321,1.3257722081078593,1.3724478716182575,1.3715478803254724,1.346939565198416,1.4506381686452665,1.2477527413985403,0.7084336547222841,0.4891314965542483,0.6107564396878027,1.7064779362078242,1.8131785864290297,2
-0.7060063858499618,0.5279976724320483,0.538617457162585,0.517784243929682,0.4505000071976035,0.5014865261694402,0.5355088724952519,0.5006579663412959,-0.2787860242320479,0.37154979438465885,-0.1889043044961856,-0.34195476764483496,-1.1704767693704392,-1.0401239783105054,-0.8118356434872271,1
1.5704055200796414,0.5279976724320483,1.4200691187042478,0.517784243929682,0.4505000071976035,0.5014865261694402,0.5355088724952519,0.5006579663412959,1.4506381686452665,0.37154979438465885,0.7084336547222841,0.4891314965542483,0.6107564396878027,1.7064779362078242,0.9381738431236107,2
1.5704055200796414,0.5279976724320483,1.4200691187042478,1.4076036828207321,0.4505000071976035,1.3724478716182575,-0.3005301353349685,-0.34562363251582434,1.4506381686452665,1.2477527413985403,1.6057716139407539,1.3202177607533314,0.6107564396878027,1.7064779362078242,1.8131785864290297,2
0.05279758279323938,-0.3599988730018127,-1.2242858659207403,-0.3720351949613681,-0.42477219371265235,-0.36947481927937725,1.3715478803254724,-1.1919052313729446,-0.2787860242320479,-0.5046531526292226,-0.1889043044961856,-0.34195476764483496,1.5013730442169235,1.7064779362078242,-0.8118356434872271,1
-1.4648103544931628,1.4159942178659093,1.4200691187042478,1.4076036828207321,1.3257722081078593,0.5014865261694402,0.5355088724952519,1.346939565198416,-0.2787860242320479,1.2477527413985403,-0.1889043044961856,0.4891314965542483,-0.27986016484131826,0.7909439647017144,0.06316909981819177,1
0.8116015514364405,1.4159942178659093,0.538617457162585,1.4076036828207321,1.3257722081078593,1.3724478716182575,1.3715478803254724,0.5006579663412959,1.4506381686452665,1.2477527413985403,0.7084336547222841,1.3202177607533314,1.5013730442169235,0.7909439647017144,-0.8118356434872271,2
0.05279758279323938,1.4159942178659093,1.4200691187042478,1.4076036828207321,1.3257722081078593,1.3724478716182575,1.3715478803254724,1.346939565198416,1.4506381686452665,1.2477527413985403,-0.1889043044961856,1.3202177607533314,-0.27986016484131826,1.7064779362078242,-0.8118356434872271,2
0.05279758279323938,1.4159942178659093,1.4200691187042478,1.4076036828207321,1.3257722081078593,1.3724478716182575,1.3715478803254724,-1.1919052313729446,-1.143498120670705,-1.380856099643104,-1.0862422637146554,-1.1730410318439182,-1.1704767693704392,-1.0401239783105054,-0.8118356434872271,0
0.8116015514364405,1.4159942178659093,1.4200691187042478,1.4076036828207321,1.3257722081078593,1.3724478716182575,1.3715478803254724,1.346939565198416,-1.143498120670705,1.2477527413985403,-1.0862422637146554,1.3202177607533314,-0.27986016484131826,-0.12459000680439548,1.8131785864290297,2
0.8116015514364405,0.5279976724320483,-0.34283420437907763,-0.3720351949613681,0.4505000071976035,-0.36947481927937725,1.3715478803254724,1.346939565198416,1.4506381686452665,1.2477527413985403,1.6057716139407539,1.3202177607533314,-1.1704767693704392,-0.12459000680439548,0.06316909981819177,2
0.05279758279323938,-0.3599988730018127,1.4200691187042478,0.517784243929682,-0.42477219371265235,0.5014865261694402,0.5355088724952519,0.5006579663412959,1.4506381686452665,1.2477527413985403,1.6057716139407539,1.3202177607533314,-0.27986016484131826,1.7064779362078242,1.8131785864290297,1
1.5704055200796414,1.4159942178659093,1.4200691187042478,1.4076036828207321,1.3257722081078593,1.3724478716182575,1.3715478803254724,1.346939565198416,1.4506381686452665,1.2477527413985403,1.6057716139407539,1.3202177607533314,1.5013730442169235,1.7064779362078242,1.8131785864290297,2
0.05279758279323938,0.5279976724320483,-1.2242858659207403,-0.3720351949613681,-0.42477219371265235,-1.2404361647281947,-1.136569143165189,-0.34562363251582434,-0.2787860242320479,-1.380856099643104,-0.1889043044961856,-0.34195476764483496,-0.27986016484131826,-0.12459000680439548,0.06316909981819177,1
-1.4648103544931628,-1.2479954184356736,-1.2242858659207403,-1.2618546338524181,-1.300044394622908,-1.2404361647281947,-1.136569143165189,-1.1919052313729446,-0.2787860242320479,-0.5046531526292226,-1.0862422637146554,-1.1730410318439182,-1.1704767693704392,-1.0401239783105054,-0.8118356434872271,0
0.05279758279323938,0.5279976724320483,0.538617457162585,-0.3720351949613681,0.4505000071976035,0.5014865261694402,-1.136569143165189,-0.34562363251582434,-0.2787860242320479,1.2477527413985403,-0.1889043044961856,-0.34195476764483496,-0.27986016484131826,-0.12459000680439548,-0.8118356434872271,1
0.05279758279323938,0.5279976724320483,-0.34283420437907763,0.517784243929682,0.4505000071976035,0.5014865261694402,1.3715478803254724,0.5006579663412959,-0.2787860242320479,0.37154979438465885,-0.1889043044961856,1.3202177607533314,0.6107564396878027,-0.12459000680439548,0.06316909981819177,1
-0.7060063858499618,1.4159942178659093,-1.2242858659207403,1.4076036828207321,1.3257722081078593,1.3724478716182575,1.3715478803254724,1.346939565198416,1.4506381686452665,1.2477527413985403,0.7084336547222841,-0.34195476764483496,0.6107564396878027,-0.12459000680439548,0.06316909981819177,2
0.05279758279323938,1.4159942178659093,1.4200691187042478,1.4076036828207321,1.3257722081078593,1.3724478716182575,1.3715478803254724,1.346939565198416,1.4506381686452665,1.2477527413985403,1.6057716139407539,1.3202177607533314,1.5013730442169235,1.7064779362078242,1.8131785864290297,2
0.05279758279323938,-0.3599988730018127,-0.34283420437907763,0.517784243929682,-0.42477219371265235,0.5014865261694402,0.5355088724952519,0.5006579663412959,0.5859260722066093,-0.5046531526292226,0.7084336547222841,0.4891314965542483,0.6107564396878027,0.7909439647017144,0.9381738431236107,1
1.5704055200796414,0.5279976724320483,0.538617457162585,1.4076036828207321,-0.42477219371265235,-0.36947481927937725,-0.3005301353349685,1.346939565198416,-0.2787860242320479,1.2477527413985403,-1.0862422637146554,-0.34195476764483496,0.6107564396878027,-0.12459000680439548,-0.8118356434872271,1
0.05279758279323938,0.5279976724320483,-0.34283420437907763,-0.3720351949613681,-0.42477219371265235,-0.36947481927937725,-0.3005301353349685,-0.34562363251582434,-0.2787860242320479,0.37154979438465885,0.7084336547222841,-0.34195476764483496,-0.27986016484131826,-0.12459000680439548,0.06316909981819177,1
0.8116015514364405,-0.3599988730018127,-0.34283420437907763,0.517784243929682,-0.42477219371265235,0.5014865261694402,-0.3005301353349685,-0.34562363251582434,-0.2787860242320479,0.37154979438465885,-0.1889043044961856,0.4891314965542483,-0.27986016484131826,0.7909439647017144,0.06316909981819177,1
-0.7060063858499618,-0.3599988730018127,1.4200691187042478,1.4076036828207321,1.3257722081078593,-0.36947481927937725,-0.3005301353349685,-0.34562363251582434,-0.2787860242320479,-0.5046531526292226,1.6057716139407539,1.3202177607533314,-0.27986016484131826,0.7909439647017144,0.06316909981819177,1
0.05279758279323938,-0.3599988730018127,0.538617457162585,0.517784243929682,0.4505000071976035,-0.36947481927937725,-1.136569143165189,-0.34562363251582434,-1.143498120670705,1.2477527413985403,-1.0862422637146554,1.3202177607533314,1.5013730442169235,-1.0401239783105054,0.06316909981819177,1
0.05279758279323938,-0.3599988730018127,-0.34283420437907763,0.517784243929682,0.4505000071976035,-1.2404361647281947,-0.3005301353349685,-0.34562363251582434,-0.2787860242320479,-0.5046531526292226,0.7084336547222841,-0.34195476764483496,-1.1704767693704392,0.7909439647017144,-0.8118356434872271,1
0.8116015514364405,1.4159942178659093,1.4200691187042478,0.517784243929682,-0.42477219371265235,0.5014865261694402,-1.136569143165189,-0.34562363251582434,-0.2787860242320479,1.2477527413985403,1.6057716139407539,1.3202177607533314,1.5013730442169235,0.7909439647017144,-0.8118356434872271,1
0.05279758279323938,-0.3599988730018127,1.4200691187042478,1.4076036828207321,1.3257722081078593,0.5014865261694402,1.3715478803254724,1.346939565198416,1.4506381686452665,1.2477527413985403,1.6057716139407539,1.3202177607533314,1.5013730442169235,-0.12459000680439548,1.8131785864290297,2
1.5704055200796414,1.4159942178659093,1.4200691187042478,1.4076036828207321,1.3257722081078593,1.3724478716182575,1.3715478803254724,1.346939565198416,0.5859260722066093,1.2477527413985403,0.7084336547222841,1.3202177607533314,1.5013730442169235,0.7909439647017144,1.8131785864290297,2
0.8116015514364405,-0.3599988730018127,-0.34283420437907763,-0.3720351949613681,0.4505000071976035,-0.36947481927937725,-0.3005301353349685,-0.34562363251582434,0.5859260722066093,0.37154979438465885,-0.1889043044961856,0.4891314965542483,-0.27986016484131826,-0.12459000680439548,-0.8118356434872271,1
-0.7060063858499618,-1.2479954184356736,-1.2242858659207403,-1.2618546338524181,-1.300044394622908,-0.36947481927937725,-0.3005301353349685,0.5006579663412959,-0.2787860242320479,-0.5046531526292226,-1.0862422637146554,-1.1730410318439182,1.5013730442169235,-0.12459000680439548,0.06316909981819177,1
0.05279758279323938,1.4159942178659093,1.4200691187042478,0.517784243929682,0.4505000071976035,-0.36947481927937725,1.3715478803254724,-0.34562363251582434,0.5859260722066093,0.37154979438465885,-0.1889043044961856,0.4891314965542483,0.6107564396878027,0.7909439647017144,0.06316909981819177,1
0.05279758279323938,-0.3599988730018127,-0.34283420437907763,-0.3720351949613681,0.4505000071976035,0.5014865261694402,0.5355088724952519,-0.34562363251582434,-0.2787860242320479,0.37154979438465885,-0.1889043044961856,0.4891314965542483,-0.27986016484131826,-0.12459000680439548,0.06316909981819177,1
0.05279758279323938,1.4159942178659093,0.538617457162585,0.517784243929682,0.4505000071976035,0.5014865261694402,-0.3005301353349685,1.346939565198416,1.4506381686452665,1.2477527413985403,1.6057716139407539,1.3202177607533314,0.6107564396878027,1.7064779362078242,1.8131785864290297,1
1.5704055200796414,1.4159942178659093,1.4200691187042478,1.4076036828207321,1.3257722081078593,1.3724478716182575,1.3715478803254724,1.346939565198416,1.4506381686452665,1.2477527413985403,1.6057716139407539,1.3202177607533314,1.5013730442169235,1.7064779362078242,1.8131785864290297,2
0.05279758279323938,1.4159942178659093,1.4200691187042478,1.4076036828207321,1.3257722081078593,0.5014865261694402,-1.136569143165189,1.346939565198416,1.4506381686452665,1.2477527413985403,-1.0862422637146554,-1.1730410318439182,0.6107564396878027,1.7064779362078242,0.06316909981819177,2
1.5704055200796414,1.4159942178659093,-0.34283420437907763,1.4076036828207321,1.3257722081078593,1.3724478716182575,1.3715478803254724,-0.34562363251582434,-0.2787860242320479,-0.5046531526292226,-1.0862422637146554,1.3202177607533314,1.5013730442169235,-0.12459000680439548,1.8131785864290297,2
-1.4648103544931628,-1.2479954184356736,-0.34283420437907763,-1.2618546338524181,-0.42477219371265235,-1.2404361647281947,-1.136569143165189,-1.1919052313729446,-1.143498120670705,-1.380856099643104,-0.1889043044961856,-0.34195476764483496,-1.1704767693704392,-1.0401239783105054,0.06316909981819177,0
0.05279758279323938,0.5279976724320483,-0.34283420437907763,-0.3720351949613681,-0.42477219371265235,-0.36947481927937725,1.3715478803254724,1.346939565198416,0.5859260722066093,1.2477527413985403,1.6057716139407539,0.4891314965542483,-0.27986016484131826,1.7064779362078242,1.8131785864290297,1
0.05279758279323938,0.5279976724320483,0.538617457162585,0.517784243929682,0.4505000071976035,1.3724478716182575,1.3715478803254724,1.346939565198416,-0.2787860242320479,0.37154979438465885,-0.1889043044961856,1.3202177607533314,0.6107564396878027,0.7909439647017144,1.8131785864290297,2
-0.7060063858499618,-0.3599988730018127,-0.34283420437907763,-0.3720351949613681,-0.42477219371265235,-0.36947481927937725,-0.3005301353349685,-0.34562363251582434,-0.2787860242320479,-0.5046531526292226,-0.1889043044961856,-0.34195476764483496,-0.27986016484131826,-0.12459000680439548,0.06316909981819177,1
0.05279758279323938,-0.3599988730018127,-0.34283420437907763,-0.3720351949613681,-0.42477219371265235,-0.36947481927937725,-0.3005301353349685,-0.34562363251582434,-0.2787860242320479,-0.5046531526292226,-0.1889043044961856,-0.34195476764483496,-0.27986016484131826,-1.0401239783105054,-0.8118356434872271,1
1.5704055200796414,1.4159942178659093,1.4200691187042478,1.4076036828207321,1.3257722081078593,1.3724478716182575,1.3715478803254724,-1.1919052313729446,-1.143498120670705,-1.380856099643104,-1.0862422637146554,-1.1730410318439182,-1.1704767693704392,-1.0401239783105054,-0.8118356434872271,2
-0.7060063858499618,-1.2479954184356736,0.538617457162585,0.517784243929682,-0.42477219371265235,-1.2404361647281947,-0.3005301353349685,-0.34562363251582434,-0.2787860242320479,-1.380856099643104,-1.0862422637146554,-1.1730410318439182,-1.1704767693704392,-0.12459000680439548,-0.8118356434872271,1
0.05279758279323938,-1.2479954184356736,-1.2242858659207403,-1.2618546338524181,-1.300044394622908,-1.2404361647281947,-1.136569143165189,-1.1919052313729446,-1.143498120670705,-1.380856099643104,-1.0862422637146554,-1.1730410318439182,-1.1704767693704392,-1.0401239783105054,-0.8118356434872271,0
0.05279758279323938,0.5279976724320483,-1.2242858659207403,0.517784243929682,1.3257722081078593,1.3724478716182575,0.5355088724952519,0.5006579663412959,-1.143498120670705,1.2477527413985403,-0.1889043044961856,-0.34195476764483496,-1.1704767693704392,0.7909439647017144,-0.8118356434872271,1
1.5704055200796414,1.4159942178659093,-1.2242858659207403,1.4076036828207321,1.3257722081078593,0.5014865261694402,1.3715478803254724,1.346939565198416,-0.2787860242320479,1.2477527413985403,0.7084336547222841,1.3202177607533314,0.6107564396878027,0.7909439647017144,1.8131785864290297,2
0.05279758279323938,0.5279976724320483,0.538617457162585,0.517784243929682,0.4505000071976035,0.5014865261694402,-0.3005301353349685,-0.34562363251582434,1.4506381686452665,0.37154979438465885,-1.0862422637146554,-1.1730410318439182,-0.27986016484131826,0.7909439647017144,-0.8118356434872271,1
0.8116015514364405,-0.3599988730018127,0.538617457162585,1.4076036828207321,1.3257722081078593,1.3724478716182575,0.5355088724952519,1.346939565198416,-1.143498120670705,1.2477527413985403,1.6057716139407539,0.4891314965542483,1.5013730442169235,0.7909439647017144,0.9381738431236107,2
0.8116015514364405,1.4159942178659093,0.538617457162585,0.517784243929682,1.3257722081078593,-0.36947481927937725,1.3715478803254724,1.346939565198416,-0.2787860242320479,0.37154979438465885,1.6057716139407539,1.3202177607533314,1.5013730442169235,0.7909439647017144,0.06316909981819177,2
1.5704055200796414,1.4159942178659093,1.4200691187042478,1.4076036828207321,1.3257722081078593,1.3724478716182575,1.3715478803254724,1.346939565198416,1.4506381686452665,1.2477527413985403,-1.0862422637146554,1.3202177607533314,1.5013730442169235,1.7064779362078242,1.8131785864290297,2
0.05279758279323938,1.4159942178659093,-0.34283420437907763,0.517784243929682,1.3257722081078593,1.3724478716182575,0.5355088724952519,1.346939565198416,-1.143498120670705,-0.5046531526292226,1.6057716139407539,-0.34195476764483496,-1.1704767693704392,1.7064779362078242,-0.8118356434872271,1
0.8116015514364405,0.5279976724320483,1.4200691187042478,1.4076036828207321,1.3257722081078593,1.3724478716182575,0.5355088724952519,1.346939565198416,1.4506381686452665,1.2477527413985403,1.6057716139407539,1.3202177607533314,1.5013730442169235,0.7909439647017144,0.06316909981819177,2
0.8116015514364405,0.5279976724320483,0.538617457162585,0.517784243929682,0.4505000071976035,0.5014865261694402,1.3715478803254724,1.346939565198416,-0.2787860242320479,0.37154979438465885,0.7084336547222841,0.4891314965542483,0.6107564396878027,0.7909439647017144,0.9381738431236107,1
-1.4648103544931628,1.4159942178659093,-1.2242858659207403,-1.2618546338524181,1.3257722081078593,-0.36947481927937725,-0.3005301353349685,1.346939565198416,-1.143498120670705,1.2477527413985403,1.6057716139407539,1.3202177607533314,1.5013730442169235,1.7064779362078242,1.8131785864290297,1
0.05279758279323938,0.5279976724320483,0.538617457162585,-0.3720351949613681,-0.42477219371265235,0.5014865261694402,0.5355088724952519,0.5006579663412959,0.5859260722066093,0.37154979438465885,-0.1889043044961856,-0.34195476764483496,0.6107564396878027,-0.12459000680439548,0.06316909981819177,1
0.05279758279323938,-0.3599988730018127,-0.34283420437907763,-0.3720351949613681,-0.42477219371265235,0.5014865261694402,-0.3005301353349685,-0.34562363251582434,0.5859260722066093,0.37154979438465885,1.6057716139407539,-0.34195476764483496,-0.27986016484131826,-0.12459000680439548,-0.8118356434872271,1
0.05279758279323938,-1.2479954184356736,0.538617457162585,-0.3720351949613681,-0.42477219371265235,-0.36947481927937725,-1.136569143165189,-0.34562363251582434,-1.143498120670705,0.37154979438465885,-1.0862422637146554,-1.1730410318439182,0.6107564396878027,0.7909439647017144,-0.8118356434872271,1
0.8116015514364405,0.5279976724320483,-0.34283420437907763,1.4076036828207321,1.3257722081078593,-0.36947481927937725,1.3715478803254724,1.346939565198416,1.4506381686452665,1.2477527413985403,-0.1889043044961856,1.3202177607533314,-0.27986016484131826,0.7909439647017144,0.9381738431236107,2
-0.7060063858499618,-0.3599988730018127,-0.34283420437907763,-0.3720351949613681,-0.42477219371265235,-0.36947481927937725,-0.3005301353349685,-0.34562363251582434,-0.2787860242320479,-0.5046531526292226,-0.1889043044961856,-0.34195476764483496,-0.27986016484131826,-0.12459000680439548,0.06316909981819177,1
0.05279758279323938,-1.2479954184356736,-0.34283420437907763,-1.2618546338524181,-0.42477219371265235,-1.2404361647281947,-1.136569143165189,-0.34562363251582434,-0.2787860242320479,-0.5046531526292226,-0.1889043044961856,-1.1730410318439182,-0.27986016484131826,-1.0401239783105054,-0.8118356434872271,1
0.05279758279323938,0.5279976724320483,-0.34283420437907763,-0.3720351949613681,0.4505000071976035,-0.36947481927937725,0.5355088724952519,0.5006579663412959,1.4506381686452665,0.37154979438465885,-0.1889043044961856,1.3202177607533314,1.5013730442169235,-0.12459000680439548,-0.8118356434872271,1
1.5704055200796414,1.4159942178659093,0.538617457162585,1.4076036828207321,1.3257722081078593,-0.36947481927937725,0.5355088724952519,1.346939565198416,-0.2787860242320479,1.2477527413985403,0.7084336547222841,1.3202177607533314,1.5013730442169235,-0.12459000680439548,0.9381738431236107,2
1.5704055200796414,1.4159942178659093,1.4200691187042478,1.4076036828207321,1.3257722081078593,0.5014865261694402,0.5355088724952519,1.346939565198416,-0.2787860242320479,1.2477527413985403,-0.1889043044961856,1.3202177607533314,1.5013730442169235,-0.12459000680439548,0.9381738431236107,2
0.05279758279323938,0.5279976724320483,0.538617457162585,0.517784243929682,0.4505000071976035,0.5014865261694402,0.5355088724952519,-0.34562363251582434,0.5859260722066093,-0.5046531526292226,-0.1889043044961856,1.3202177607533314,1.5013730442169235,-0.12459000680439548,-0.8118356434872271,1
-1.4648103544931628,-0.3599988730018127,-0.34283420437907763,1.4076036828207321,0.4505000071976035,0.5014865261694402,1.3715478803254724,1.346939565198416,-0.2787860242320479,0.37154979438465885,1.6057716139407539,-0.34195476764483496,-1.1704767693704392,0.7909439647017144,1.8131785864290297,2
0.05279758279323938,0.5279976724320483,0.538617457162585,0.517784243929682,0.4505000071976035,0.5014865261694402,-0.3005301353349685,-0.34562363251582434,1.4506381686452665,0.37154979438465885,-1.0862422637146554,-1.1730410318439182,-0.27986016484131826,0.7909439647017144,-0.8118356434872271,1
0.8116015514364405,1.4159942178659093,0.538617457162585,0.517784243929682,0.4505000071976035,-0.36947481927937725,-0.3005301353349685,0.5006579663412959,-1.143498120670705,-0.5046531526292226,-1.0862422637146554,0.4891314965542483,0.6107564396878027,-1.0401239783105054,-0.8118356434872271,1
-0.7060063858499618,0.5279976724320483,1.4200691187042478,0.517784243929682,1.3257722081078593,1.3724478716182575,1.3715478803254724,1.346939565198416,1.4506381686452665,1.2477527413985403,0.7084336547222841,1.3202177607533314,0.6107564396878027,1.7064779362078242,1.8131785864290297,2
1.5704055200796414,0.5279976724320483,1.4200691187042478,0.517784243929682,0.4505000071976035,-0.36947481927937725,0.5355088724952519,1.346939565198416,0.5859260722066093,0.37154979438465885,1.6057716139407539,1.3202177607533314,-0.27986016484131826,-0.12459000680439548,1.8131785864290297,2
0.05279758279323938,0.5279976724320483,1.4200691187042478,-0.3720351949613681,-0.42477219371265235,1.3724478716182575,1.3715478803254724,1.346939565198416,0.5859260722066093,1.2477527413985403,0.7084336547222841,1.3202177607533314,1.5013730442169235,-0.12459000680439548,1.8131785864290297,1
-1.4648103544931628,-1.2479954184356736,-1.2242858659207403,-1.2618546338524181,-1.300044394622908,-1.2404361647281947,-1.136569143165189,-1.1919052313729446,-1.143498120670705,-1.380856099643104,-1.0862422637146554,-1.1730410318439182,-1.1704767693704392,-1.0401239783105054,-0.8118356434872271,0
0.05279758279323938,-1.2479954184356736,0.538617457162585,-0.3720351949613681,-0.42477219371265235,-0.36947481927937725,-0.3005301353349685,-0.34562363251582434,-0.2787860242320479,-0.5046531526292226,-0.1889043044961856,-0.34195476764483496,-0.27986016484131826,-0.12459000680439548,0.06316909981819177,1
0.05279758279323938,0.5279976724320483,-1.2242858659207403,0.517784243929682,0.4505000071976035,0.5014865261694402,-0.3005301353349685,-0.34562363251582434,-0.2787860242320479,0.37154979438465885,-0.1889043044961856,-0.34195476764483496,-0.27986016484131826,-1.0401239783105054,0.06316909981819177,1
1.5704055200796414,1.4159942178659093,1.4200691187042478,1.4076036828207321,1.3257722081078593,1.3724478716182575,1.3715478803254724,1.346939565198416,1.4506381686452665,1.2477527413985403,1.6057716139407539,1.3202177607533314,1.5013730442169235,1.7064779362078242,0.9381738431236107,2
0.8116015514364405,0.5279976724320483,0.538617457162585,0.517784243929682,0.4505000071976035,0.5014865261694402,0.5355088724952519,0.5006579663412959,0.5859260722066093,0.37154979438465885,1.6057716139407539,0.4891314965542483,0.6107564396878027,0.7909439647017144,0.9381738431236107,1
0.8116015514364405,0.5279976724320483,1.4200691187042478,0.517784243929682,0.4505000071976035,0.5014865261694402,-0.3005301353349685,0.5006579663412959,0.5859260722066093,0.37154979438465885,-0.1889043044961856,-0.34195476764483496,1.5013730442169235,-0.12459000680439548,-0.8118356434872271,1
0.05279758279323938,-1.2479954184356736,-1.2242858659207403,-1.2618546338524181,-1.300044394622908,-0.36947481927937725,-1.136569143165189,-0.34562363251582434,0.5859260722066093,-0.5046531526292226,-1.0862422637146554,-1.1730410318439182,1.5013730442169235,1.7064779362078242,0.06316909981819177,0
0.8116015514364405,0.5279976724320483,-0.34283420437907763,1.4076036828207321,1.3257722081078593,1.3724478716182575,-0.3005301353349685,1.346939565198416,-0.2787860242320479,1.2477527413985403,-0.1889043044961856,1.3202177607533314,-0.27986016484131826,-0.12459000680439548,1.8131785864290297,2
1.5704055200796414,1.4159942178659093,1.4200691187042478,0.517784243929682,0.4505000071976035,1.3724478716182575,1.3715478803254724,1.346939565198416,1.4506381686452665,1.2477527413985403,1.6057716139407539,1.3202177607533314,1.5013730442169235,1.7064779362078242,1.8131785864290297,2
0.8116015514364405,-0.3599988730018127,-0.34283420437907763,0.517784243929682,-0.42477219371265235,-0.36947481927937725,-0.3005301353349685,-0.34562363251582434,-1.143498120670705,1.2477527413985403,-1.0862422637146554,0.4891314965542483,-0.27986016484131826,-1.0401239783105054,-0.8118356434872271,1
0.8116015514364405,0.5279976724320483,-0.34283420437907763,0.517784243929682,0.4505000071976035,0.5014865261694402,0.5355088724952519,0.5006579663412959,0.5859260722066093,0.37154979438465885,0.7084336547222841,0.4891314965542483,0.6107564396878027,0.7909439647017144,0.9381738431236107,2
0.05279758279323938,-0.3599988730018127,-0.34283420437907763,0.517784243929682,-0.42477219371265235,0.5014865261694402,-0.3005301353349685,-0.34562363251582434,0.5859260722066093,-0.5046531526292226,0.7084336547222841,-0.34195476764483496,0.6107564396878027,-0.12459000680439548,0.9381738431236107,1
-0.7060063858499618,-0.3599988730018127,0.538617457162585,-1.2618546338524181,-0.42477219371265235,-1.2404361647281947,-1.136569143165189,0.5006579663412959,0.5859260722066093,-1.380856099643104,0.7084336547222841,-1.1730410318439182,0.6107564396878027,-1.0401239783105054,-0.8118356434872271,1
0.05279758279323938,-0.3599988730018127,-0.34283420437907763,-0.3720351949613681,-0.42477219371265235,-0.36947481927937725,-0.3005301353349685,-0.34562363251582434,-0.2787860242320479,-0.5046531526292226,-0.1889043044961856,-0.34195476764483496,-0.27986016484131826,-0.12459000680439548,0.06316909981819177,1
0.8116015514364405,-0.3599988730018127,-0.34283420437907763,-0.3720351949613681,-0.42477219371265235,0.5014865261694402,0.5355088724952519,-0.34562363251582434,0.5859260722066093,1.2477527413985403,-0.1889043044961856,0.4891314965542483,1.5013730442169235,-0.12459000680439548,-0.8118356434872271,1
-0.7060063858499618,-1.2479954184356736,1.4200691187042478,-0.3720351949613681,-0.42477219371265235,1.3724478716182575,-0.3005301353349685,-1.1919052313729446,1.4506381686452665,1.2477527413985403,-0.1889043044961856,-1.1730410318439182,-1.1704767693704392,-1.0401239783105054,-0.8118356434872271,1
0.8116015514364405,0.5279976724320483,0.538617457162585,-0.3720351949613681,-0.42477219371265235,-0.36947481927937725,0.5355088724952519,0.5006579663412959,0.5859260722066093,0.37154979438465885,0.7084336547222841,0.4891314965542483,0.6107564396878027,0.7909439647017144,0.9381738431236107,1
-1.4648103544931628,-1.2479954184356736,-1.2242858659207403,-1.2618546338524181,-1.300044394622908,-1.2404361647281947,-1.136569143165189,-1.1919052313729446,-1.143498120670705,-0.5046531526292226,-0.1889043044961856,-0.34195476764483496,-1.1704767693704392,-1.0401239783105054,-0.8118356434872271,0
1.5704055200796414,1.4159942178659093,1.4200691187042478,1.4076036828207321,1.3257722081078593,1.3724478716182575,1.3715478803254724,1.346939565198416,1.4506381686452665,1.2477527413985403,1.6057716139407539,1.3202177607533314,1.5013730442169235,1.7064779362078242,1.8131785864290297,2
0.05279758279323938,-1.2479954184356736,-1.2242858659207403,-1.2618546338524181,-1.300044394622908,-1.2404361647281947,-1.136569143165189,-1.1919052313729446,-1.143498120670705,-0.5046531526292226,-1.0862422637146554,-1.1730410318439182,-1.1704767693704392,-1.0401239783105054,-0.8118356434872271,0
-1.4648103544931628,-0.3599988730018127,0.538617457162585,0.517784243929682,0.4505000071976035,0.5014865261694402,-0.3005301353349685,-0.34562363251582434,1.4506381686452665,0.37154979438465885,0.7084336547222841,-0.34195476764483496,-0.27986016484131826,-1.0401239783105054,-0.8118356434872271,1
0.8116015514364405,-0.3599988730018127,-0.34283420437907763,0.517784243929682,-0.42477219371265235,0.5014865261694402,0.5355088724952519,0.5006579663412959,0.5859260722066093,-0.5046531526292226,0.7084336547222841,0.4891314965542483,-0.27986016484131826,-1.0401239783105054,-0.8118356434872271,1
0.8116015514364405,-0.3599988730018127,1.4200691187042478,0.517784243929682,-0.42477219371265235,-0.36947481927937725,1.3715478803254724,-1.1919052313729446,-1.143498120670705,1.2477527413985403,-0.1889043044961856,0.4891314965542483,1.5013730442169235,0.7909439647017144,0.9381738431236107,1
0.8116015514364405,0.5279976724320483,0.538617457162585,1.4076036828207321,0.4505000071976035,-0.36947481927937725,0.5355088724952519,0.5006579663412959,1.4506381686452665,0.37154979438465885,0.7084336547222841,0.4891314965542483,0.6107564396878027,0.7909439647017144,1.8131785864290297,1
0.05279758279323938,1.4159942178659093,1.4200691187042478,1.4076036828207321,0.4505000071976035,-0.36947481927937725,1.3715478803254724,1.346939565198416,-0.2787860242320479,1.2477527413985403,-0.1889043044961856,1.3202177607533314,-0.27986016484131826,0.7909439647017144,0.06316909981819177,2
-0.7060063858499618,-1.2479954184356736,-1.2242858659207403,-0.3720351949613681,-1.300044394622908,-1.2404361647281947,-0.3005301353349685,0.5006579663412959,-1.143498120670705,-0.5046531526292226,-1.0862422637146554,-0.34195476764483496,-1.1704767693704392,-1.0401239783105054,-0.8118356434872271,1
0.05279758279323938,1.4159942178659093,-1.2242858659207403,1.4076036828207321,1.3257722081078593,1.3724478716182575,0.5355088724952519,1.346939565198416,-0.2787860242320479,1.2477527413985403,0.7084336547222841,1.3202177607533314,1.5013730442169235,0.7909439647017144,1.8131785864290297,2
-1.4648103544931628,-1.2479954184356736,-1.2242858659207403,-1.2618546338524181,-1.300044394622908,-1.2404361647281947,-1.136569143165189,-1.1919052313729446,-1.143498120670705,-1.380856099643104,-0.1889043044961856,-1.1730410318439182,-1.1704767693704392,-1.0401239783105054,-0.8118356434872271,0
0.8116015514364405,1.4159942178659093,1.4200691187042478,0.517784243929682,1.3257722081078593,-0.36947481927937725,1.3715478803254724,1.346939565198416,1.4506381686452665,1.2477527413985403,-1.0862422637146554,1.3202177607533314,1.5013730442169235,0.7909439647017144,1.8131785864290297,2
1.5704055200796414,1.4159942178659093,1.4200691187042478,1.4076036828207321,1.3257722081078593,1.3724478716182575,1.3715478803254724,1.346939565198416,1.4506381686452665,1.2477527413985403,1.6057716139407539,1.3202177607533314,1.5013730442169235,1.7064779362078242,1.8131785864290297,2
0.05279758279323938,0.5279976724320483,0.538617457162585,1.4076036828207321,0.4505000071976035,1.3724478716182575,1.3715478803254724,1.346939565198416,1.4506381686452665,1.2477527413985403,1.6057716139407539,1.3202177607533314,-0.27986016484131826,0.7909439647017144,1.8131785864290297,2
0.05279758279323938,-0.3599988730018127,-0.34283420437907763,-0.3720351949613681,-0.42477219371265235,-0.36947481927937725,-0.3005301353349685,-0.34562363251582434,-0.2787860242320479,-0.5046531526292226,0.7084336547222841,-0.34195476764483496,0.6107564396878027,-1.0401239783105054,-0.8118356434872271,1
0.05279758279323938,-0.3599988730018127,1.4200691187042478,0.517784243929682,0.4505000071976035,1.3724478716182575,0.5355088724952519,-0.34562363251582434,-0.2787860242320479,0.37154979438465885,-0.1889043044961856,0.4891314965542483,-0.27986016484131826,-0.12459000680439548,-0.8118356434872271,1
-1.4648103544931628,1.4159942178659093,1.4200691187042478,1.4076036828207321,-0.42477219371265235,-0.36947481927937725,1.3715478803254724,-1.1919052313729446,-0.2787860242320479,-0.5046531526292226,-0.1889043044961856,-0.34195476764483496,0.6107564396878027,-0.12459000680439548,-0.8118356434872271,1
1.5704055200796414,1.4159942178659093,1.4200691187042478,1.4076036828207321,0.4505000071976035,1.3724478716182575,1.3715478803254724,1.346939565198416,1.4506381686452665,1.2477527413985403,1.6057716139407539,1.3202177607533314,0.6107564396878027,0.7909439647017144,1.8131785864290297,2
0.8116015514364405,1.4159942178659093,-0.34283420437907763,1.4076036828207321,1.3257722081078593,1.3724478716182575,1.3715478803254724,0.5006579663412959,-1.143498120670705,1.2477527413985403,1.6057716139407539,0.4891314965542483,-1.1704767693704392,-1.0401239783105054,-0.8118356434872271,1
0.8116015514364405,1.4159942178659093,1.4200691187042478,1.4076036828207321,1.3257722081078593,0.5014865261694402,1.3715478803254724,0.5006579663412959,1.4506381686452665,1.2477527413985403,0.7084336547222841,0.4891314965542483,0.6107564396878027,-0.12459000680439548,-0.8118356434872271,2
0.05279758279323938,0.5279976724320483,0.538617457162585,1.4076036828207321,1.3257722081078593,-0.36947481927937725,0.5355088724952519,1.346939565198416,0.5859260722066093,0.37154979438465885,-0.1889043044961856,1.3202177607533314,1.5013730442169235,0.7909439647017144,0.9381738431236107,1
-0.7060063858499618,-0.3599988730018127,-0.34283420437907763,-0.3720351949613681,-0.42477219371265235,0.5014865261694402,-0.3005301353349685,-0.34562363251582434,0.5859260722066093,0.37154979438465885,-0.1889043044961856,-0.34195476764483496,-0.27986016484131826,0.7909439647017144,0.06316909981819177,1
-1.4648103544931628,-0.3599988730018127,-1.2242858659207403,-0.3720351949613681,-0.42477219371265235,-1.2404361647281947,-1.136569143165189,-1.1919052313729446,-1.143498120670705,-1.380856099643104,-1.0862422637146554,-1.1730410318439182,-1.1704767693704392,-1.0401239783105054,-0.8118356434872271,0
1.5704055200796414,0.5279976724320483,1.4200691187042478,1.4076036828207321,1.3257722081078593,0.5014865261694402,1.3715478803254724,1.346939565198416,0.5859260722066093,0.37154979438465885,-0.1889043044961856,1.3202177607533314,0.6107564396878027,-1.0401239783105054,1.8131785864290297,2
0.05279758279323938,1.4159942178659093,0.538617457162585,1.4076036828207321,1.3257722081078593,1.3724478716182575,1.3715478803254724,1.346939565198416,1.4506381686452665,1.2477527413985403,1.6057716139407539,1.3202177607533314,1.5013730442169235,1.7064779362078242,1.8131785864290297,2
0.05279758279323938,1.4159942178659093,-1.2242858659207403,-1.2618546338524181,1.3257722081078593,1.3724478716182575,1.3715478803254724,-1.1919052313729446,-1.143498120670705,-1.380856099643104,-1.0862422637146554,-0.34195476764483496,-0.27986016484131826,-0.12459000680439548,0.06316909981819177,1
0.05279758279323938,1.4159942178659093,-0.34283420437907763,1.4076036828207321,1.3257722081078593,-0.36947481927937725,1.3715478803254724,-0.34562363251582434,-0.2787860242320479,-0.5046531526292226,-0.1889043044961856,-0.34195476764483496,-0.27986016484131826,-0.12459000680439548,0.06316909981819177,1
0.8116015514364405,0.5279976724320483,0.538617457162585,-0.3720351949613681,0.4505000071976035,0.5014865261694402,-0.3005301353349685,0.5006579663412959,0.5859260722066093,1.2477527413985403,0.7084336547222841,1.3202177607533314,0.6107564396878027,0.7909439647017144,0.9381738431236107,1
0.8116015514364405,-0.3599988730018127,-0.34283420437907763,-0.3720351949613681,-0.42477219371265235,-0.36947481927937725,-0.3005301353349685,0.5006579663412959,-0.2787860242320479,0.37154979438465885,-0.1889043044961856,-0.34195476764483496,-0.27986016484131826,-0.12459000680439548,0.9381738431236107,1
1.5704055200796414,1.4159942178659093,1.4200691187042478,1.4076036828207321,1.3257722081078593,1.3724478716182575,1.3715478803254724,1.346939565198416,1.4506381686452665,1.2477527413985403,1.6057716139407539,1.3202177607533314,-0.27986016484131826,1.7064779362078242,1.8131785864290297,2
1.5704055200796414,1.4159942178659093,-1.2242858659207403,1.4076036828207321,1.3257722081078593,1.3724478716182575,1.3715478803254724,-0.34562363251582434,1.4506381686452665,1.2477527413985403,1.6057716139407539,1.3202177607533314,1.5013730442169235,1.7064779362078242,1.8131785864290297,2
0.05279758279323938,-0.3599988730018127,-0.34283420437907763,-0.3720351949613681,-0.42477219371265235,-0.36947481927937725,-0.3005301353349685,-0.34562363251582434,-0.2787860242320479,0.37154979438465885,-0.1889043044961856,0.4891314965542483,-0.27986016484131826,-0.12459000680439548,-0.8118356434872271,1
0.8116015514364405,0.5279976724320483,-1.2242858659207403,1.4076036828207321,0.4505000071976035,-0.36947481927937725,-1.136569143165189,0.5006579663412959,-0.2787860242320479,-1.380856099643104,1.6057716139407539,0.4891314965542483,-0.27986016484131826,-1.0401239783105054,1.8131785864290297,1
1.5704055200796414,1.4159942178659093,1.4200691187042478,1.4076036828207321,0.4505000071976035,1.3724478716182575,1.3715478803254724,1.346939565198416,1.4506381686452665,1.2477527413985403,0.7084336547222841,1.3202177607533314,1.5013730442169235,1.7064779362078242,0.9381738431236107,2
-1.4648103544931628,-0.3599988730018127,-1.2242858659207403,0.517784243929682,-0.42477219371265235,-0.36947481927937725,-0.3005301353349685,-0.34562363251582434,0.5859260722066093,0.37154979438465885,-1.0862422637146554,-0.34195476764483496,-1.1704767693704392,-0.12459000680439548,0.9381738431236107,1
-1.4648103544931628,0.5279976724320483,-0.34283420437907763,-0.3720351949613681,0.4505000071976035,0.5014865261694402,0.5355088724952519,0.5006579663412959,-0.2787860242320479,-0.5046531526292226,0.7084336547222841,-0.34195476764483496,1.5013730442169235,-0.12459000680439548,0.06316909981819177,1
0.8116015514364405,0.5279976724320483,0.538617457162585,0.517784243929682,0.4505000071976035,0.5014865261694402,-0.3005301353349685,-0.34562363251582434,-0.2787860242320479,-0.5046531526292226,-0.1889043044961856,-0.34195476764483496,-0.27986016484131826,-1.0401239783105054,-0.8118356434872271,1
-0.7060063858499618,-1.2479954184356736,-0.34283420437907763,-0.3720351949613681,-0.42477219371265235,-0.36947481927937725,-0.3005301353349685,-0.34562363251582434,-0.2787860242320479,-0.5046531526292226,-1.0862422637146554,-1.1730410318439182,-0.27986016484131826,-1.0401239783105054,-0.8118356434872271,1
0.05279758279323938,0.5279976724320483,0.538617457162585,0.517784243929682,-0.42477219371265235,0.5014865261694402,-0.3005301353349685,0.5006579663412959,-0.2787860242320479,0.37154979438465885,-0.1889043044961856,0.4891314965542483,0.6107564396878027,0.7909439647017144,-0.8118356434872271,1
0.05279758279323938,1.4159942178659093,1.4200691187042478,1.4076036828207321,1.3257722081078593,1.3724478716182575,1.3715478803254724,-0.34562363251582434,1.4506381686452665,1.2477527413985403,1.6057716139407539,1.3202177607533314,1.5013730442169235,1.7064779362078242,1.8131785864290297,2
0.8116015514364405,0.5279976724320483,0.538617457162585,0.517784243929682,0.4505000071976035,1.3724478716182575,1.3715478803254724,0.5006579663412959,1.4506381686452665,1.2477527413985403,0.7084336547222841,1.3202177607533314,0.6107564396878027,0.7909439647017144,1.8131785864290297,2
0.8116015514364405,0.5279976724320483,-0.34283420437907763,-0.3720351949613681,0.4505000071976035,-0.36947481927937725,0.5355088724952519,-0.34562363251582434,0.5859260722066093,1.2477527413985403,0.7084336547222841,0.4891314965542483,-0.27986016484131826,-0.12459000680439548,1.8131785864290297,2
0.05279758279323938,-0.3599988730018127,-0.34283420437907763,-0.3720351949613681,-0.42477219371265235,-0.36947481927937725,-0.3005301353349685,0.5006579663412959,0.5859260722066093,1.2477527413985403,-0.1889043044961856,-0.34195476764483496,-1.1704767693704392,-0.12459000680439548,-0.8118356434872271,1
-0.7060063858499618,-0.3599988730018127,-0.34283420437907763,-1.2618546338524181,-0.42477219371265235,-0.36947481927937725,-1.136569143165189,-0.34562363251582434,-1.143498120670705,-1.380856099643104,-1.0862422637146554,-1.1730410318439182,-1.1704767693704392,-1.0401239783105054,-0.8118356434872271,0
0.05279758279323938,-0.3599988730018127,0.538617457162585,-0.3720351949613681,-1.300044394622908,-0.36947481927937725,-0.3005301353349685,-0.34562363251582434,-0.2787860242320479,0.37154979438465885,-0.1889043044961856,-1.1730410318439182,-1.1704767693704392,-1.0401239783105054,-0.8118356434872271,1
0.05279758279323938,0.5279976724320483,-0.34283420437907763,-0.3720351949613681,-0.42477219371265235,1.3724478716182575,-0.3005301353349685,-0.34562363251582434,0.5859260722066093,0.37154979438465885,-0.1889043044961856,-0.34195476764483496,-0.27986016484131826,0.7909439647017144,0.9381738431236107,1
1.5704055200796414,0.5279976724320483,0.538617457162585,0.517784243929682,0.4505000071976035,-0.36947481927937725,1.3715478803254724,1.346939565198416,1.4506381686452665,1.2477527413985403,0.7084336547222841,1.3202177607533314,0.6107564396878027,0.7909439647017144,-0.8118356434872271,2
0.05279758279323938,-0.3599988730018127,-0.34283420437907763,-0.3720351949613681,-0.42477219371265235,-0.36947481927937725,-0.3005301353349685,-1.1919052313729446,-1.143498120670705,0.37154979438465885,-1.0862422637146554,-1.1730410318439182,-1.1704767693704392,-0.12459000680439548,-0.8118356434872271,1
0.05279758279323938,0.5279976724320483,-0.34283420437907763,0.517784243929682,0.4505000071976035,0.5014865261694402,1.3715478803254724,1.346939565198416,1.4506381686452665,0.37154979438465885,0.7084336547222841,0.4891314965542483,0.6107564396878027,1.7064779362078242,0.9381738431236107,2
1.5704055200796414,1.4159942178659093,1.4200691187042478,1.4076036828207321,1.3257722081078593,1.3724478716182575,1.3715478803254724,1.346939565198416,1.4506381686452665,1.2477527413985403,0.7084336547222841,1.3202177607533314,0.6107564396878027,1.7064779362078242,-0.8118356434872271,2
0.8116015514364405,1.4159942178659093,0.538617457162585,1.4076036828207321,1.3257722081078593,1.3724478716182575,1.3715478803254724,1.346939565198416,1.4506381686452665,1.2477527413985403,1.6057716139407539,1.3202177607533314,1.5013730442169235,1.7064779362078242,1.8131785864290297,2
1.5704055200796414,1.4159942178659093,1.4200691187042478,1.4076036828207321,1.3257722081078593,1.3724478716182575,1.3715478803254724,1.346939565198416,1.4506381686452665,1.2477527413985403,-0.1889043044961856,1.3202177607533314,1.5013730442169235,1.7064779362078242,1.8131785864290297,2
0.05279758279323938,-1.2479954184356736,-0.34283420437907763,-0.3720351949613681,-0.42477219371265235,-0.36947481927937725,-0.3005301353349685,-0.34562363251582434,-0.2787860242320479,-0.5046531526292226,-0.1889043044961856,-0.34195476764483496,-0.27986016484131826,-0.12459000680439548,0.06316909981819177,1
0.05279758279323938,0.5279976724320483,0.538617457162585,0.517784243929682,0.4505000071976035,0.5014865261694402,1.3715478803254724,1.346939565198416,0.5859260722066093,1.2477527413985403,1.6057716139407539,1.3202177607533314,0.6107564396878027,1.7064779362078242,0.9381738431236107,2
0.05279758279323938,-0.3599988730018127,-0.34283420437907763,-0.3720351949613681,-1.300044394622908,-1.2404361647281947,-1.136569143165189,-1.1919052313729446,-0.2787860242320479,-0.5046531526292226,1.6057716139407539,-1.1730410318439182,-1.1704767693704392,-0.12459000680439548,0.06316909981819177,1
-0.7060063858499618,-0.3599988730018127,-0.34283420437907763,-0.3720351949613681,-0.42477219371265235,-0.36947481927937725,-0.3005301353349685,-0.34562363251582434,-0.2787860242320479,-0.5046531526292226,-0.1889043044961856,-0.34195476764483496,-0.27986016484131826,-0.12459000680439548,0.06316909981819177,1
0.05279758279323938,-1.2479954184356736,-0.34283420437907763,-0.3720351949613681,-1.300044394622908,-0.36947481927937725,-1.136569143165189,-0.34562363251582434,-0.2787860242320479,-0.5046531526292226,-1.0862422637146554,1.3202177607533314,1.5013730442169235,-0.12459000680439548,0.06316909981819177,1
0.05279758279323938,-0.3599988730018127,1.4200691187042478,1.4076036828207321,1.3257722081078593,1.3724478716182575,0.5355088724952519,1.346939565198416,0.5859260722066093,1.2477527413985403,1.6057716139407539,1.3202177607533314,1.5013730442169235,1.7064779362078242,1.8131785864290297,2
0.05279758279323938,-0.3599988730018127,0.538617457162585,0.517784243929682,0.4505000071976035,0.5014865261694402,0.5355088724952519,0.5006579663412959,0.5859260722066093,-0.5046531526292226,0.7084336547222841,0.4891314965542483,0.6107564396878027,-0.12459000680439548,0.9381738431236107,1
0.05279758279323938,1.4159942178659093,0.538617457162585,0.517784243929682,1.3257722081078593,0.5014865261694402,1.3715478803254724,0.5006579663412959,-0.2787860242320479,-0.5046531526292226,1.6057716139407539,-0.34195476764483496,1.5013730442169235,1.7064779362078242,-0.8118356434872271,2
0.8116015514364405,-0.3599988730018127,-0.34283420437907763,-0.3720351949613681,-0.42477219371265235,-0.36947481927937725,-1.136569143165189,0.5006579663412959,1.4506381686452665,1.2477527413985403,1.6057716139407539,1.3202177607533314,1.5013730442169235,-0.12459000680439548,-0.8118356434872271,1
0.05279758279323938,-0.3599988730018127,1.4200691187042478,0.517784243929682,0.4505000071976035,1.3724478716182575,0.5355088724952519,0.5006579663412959,1.4506381686452665,1.2477527413985403,1.6057716139407539,0.4891314965542483,1.5013730442169235,0.7909439647017144,-0.8118356434872271,2
0.05279758279323938,0.5279976724320483,0.538617457162585,0.517784243929682,0.4505000071976035,0.5014865261694402,1.3715478803254724,0.5006579663412959,-0.2787860242320479,0.37154979438465885,0.7084336547222841,1.3202177607533314,0.6107564396878027,0.7909439647017144,-0.8118356434872271,2
0.05279758279323938,0.5279976724320483,0.538617457162585,-0.3720351949613681,-0.42477219371265235,1.3724478716182575,0.5355088724952519,-0.34562363251582434,-1.143498120670705,-0.5046531526292226,-1.0862422637146554,0.4891314965542483,-0.27986016484131826,-0.12459000680439548,-0.8118356434872271,1
-0.7060063858499618,-1.2479954184356736,-1.2242858659207403,-0.3720351949613681,-1.300044394622908,-1.2404361647281947,-1.136569143165189,-0.34562363251582434,0.5859260722066093,-0.5046531526292226,-1.0862422637146554,-0.34195476764483496,0.6107564396878027,0.7909439647017144,-0.8118356434872271,1
1.5704055200796414,1.4159942178659093,1.4200691187042478,1.4076036828207321,1.3257722081078593,1.3724478716182575,1.3715478803254724,1.346939565198416,1.4506381686452665,1.2477527413985403,1.6057716139407539,1.3202177607533314,1.5013730442169235,1.7064779362078242,1.8131785864290297,2
1.5704055200796414,1.4159942178659093,1.4200691187042478,1.4076036828207321,1.3257722081078593,1.3724478716182575,1.3715478803254724,1.346939565198416,1.4506381686452665,1.2477527413985403,1.6057716139407539,1.3202177607533314,1.5013730442169235,1.7064779362078242,1.8131785864290297,2
0.8116015514364405,-0.3599988730018127,-0.34283420437907763,-0.3720351949613681,0.4505000071976035,-0.36947481927937725,0.5355088724952519,1.346939565198416,-0.2787860242320479,-0.5046531526292226,-1.0862422637146554,-1.1730410318439182,-0.27986016484131826,-0.12459000680439548,-0.8118356434872271,1
-0.7060063858499618,0.5279976724320483,1.4200691187042478,-0.3720351949613681,-0.42477219371265235,1.3724478716182575,-0.3005301353349685,0.5006579663412959,1.4506381686452665,1.2477527413985403,1.6057716139407539,-0.34195476764483496,0.6107564396878027,0.7909439647017144,-0.8118356434872271,1
0.05279758279323938,0.5279976724320483,0.538617457162585,1.4076036828207321,0.4505000071976035,0.5014865261694402,-0.3005301353349685,0.5006579663412959,0.5859260722066093,-0.5046531526292226,-0.1889043044961856,0.4891314965542483,0.6107564396878027,0.7909439647017144,0.9381738431236107,2
0.05279758279323938,1.4159942178659093,1.4200691187042478,-0.3720351949613681,0.4505000071976035,0.5014865261694402,0.5355088724952519,-0.34562363251582434,0.5859260722066093,1.2477527413985403,-0.1889043044961856,-0.34195476764483496,-0.27986016484131826,-0.12459000680439548,0.06316909981819177,1
1.5704055200796414,1.4159942178659093,1.4200691187042478,1.4076036828207321,0.4505000071976035,0.5014865261694402,-0.3005301353349685,1.346939565198416,1.4506381686452665,1.2477527413985403,1.6057716139407539,1.3202177607533314,1.5013730442169235,-0.12459000680439548,-0.8118356434872271,2
0.05279758279323938,1.4159942178659093,0.538617457162585,1.4076036828207321,0.4505000071976035,0.5014865261694402,0.5355088724952519,1.346939565198416,-1.143498120670705,1.2477527413985403,0.7084336547222841,1.3202177607533314,1.5013730442169235,0.7909439647017144,0.9381738431236107,2
1.5704055200796414,1.4159942178659093,1.4200691187042478,0.517784243929682,1.3257722081078593,1.3724478716182575,1.3715478803254724,1.346939565198416,1.4506381686452665,1.2477527413985403,-0.1889043044961856,1.3202177607533314,1.5013730442169235,1.7064779362078242,1.8131785864290297,2
0.05279758279323938,-1.2479954184356736,-0.34283420437907763,-1.2618546338524181,-0.42477219371265235,-0.36947481927937725,-0.3005301353349685,-0.34562363251582434,1.4506381686452665,1.2477527413985403,0.7084336547222841,-0.34195476764483496,-0.27986016484131826,-0.12459000680439548,0.06316909981819177,1
0.8116015514364405,0.5279976724320483,-0.34283420437907763,1.4076036828207321,-0.42477219371265235,1.3724478716182575,0.5355088724952519,1.346939565198416,-0.2787860242320479,0.37154979438465885,-1.0862422637146554,1.3202177607533314,-1.1704767693704392,0.7909439647017144,1.8131785864290297,2
-1.4648103544931628,-1.2479954184356736,-1.2242858659207403,-1.2618546338524181,-1.300044394622908,-1.2404361647281947,-1.136569143165189,0.5006579663412959,0.5859260722066093,0.37154979438465885,0.7084336547222841,0.4891314965542483,0.6107564396878027,0.7909439647017144,0.9381738431236107,0
0.05279758279323938,0.5279976724320483,-1.2242858659207403,1.4076036828207321,-1.300044394622908,-1.2404361647281947,-0.3005301353349685,-1.1919052313729446,-0.2787860242320479,-0.5046531526292226,-0.1889043044961856,-1.1730410318439182,1.5013730442169235,-0.12459000680439548,0.06316909981819177,1
-1.4648103544931628,0.5279976724320483,-0.34283420437907763,0.517784243929682,0.4505000071976035,0.5014865261694402,0.5355088724952519,0.5006579663412959,0.5859260722066093,0.37154979438465885,0.7084336547222841,0.4891314965542483,0.6107564396878027,0.7909439647017144,0.9381738431236107,1
-0.7060063858499618,0.5279976724320483,1.4200691187042478,1.4076036828207321,0.4505000071976035,0.5014865261694402,0.5355088724952519,0.5006579663412959,-1.143498120670705,1.2477527413985403,1.6057716139407539,0.4891314965542483,0.6107564396878027,1.7064779362078242,1.8131785864290297,2
0.05279758279323938,0.5279976724320483,-0.34283420437907763,1.4076036828207321,0.4505000071976035,1.3724478716182575,-0.3005301353349685,1.346939565198416,1.4506381686452665,0.37154979438465885,-0.1889043044961856,-0.34195476764483496,1.5013730442169235,0.7909439647017144,0.9381738431236107,1
0.8116015514364405,-0.3599988730018127,0.538617457162585,-0.3720351949613681,1.3257722081078593,1.3724478716182575,-0.3005301353349685,0.5006579663412959,1.4506381686452665,1.2477527413985403,0.7084336547222841,1.3202177607533314,0.6107564396878027,0.7909439647017144,-0.8118356434872271,2
1.5704055200796414,1.4159942178659093,1.4200691187042478,1.4076036828207321,1.3257722081078593,1.3724478716182575,1.3715478803254724,1.346939565198416,1.4506381686452665,1.2477527413985403,-1.0862422637146554,1.3202177607533314,1.5013730442169235,1.7064779362078242,0.9381738431236107,2
0.05279758279323938,0.5279976724320483,-0.34283420437907763,-0.3720351949613681,-0.42477219371265235,-0.36947481927937725,0.5355088724952519,0.5006579663412959,0.5859260722066093,0.37154979438465885,0.7084336547222841,0.4891314965542483,0.6107564396878027,0.7909439647017144,0.9381738431236107,1
0.05279758279323938,-0.3599988730018127,-0.34283420437907763,-0.3720351949613681,-0.42477219371265235,-0.36947481927937725,-0.3005301353349685,-0.34562363251582434,-0.2787860242320479,-0.5046531526292226,-0.1889043044961856,-0.34195476764483496,-0.27986016484131826,-0.12459000680439548,0.06316909981819177,1
1.5704055200796414,1.4159942178659093,1.4200691187042478,1.4076036828207321,1.3257722081078593,1.3724478716182575,1.3715478803254724,1.346939565198416,1.4506381686452665,1.2477527413985403,-1.0862422637146554,1.3202177607533314,1.5013730442169235,1.7064779362078242,1.8131785864290297,2
0.05279758279323938,0.5279976724320483,0.538617457162585,0.517784243929682,0.4505000071976035,0.5014865261694402,0.5355088724952519,0.5006579663412959,0.5859260722066093,0.37154979438465885,0.7084336547222841,0.4891314965542483,0.6107564396878027,0.7909439647017144,-0.8118356434872271,1
0.05279758279323938,0.5279976724320483,0.538617457162585,-0.3720351949613681,0.4505000071976035,0.5014865261694402,1.3715478803254724,1.346939565198416,-1.143498120670705,-0.5046531526292226,-0.1889043044961856,1.3202177607533314,-0.27986016484131826,0.7909439647017144,0.9381738431236107,1
0.8116015514364405,-0.3599988730018127,-0.34283420437907763,0.517784243929682,1.3257722081078593,0.5014865261694402,1.3715478803254724,0.5006579663412959,1.4506381686452665,-0.5046531526292226,0.7084336547222841,-0.34195476764483496,-0.27986016484131826,-1.0401239783105054,-0.8118356434872271,1
0.05279758279323938,1.4159942178659093,-0.34283420437907763,-0.3720351949613681,1.3257722081078593,0.5014865261694402,0.5355088724952519,1.346939565198416,1.4506381686452665,1.2477527413985403,1.6057716139407539,0.4891314965542483,0.6107564396878027,0.7909439647017144,0.06316909981819177,2
0.05279758279323938,-1.2479954184356736,-0.34283420437907763,-0.3720351949613681,-1.300044394622908,-1.2404361647281947,-0.3005301353349685,0.5006579663412959,0.5859260722066093,0.37154979438465885,-1.0862422637146554,-1.1730410318439182,-0.27986016484131826,0.7909439647017144,0.9381738431236107,1
0.05279758279323938,0.5279976724320483,-0.34283420437907763,-1.2618546338524181,-1.300044394622908,-1.2404361647281947,-1.136569143165189,-1.1919052313729446,0.5859260722066093,-1.380856099643104,-0.1889043044961856,0.4891314965542483,1.5013730442169235,0.7909439647017144,0.06316909981819177,1
0.8116015514364405,0.5279976724320483,0.538617457162585,0.517784243929682,0.4505000071976035,-0.36947481927937725,0.5355088724952519,0.5006579663412959,1.4506381686452665,1.2477527413985403,1.6057716139407539,1.3202177607533314,0.6107564396878027,-0.12459000680439548,1.8131785864290297,2
0.05279758279323938,1.4159942178659093,-1.2242858659207403,1.4076036828207321,1.3257722081078593,1.3724478716182575,1.3715478803254724,1.346939565198416,0.5859260722066093,1.2477527413985403,0.7084336547222841,1.3202177607533314,1.5013730442169235,1.7064779362078242,0.9381738431236107,2
-0.7060063858499618,-1.2479954184356736,-1.2242858659207403,-1.2618546338524181,-1.300044394622908,0.5014865261694402,-1.136569143165189,1.346939565198416,1.4506381686452665,1.2477527413985403,-0.1889043044961856,-0.34195476764483496,1.5013730442169235,0.7909439647017144,-0.8118356434872271,2
0.05279758279323938,-0.3599988730018127,0.538617457162585,1.4076036828207321,0.4505000071976035,0.5014865261694402,-0.3005301353349685,-0.34562363251582434,-0.2787860242320479,0.37154979438465885,-0.1889043044961856,0.4891314965542483,1.5013730442169235,-1.0401239783105054,0.06316909981819177,1
0.05279758279323938,-0.3599988730018127,-0.34283420437907763,-1.2618546338524181,-0.42477219371265235,-0.36947481927937725,-1.136569143165189,1.346939565198416,0.5859260722066093,1.2477527413985403,-0.1889043044961856,1.3202177607533314,-0.27986016484131826,-1.0401239783105054,-0.8118356434872271,1
0.8116015514364405,1.4159942178659093,0.538617457162585,-0.3720351949613681,1.3257722081078593,1.3724478716182575,-0.3005301353349685,1.346939565198416,0.5859260722066093,1.2477527413985403,0.7084336547222841,1.3202177607533314,0.6107564396878027,0.7909439647017144,0.9381738431236107,1
0.05279758279323938,0.5279976724320483,0.538617457162585,-0.3720351949613681,1.3257722081078593,0.5014865261694402,0.5355088724952519,1.346939565198416,1.4506381686452665,1.2477527413985403,-0.1889043044961856,-0.34195476764483496,0.6107564396878027,0.7909439647017144,0.06316909981819177,1
-1.4648103544931628,-0.3599988730018127,-0.34283420437907763,0.517784243929682,0.4505000071976035,-0.36947481927937725,-0.3005301353349685,-0.34562363251582434,-0.2787860242320479,-0.5046531526292226,0.7084336547222841,-1.1730410318439182,0.6107564396878027,-0.12459000680439548,-0.8118356434872271,1
-0.7060063858499618,-0.3599988730018127,-0.34283420437907763,-0.3720351949613681,-0.42477219371265235,-0.36947481927937725,-0.3005301353349685,-0.34562363251582434,-0.2787860242320479,-0.5046531526292226,-0.1889043044961856,-0.34195476764483496,-0.27986016484131826,-0.12459000680439548,0.06316909981819177,1
-1.4648103544931628,-1.2479954184356736,-0.34283420437907763,-0.3720351949613681,0.4505000071976035,0.5014865261694402,-0.3005301353349685,0.5006579663412959,-0.2787860242320479,0.37154979438465885,0.7084336547222841,-1.1730410318439182,0.6107564396878027,-0.12459000680439548,-0.8118356434872271,1
-1.4648103544931628,-0.3599988730018127,0.538617457162585,0.517784243929682,-1.300044394622908,0.5014865261694402,0.5355088724952519,1.346939565198416,-0.2787860242320479,0.37154979438465885,-0.1889043044961856,0.4891314965542483,-1.1704767693704392,0.7909439647017144,0.9381738431236107,1
0.05279758279323938,1.4159942178659093,0.538617457162585,-0.3720351949613681,-0.42477219371265235,-0.36947481927937725,0.5355088724952519,1.346939565198416,-0.2787860242320479,1.2477527413985403,-0.1889043044961856,0.4891314965542483,0.6107564396878027,-0.12459000680439548,0.06316909981819177,1
1.5704055200796414,1.4159942178659093,1.4200691187042478,1.4076036828207321,1.3257722081078593,1.3724478716182575,0.5355088724952519,1.346939565198416,-1.143498120670705,1.2477527413985403,1.6057716139407539,1.3202177607533314,1.5013730442169235,1.7064779362078242,1.8131785864290297,2
0.05279758279323938,0.5279976724320483,0.538617457162585,0.517784243929682,0.4505000071976035,-0.36947481927937725,-0.3005301353349685,-0.34562363251582434,-0.2787860242320479,-0.5046531526292226,-0.1889043044961856,-0.34195476764483496,-0.27986016484131826,-0.12459000680439548,0.06316909981819177,1
0.05279758279323938,-0.3599988730018127,-0.34283420437907763,0.517784243929682,-0.42477219371265235,-0.36947481927937725,0.5355088724952519,-1.1919052313729446,-1.143498120670705,-0.5046531526292226,-0.1889043044961856,-0.34195476764483496,0.6107564396878027,-0.12459000680439548,-0.8118356434872271,1
1.5704055200796414,1.4159942178659093,1.4200691187042478,1.4076036828207321,1.3257722081078593,-0.36947481927937725,-0.3005301353349685,1.346939565198416,1.4506381686452665,1.2477527413985403,0.7084336547222841,1.3202177607533314,1.5013730442169235,0.7909439647017144,-0.8118356434872271,2
0.05279758279323938,1.4159942178659093,0.538617457162585,1.4076036828207321,1.3257722081078593,0.5014865261694402,1.3715478803254724,1.346939565198416,0.5859260722066093,1.2477527413985403,-0.1889043044961856,1.3202177607533314,0.6107564396878027,0.7909439647017144,1.8131785864290297,2
0.05279758279323938,0.5279976724320483,0.538617457162585,0.517784243929682,0.4505000071976035,0.5014865261694402,1.3715478803254724,0.5006579663412959,-1.143498120670705,-0.5046531526292226,-1.0862422637146554,-1.1730410318439182,-0.27986016484131826,-0.12459000680439548,-0.8118356434872271,1
-0.7060063858499618,-0.3599988730018127,-0.34283420437907763,0.517784243929682,0.4505000071976035,-0.36947481927937725,-0.3005301353349685,-0.34562363251582434,-0.2787860242320479,-0.5046531526292226,-0.1889043044961856,-0.34195476764483496,-0.27986016484131826,-0.12459000680439548,0.06316909981819177,1
0.05279758279323938,-1.2479954184356736,-1.2242858659207403,-1.2618546338524181,-0.42477219371265235,-1.2404361647281947,-0.3005301353349685,-0.34562363251582434,-1.143498120670705,-1.380856099643104,-1.0862422637146554,-1.1730410318439182,-0.27986016484131826,-0.12459000680439548,-0.8118356434872271,0
0.05279758279323938,-1.2479954184356736,-1.2242858659207403,-1.2618546338524181,-0.42477219371265235,-1.2404361647281947,-1.136569143165189,-1.1919052313729446,-1.143498120670705,-1.380856099643104,-1.0862422637146554,-0.34195476764483496,-1.1704767693704392,-1.0401239783105054,-0.8118356434872271,0
0.8116015514364405,0.5279976724320483,1.4200691187042478,0.517784243929682,1.3257722081078593,1.3724478716182575,1.3715478803254724,0.5006579663412959,0.5859260722066093,1.2477527413985403,0.7084336547222841,0.4891314965542483,0.6107564396878027,0.7909439647017144,-0.8118356434872271,2
-0.7060063858499618,-0.3599988730018127,-1.2242858659207403,0.517784243929682,1.3257722081078593,-0.36947481927937725,0.5355088724952519,-1.1919052313729446,-0.2787860242320479,-0.5046531526292226,0.7084336547222841,0.4891314965542483,0.6107564396878027,-0.12459000680439548,0.06316909981819177,1
0.8116015514364405,-0.3599988730018127,0.538617457162585,0.517784243929682,-0.42477219371265235,-0.36947481927937725,-0.3005301353349685,0.5006579663412959,-0.2787860242320479,0.37154979438465885,-0.1889043044961856,1.3202177607533314,-0.27986016484131826,-0.12459000680439548,0.9381738431236107,1
1.5704055200796414,-0.3599988730018127,0.538617457162585,0.517784243929682,0.4505000071976035,0.5014865261694402,0.5355088724952519,1.346939565198416,-0.2787860242320479,-0.5046531526292226,-0.1889043044961856,1.3202177607533314,-1.1704767693704392,-0.12459000680439548,0.06316909981819177,1
0.05279758279323938,-0.3599988730018127,-0.34283420437907763,-1.2618546338524181,-1.300044394622908,1.3724478716182575,-0.3005301353349685,-1.1919052313729446,0.5859260722066093,0.37154979438465885,-1.0862422637146554,-1.1730410318439182,-1.1704767693704392,-1.0401239783105054,-0.8118356434872271,1
-0.7060063858499618,-0.3599988730018127,-0.34283420437907763,-0.3720351949613681,-0.42477219371265235,-0.36947481927937725,-0.3005301353349685,-0.34562363251582434,-0.2787860242320479,-0.5046531526292226,-0.1889043044961856,-0.34195476764483496,-0.27986016484131826,-0.12459000680439548,0.06316909981819177,1
0.05279758279323938,0.5279976724320483,0.538617457162585,1.4076036828207321,1.3257722081078593,1.3724478716182575,1.3715478803254724,1.346939565198416,0.5859260722066093,0.37154979438465885,1.6057716139407539,1.3202177607533314,0.6107564396878027,-1.0401239783105054,0.9381738431236107,2
1.5704055200796414,1.4159942178659093,1.4200691187042478,1.4076036828207321,0.4505000071976035,1.3724478716182575,1.3715478803254724,1.346939565198416,1.4506381686452665,1.2477527413985403,1.6057716139407539,1.3202177607533314,1.5013730442169235,1.7064779362078242,0.9381738431236107,2
-0.7060063858499618,0.5279976724320483,-0.34283420437907763,0.517784243929682,0.4505000071976035,-0.36947481927937725,0.5355088724952519,0.5006579663412959,-0.2787860242320479,-0.5046531526292226,0.7084336547222841,-1.1730410318439182,-0.27986016484131826,-0.12459000680439548,0.9381738431236107,1
1.5704055200796414,0.5279976724320483,0.538617457162585,0.517784243929682,1.3257722081078593,1.3724478716182575,1.3715478803254724,1.346939565198416,1.4506381686452665,1.2477527413985403,-0.1889043044961856,1.3202177607533314,1.5013730442169235,1.7064779362078242,1.8131785864290297,2
0.05279758279323938,-0.3599988730018127,-0.34283420437907763,-0.3720351949613681,-0.42477219371265235,-0.36947481927937725,-1.136569143165189,-0.34562363251582434,-0.2787860242320479,-0.5046531526292226,-1.0862422637146554,-0.34195476764483496,-0.27986016484131826,-0.12459000680439548,0.06316909981819177,1
-0.7060063858499618,-1.2479954184356736,-1.2242858659207403,-1.2618546338524181,-1.300044394622908,-0.36947481927937725,-1.136569143165189,-1.1919052313729446,-1.143498120670705,-1.380856099643104,-1.0862422637146554,-0.34195476764483496,-1.1704767693704392,-1.0401239783105054,-0.8118356434872271,0
0.8116015514364405,-0.3599988730018127,-0.34283420437907763,-0.3720351949613681,-0.42477219371265235,-0.36947481927937725,-0.3005301353349685,-0.34562363251582434,1.4506381686452665,-0.5046531526292226,-0.1889043044961856,-0.34195476764483496,0.6107564396878027,-1.0401239783105054,0.06316909981819177,1
1.5704055200796414,1.4159942178659093,1.4200691187042478,1.4076036828207321,1.3257722081078593,0.5014865261694402,0.5355088724952519,0.5006579663412959,0.5859260722066093,1.2477527413985403,1.6057716139407539,1.3202177607533314,0.6107564396878027,1.7064779362078242,0.9381738431236107,2
1.5704055200796414,0.5279976724320483,0.538617457162585,0.517784243929682,0.4505000071976035,-0.36947481927937725,0.5355088724952519,-0.34562363251582434,-1.143498120670705,-0.5046531526292226,1.6057716139407539,0.4891314965542483,-0.27986016484131826,1.7064779362078242,0.9381738431236107,1
1.5704055200796414,0.5279976724320483,0.538617457162585,0.517784243929682,0.4505000071976035,0.5014865261694402,1.3715478803254724,0.5006579663412959,1.4506381686452665,0.37154979438465885,-1.0862422637146554,0.4891314965542483,0.6107564396878027,0.7909439647017144,-0.8118356434872271,2
0.8116015514364405,0.5279976724320483,1.4200691187042478,-0.3720351949613681,0.4505000071976035,1.3724478716182575,0.5355088724952519,-0.34562363251582434,0.5859260722066093,1.2477527413985403,-0.1889043044961856,0.4891314965542483,0.6107564396878027,-0.12459000680439548,0.06316909981819177,2
0.05279758279323938,0.5279976724320483,-0.34283420437907763,0.517784243929682,0.4505000071976035,-0.36947481927937725,-0.3005301353349685,-1.1919052313729446,-1.143498120670705,-0.5046531526292226,-0.1889043044961856,-1.1730410318439182,-0.27986016484131826,-1.0401239783105054,-0.8118356434872271,1
-1.4648103544931628,-1.2479954184356736,-1.2242858659207403,-1.2618546338524181,-0.42477219371265235,-1.2404361647281947,-1.136569143165189,-0.34562363251582434,-1.143498120670705,-1.380856099643104,-1.0862422637146554,-1.1730410318439182,-1.1704767693704392,-1.0401239783105054,-0.8118356434872271,0
0.05279758279323938,0.5279976724320483,0.538617457162585,0.517784243929682,-0.42477219371265235,-0.36947481927937725,0.5355088724952519,0.5006579663412959,-0.2787860242320479,-0.5046531526292226,-0.1889043044961856,0.4891314965542483,-0.27986016484131826,0.7909439647017144,0.9381738431236107,1
0.05279758279323938,-0.3599988730018127,0.538617457162585,-0.3720351949613681,0.4505000071976035,0.5014865261694402,-1.136569143165189,-0.34562363251582434,-1.143498120670705,-1.380856099643104,-1.0862422637146554,-1.1730410318439182,0.6107564396878027,-0.12459000680439548,-0.8118356434872271,1
0.05279758279323938,-0.3599988730018127,-1.2242858659207403,-1.2618546338524181,-1.300044394622908,-1.2404361647281947,-1.136569143165189,-0.34562363251582434,-1.143498120670705,0.37154979438465885,-0.1889043044961856,-1.1730410318439182,-1.1704767693704392,-1.0401239783105054,-0.8118356434872271,1
-0.7060063858499618,-0.3599988730018127,-1.2242858659207403,-0.3720351949613681,-1.300044394622908,-1.2404361647281947,-1.136569143165189,-1.1919052313729446,-1.143498120670705,-1.380856099643104,1.6057716139407539,1.3202177607533314,1.5013730442169235,-1.0401239783105054,0.9381738431236107,1
-0.7060063858499618,0.5279976724320483,0.538617457162585,0.517784243929682,0.4505000071976035,-0.36947481927937725,-0.3005301353349685,-0.34562363251582434,-0.2787860242320479,0.37154979438465885,-0.1889043044961856,-0.34195476764483496,0.6107564396878027,-0.12459000680439548,0.06316909981819177,1
-1.4648103544931628,-0.3599988730018127,0.538617457162585,-0.3720351949613681,0.4505000071976035,-0.36947481927937725,1.3715478803254724,-0.34562363251582434,0.5859260722066093,0.37154979438465885,-0.1889043044961856,-0.34195476764483496,-1.1704767693704392,-0.12459000680439548,0.06316909981819177,1
-1.4648103544931628,0.5279976724320483,0.538617457162585,0.517784243929682,0.4505000071976035,0.5014865261694402,0.5355088724952519,1.346939565198416,0.5859260722066093,1.2477527413985403,1.6057716139407539,1.3202177607533314,-0.27986016484131826,0.7909439647017144,-0.8118356434872271,2
0.05279758279323938,-0.3599988730018127,-0.34283420437907763,0.517784243929682,0.4505000071976035,-0.36947481927937725,-0.3005301353349685,-0.34562363251582434,-0.2787860242320479,0.37154979438465885,-0.1889043044961856,-0.34195476764483496,-0.27986016484131826,-0.12459000680439548,-0.8118356434872271,1
1.5704055200796414,1.4159942178659093,1.4200691187042478,1.4076036828207321,1.3257722081078593,1.3724478716182575,1.3715478803254724,1.346939565198416,1.4506381686452665,1.2477527413985403,1.6057716139407539,1.3202177607533314,1.5013730442169235,1.7064779362078242,1.8131785864290297,2
0.05279758279323938,0.5279976724320483,-0.34283420437907763,-0.3720351949613681,-0.42477219371265235,-0.36947481927937725,-1.136569143165189,-0.34562363251582434,-0.2787860242320479,-0.5046531526292226,-1.0862422637146554,1.3202177607533314,1.5013730442169235,0.7909439647017144,0.06316909981819177,1
-0.7060063858499618,0.5279976724320483,-0.34283420437907763,0.517784243929682,0.4505000071976035,-0.36947481927937725,-0.3005301353349685,-1.1919052313729446,0.5859260722066093,0.37154979438465885,0.7084336547222841,-1.1730410318439182,-0.27986016484131826,-1.0401239783105054,-0.8118356434872271,1
1.5704055200796414,1.4159942178659093,1.4200691187042478,1.4076036828207321,1.3257722081078593,1.3724478716182575,1.3715478803254724,1.346939565198416,1.4506381686452665,1.2477527413985403,1.6057716139407539,1.3202177607533314,1.5013730442169235,1.7064779362078242,1.8131785864290297,2
0.8116015514364405,0.5279976724320483,-0.34283420437907763,0.517784243929682,0.4505000071976035,0.5014865261694402,0.5355088724952519,-0.34562363251582434,-0.2787860242320479,1.2477527413985403,0.7084336547222841,0.4891314965542483,0.6107564396878027,0.7909439647017144,0.9381738431236107,1
1.5704055200796414,1.4159942178659093,0.538617457162585,0.517784243929682,1.3257722081078593,1.3724478716182575,1.3715478803254724,1.346939565198416,1.4506381686452665,1.2477527413985403,0.7084336547222841,1.3202177607533314,1.5013730442169235,1.7064779362078242,-0.8118356434872271,2
0.05279758279323938,1.4159942178659093,1.4200691187042478,0.517784243929682,0.4505000071976035,0.5014865261694402,0.5355088724952519,-0.34562363251582434,0.5859260722066093,-0.5046531526292226,-0.1889043044961856,-0.34195476764483496,-0.27986016484131826,-0.12459000680439548,0.06316909981819177,1
0.05279758279323938,-0.3599988730018127,-1.2242858659207403,0.517784243929682,1.3257722081078593,1.3724478716182575,1.3715478803254724,0.5006579663412959,-1.143498120670705,1.2477527413985403,1.6057716139407539,1.3202177607533314,1.5013730442169235,1.7064779362078242,-0.8118356434872271,1
1.5704055200796414,-0.3599988730018127,-0.34283420437907763,-0.3720351949613681,-0.42477219371265235,-0.36947481927937725,-0.3005301353349685,-1.1919052313729446,-1.143498120670705,-1.380856099643104,-1.0862422637146554,-1.1730410318439182,-1.1704767693704392,-1.0401239783105054,-0.8118356434872271,1
-0.7060063858499618,-0.3599988730018127,0.538617457162585,-0.3720351949613681,-0.42477219371265235,-0.36947481927937725,-0.3005301353349685,-0.34562363251582434,-0.2787860242320479,0.37154979438465885,1.6057716139407539,-0.34195476764483496,-0.27986016484131826,-0.12459000680439548,1.8131785864290297,2
0.8116015514364405,1.4159942178659093,1.4200691187042478,0.517784243929682,1.3257722081078593,0.5014865261694402,0.5355088724952519,1.346939565198416,0.5859260722066093,0.37154979438465885,0.7084336547222841,-0.34195476764483496,1.5013730442169235,-0.12459000680439548,-0.8118356434872271,2
1.5704055200796414,1.4159942178659093,0.538617457162585,0.517784243929682,-0.42477219371265235,1.3724478716182575,1.3715478803254724,1.346939565198416,-0.2787860242320479,1.2477527413985403,1.6057716139407539,-0.34195476764483496,0.6107564396878027,-0.12459000680439548,1.8131785864290297,2
-0.7060063858499618,-0.3599988730018127,-0.34283420437907763,-1.2618546338524181,-1.300044394622908,-1.2404361647281947,-1.136569143165189,-0.34562363251582434,-0.2787860242320479,-0.5046531526292226,-0.1889043044961856,-0.34195476764483496,-1.1704767693704392,-0.12459000680439548,-0.8118356434872271,1
0.8116015514364405,1.4159942178659093,-1.2242858659207403,1.4076036828207321,1.3257722081078593,1.3724478716182575,1.3715478803254724,1.346939565198416,1.4506381686452665,1.2477527413985403,1.6057716139407539,1.3202177607533314,1.5013730442169235,1.7064779362078242,1.8131785864290297,2
1.5704055200796414,1.4159942178659093,1.4200691187042478,1.4076036828207321,1.3257722081078593,1.3724478716182575,1.3715478803254724,1.346939565198416,1.4506381686452665,1.2477527413985403,1.6057716139407539,1.3202177607533314,1.5013730442169235,1.7064779362078242,1.8131785864290297,2
1.5704055200796414,1.4159942178659093,1.4200691187042478,1.4076036828207321,1.3257722081078593,1.3724478716182575,0.5355088724952519,1.346939565198416,-0.2787860242320479,1.2477527413985403,-0.1889043044961856,1.3202177607533314,1.5013730442169235,1.7064779362078242,0.06316909981819177,2
1.5704055200796414,-0.3599988730018127,0.538617457162585,-0.3720351949613681,-0.42477219371265235,-0.36947481927937725,-0.3005301353349685,-0.34562363251582434,-0.2787860242320479,-0.5046531526292226,-1.0862422637146554,-1.1730410318439182,0.6107564396878027,-1.0401239783105054,-0.8118356434872271,1
1.5704055200796414,0.5279976724320483,0.538617457162585,0.517784243929682,0.4505000071976035,0.5014865261694402,0.5355088724952519,0.5006579663412959,0.5859260722066093,1.2477527413985403,-0.1889043044961856,1.3202177607533314,-1.1704767693704392,0.7909439647017144,-0.8118356434872271,2
1.5704055200796414,1.4159942178659093,1.4200691187042478,1.4076036828207321,1.3257722081078593,1.3724478716182575,1.3715478803254724,1.346939565198416,-0.2787860242320479,0.37154979438465885,-0.1889043044961856,1.3202177607533314,-0.27986016484131826,0.7909439647017144,-0.8118356434872271,2
0.05279758279323938,0.5279976724320483,1.4200691187042478,1.4076036828207321,0.4505000071976035,1.3724478716182575,0.5355088724952519,0.5006579663412959,-0.2787860242320479,0.37154979438465885,1.6057716139407539,-0.34195476764483496,-0.27986016484131826,0.7909439647017144,0.06316909981819177,2
0.05279758279323938,-0.3599988730018127,-0.34283420437907763,0.517784243929682,0.4505000071976035,0.5014865261694402,0.5355088724952519,0.5006579663412959,0.5859260722066093,0.37154979438465885,0.7084336547222841,-0.34195476764483496,0.6107564396878027,0.7909439647017144,-0.8118356434872271,1
1.5704055200796414,1.4159942178659093,1.4200691187042478,1.4076036828207321,1.3257722081078593,1.3724478716182575,0.5355088724952519,1.346939565198416,1.4506381686452665,0.37154979438465885,-0.1889043044961856,1.3202177607533314,0.6107564396878027,0.7909439647017144,1.8131785864290297,2
0.8116015514364405,0.5279976724320483,-1.2242858659207403,1.4076036828207321,1.3257722081078593,1.3724478716182575,1.3715478803254724,1.346939565198416,1.4506381686452665,1.2477527413985403,1.6057716139407539,1.3202177607533314,1.5013730442169235,0.7909439647017144,0.06316909981819177,2
0.05279758279323938,1.4159942178659093,1.4200691187042478,0.517784243929682,1.3257722081078593,0.5014865261694402,1.3715478803254724,1.346939565198416,1.4506381686452665,1.2477527413985403,1.6057716139407539,1.3202177607533314,1.5013730442169235,0.7909439647017144,1.8131785864290297,2
0.05279758279323938,-0.3599988730018127,-0.34283420437907763,-0.3720351949613681,-0.42477219371265235,-0.36947481927937725,-0.3005301353349685,-0.34562363251582434,-0.2787860242320479,-0.5046531526292226,-0.1889043044961856,-0.34195476764483496,-0.27986016484131826,-0.12459000680439548,-0.8118356434872271,1
-0.7060063858499618,-1.2479954184356736,-0.34283420437907763,-0.3720351949613681,-0.42477219371265235,-1.2404361647281947,-1.136569143165189,-0.34562363251582434,0.5859260722066093,0.37154979438465885,0.7084336547222841,0.4891314965542483,-1.1704767693704392,-1.0401239783105054,0.06316909981819177,1
0.05279758279323938,0.5279976724320483,-0.34283420437907763,-0.3720351949613681,0.4505000071976035,0.5014865261694402,-0.3005301353349685,-1.1919052313729446,-0.2787860242320479,-0.5046531526292226,-0.1889043044961856,-1.1730410318439182,-1.1704767693704392,-1.0401239783105054,-0.8118356434872271,1
0.8116015514364405,-1.2479954184356736,-0.34283420437907763,-1.2618546338524181,-1.300044394622908,-0.36947481927937725,-1.136569143165189,0.5006579663412959,0.5859260722066093,0.37154979438465885,-0.1889043044961856,-1.1730410318439182,-1.1704767693704392,-0.12459000680439548,-0.8118356434872271,1
-0.7060063858499618,0.5279976724320483,0.538617457162585,0.517784243929682,0.4505000071976035,0.5014865261694402,0.5355088724952519,-0.34562363251582434,-0.2787860242320479,-0.5046531526292226,-0.1889043044961856,-0.34195476764483496,-0.27986016484131826,-0.12459000680439548,0.06316909981819177,1
0.05279758279323938,-0.3599988730018127,-0.34283420437907763,-0.3720351949613681,-0.42477219371265235,-0.36947481927937725,-0.3005301353349685,-0.34562363251582434,-0.2787860242320479,-0.5046531526292226,-1.0862422637146554,0.4891314965542483,-0.27986016484131826,-1.0401239783105054,-0.8118356434872271,1
0.05279758279323938,0.5279976724320483,1.4200691187042478,1.4076036828207321,-0.42477219371265235,1.3724478716182575,0.5355088724952519,-0.34562363251582434,-0.2787860242320479,1.2477527413985403,-0.1889043044961856,-0.34195476764483496,-0.27986016484131826,0.7909439647017144,-0.8118356434872271,1
0.8116015514364405,1.4159942178659093,1.4200691187042478,0.517784243929682,0.4505000071976035,0.5014865261694402,0.5355088724952519,0.5006579663412959,0.5859260722066093,0.37154979438465885,-0.1889043044961856,0.4891314965542483,-1.1704767693704392,-0.12459000680439548,0.06316909981819177,2
1.5704055200796414,1.4159942178659093,-1.2242858659207403,0.517784243929682,1.3257722081078593,1.3724478716182575,0.5355088724952519,0.5006579663412959,1.4506381686452665,1.2477527413985403,1.6057716139407539,-0.34195476764483496,1.5013730442169235,0.7909439647017144,-0.8118356434872271,2
1.5704055200796414,0.5279976724320483,0.538617457162585,0.517784243929682,0.4505000071976035,0.5014865261694402,0.5355088724952519,0.5006579663412959,0.5859260722066093,1.2477527413985403,0.7084336547222841,-0.34195476764483496,-1.1704767693704392,0.7909439647017144,-0.8118356434872271,1
0.05279758279323938,0.5279976724320483,-1.2242858659207403,1.4076036828207321,0.4505000071976035,0.5014865261694402,0.5355088724952519,1.346939565198416,0.5859260722066093,1.2477527413985403,-0.1889043044961856,0.4891314965542483,0.6107564396878027,-0.12459000680439548,0.9381738431236107,2
1.5704055200796414,1.4159942178659093,1.4200691187042478,1.4076036828207321,1.3257722081078593,1.3724478716182575,1.3715478803254724,1.346939565198416,1.4506381686452665,1.2477527413985403,1.6057716139407539,1.3202177607533314,1.5013730442169235,1.7064779362078242,1.8131785864290297,2
1.5704055200796414,-0.3599988730018127,-0.34283420437907763,-0.3720351949613681,-0.42477219371265235,-0.36947481927937725,-0.3005301353349685,-0.34562363251582434,-0.2787860242320479,-0.5046531526292226,-0.1889043044961856,-0.34195476764483496,-0.27986016484131826,-0.12459000680439548,0.06316909981819177,1
-0.7060063858499618,-0.3599988730018127,-0.34283420437907763,0.517784243929682,-0.42477219371265235,0.5014865261694402,-0.3005301353349685,-0.34562363251582434,-0.2787860242320479,-0.5046531526292226,-1.0862422637146554,-0.34195476764483496,-0.27986016484131826,-0.12459000680439548,0.06316909981819177,1
1.5704055200796414,0.5279976724320483,-0.34283420437907763,0.517784243929682,-0.42477219371265235,1.3724478716182575,1.3715478803254724,1.346939565198416,0.5859260722066093,0.37154979438465885,1.6057716139407539,1.3202177607533314,0.6107564396878027,1.7064779362078242,1.8131785864290297,2
0.8116015514364405,0.5279976724320483,1.4200691187042478,1.4076036828207321,0.4505000071976035,1.3724478716182575,1.3715478803254724,1.346939565198416,1.4506381686452665,0.37154979438465885,1.6057716139407539,1.3202177607533314,-0.27986016484131826,1.7064779362078242,-0.8118356434872271,2
0.05279758279323938,1.4159942178659093,1.4200691187042478,1.4076036828207321,1.3257722081078593,0.5014865261694402,1.3715478803254724,1.346939565198416,0.5859260722066093,0.37154979438465885,1.6057716139407539,1.3202177607533314,1.5013730442169235,1.7064779362078242,1.8131785864290297,2
0.05279758279323938,-0.3599988730018127,0.538617457162585,-0.3720351949613681,-0.42477219371265235,0.5014865261694402,0.5355088724952519,-1.1919052313729446,0.5859260722066093,-0.5046531526292226,-0.1889043044961856,-0.34195476764483496,-0.27986016484131826,-0.12459000680439548,0.06316909981819177,1
1.5704055200796414,1.4159942178659093,1.4200691187042478,1.4076036828207321,1.3257722081078593,1.3724478716182575,1.3715478803254724,1.346939565198416,1.4506381686452665,1.2477527413985403,1.6057716139407539,1.3202177607533314,1.5013730442169235,1.7064779362078242,1.8131785864290297,2
0.05279758279323938,-0.3599988730018127,-0.34283420437907763,-0.3720351949613681,-0.42477219371265235,-0.36947481927937725,-0.3005301353349685,-0.34562363251582434,-0.2787860242320479,-0.5046531526292226,-1.0862422637146554,-0.34195476764483496,-0.27986016484131826,-0.12459000680439548,-0.8118356434872271,1
0.05279758279323938,0.5279976724320483,0.538617457162585,-0.3720351949613681,0.4505000071976035,0.5014865261694402,0.5355088724952519,0.5006579663412959,1.4506381686452665,1.2477527413985403,0.7084336547222841,1.3202177607533314,0.6107564396878027,-0.12459000680439548,0.9381738431236107,1
1.5704055200796414,0.5279976724320483,1.4200691187042478,1.4076036828207321,1.3257722081078593,1.3724478716182575,1.3715478803254724,1.346939565198416,0.5859260722066093,1.2477527413985403,-0.1889043044961856,1.3202177607533314,1.5013730442169235,-1.0401239783105054,1.8131785864290297,2
0.05279758279323938,-0.3599988730018127,-0.34283420437907763,-0.3720351949613681,-0.42477219371265235,-1.2404361647281947,-0.3005301353349685,-1.1919052313729446,0.5859260722066093,-1.380856099643104,-0.1889043044961856,-1.1730410318439182,0.6107564396878027,-0.12459000680439548,0.06316909981819177,1
1.5704055200796414,0.5279976724320483,0.538617457162585,0.517784243929682,1.3257722081078593,0.5014865261694402,-0.3005301353349685,1.346939565198416,0.5859260722066093,1.2477527413985403,1.6057716139407539,1.3202177607533314,1.5013730442169235,0.7909439647017144,-0.8118356434872271,2
1.5704055200796414,-0.3599988730018127,1.4200691187042478,0.517784243929682,1.3257722081078593,0.5014865261694402,-0.3005301353349685,1.346939565198416,1.4506381686452665,1.2477527413985403,1.6057716139407539,1.3202177607533314,1.5013730442169235,0.7909439647017144,1.8131785864290297,2
0.05279758279323938,1.4159942178659093,1.4200691187042478,1.4076036828207321,1.3257722081078593,1.3724478716182575,1.3715478803254724,1.346939565198416,1.4506381686452665,1.2477527413985403,0.7084336547222841,1.3202177607533314,1.5013730442169235,1.7064779362078242,1.8131785864290297,2
-1.4648103544931628,0.5279976724320483,-1.2242858659207403,1.4076036828207321,1.3257722081078593,1.3724478716182575,1.3715478803254724,0.5006579663412959,-1.143498120670705,1.2477527413985403,-0.1889043044961856,0.4891314965542483,-1.1704767693704392,0.7909439647017144,0.9381738431236107,1
0.05279758279323938,-1.2479954184356736,0.538617457162585,0.517784243929682,1.3257722081078593,0.5014865261694402,-1.136569143165189,-0.34562363251582434,0.5859260722066093,0.37154979438465885,0.7084336547222841,1.3202177607533314,1.5013730442169235,-1.0401239783105054,0.06316909981819177,1
0.8116015514364405,1.4159942178659093,1.4200691187042478,0.517784243929682,1.3257722081078593,1.3724478716182575,1.3715478803254724,0.5006579663412959,1.4506381686452665,1.2477527413985403,0.7084336547222841,1.3202177607533314,0.6107564396878027,-0.12459000680439548,0.06316909981819177,2
1.5704055200796414,1.4159942178659093,1.4200691187042478,1.4076036828207321,1.3257722081078593,0.5014865261694402,1.3715478803254724,1.346939565198416,0.5859260722066093,1.2477527413985403,1.6057716139407539,1.3202177607533314,1.5013730442169235,0.7909439647017144,1.8131785864290297,2
1.5704055200796414,1.4159942178659093,-1.2242858659207403,1.4076036828207321,1.3257722081078593,1.3724478716182575,1.3715478803254724,1.346939565198416,1.4506381686452665,1.2477527413985403,1.6057716139407539,1.3202177607533314,1.5013730442169235,1.7064779362078242,1.8131785864290297,2
0.8116015514364405,0.5279976724320483,0.538617457162585,0.517784243929682,0.4505000071976035,-0.36947481927937725,0.5355088724952519,0.5006579663412959,0.5859260722066093,1.2477527413985403,0.7084336547222841,1.3202177607533314,0.6107564396878027,-0.12459000680439548,-0.8118356434872271,1
-0.7060063858499618,-0.3599988730018127,-0.34283420437907763,-1.2618546338524181,-0.42477219371265235,-0.36947481927937725,-0.3005301353349685,-0.34562363251582434,0.5859260722066093,0.37154979438465885,-0.1889043044961856,-1.1730410318439182,-0.27986016484131826,-0.12459000680439548,0.9381738431236107,1
0.05279758279323938,-0.3599988730018127,-1.2242858659207403,-1.2618546338524181,-1.300044394622908,-1.2404361647281947,-1.136569143165189,-0.34562363251582434,-1.143498120670705,-0.5046531526292226,-1.0862422637146554,-0.34195476764483496,-0.27986016484131826,-1.0401239783105054,-0.8118356434872271,1
0.05279758279323938,0.5279976724320483,0.538617457162585,0.517784243929682,0.4505000071976035,0.5014865261694402,0.5355088724952519,0.5006579663412959,-0.2787860242320479,0.37154979438465885,1.6057716139407539,0.4891314965542483,0.6107564396878027,-0.12459000680439548,0.9381738431236107,1
0.8116015514364405,0.5279976724320483,-0.34283420437907763,1.4076036828207321,0.4505000071976035,0.5014865261694402,1.3715478803254724,0.5006579663412959,-1.143498120670705,0.37154979438465885,-0.1889043044961856,1.3202177607533314,-0.27986016484131826,-0.12459000680439548,-0.8118356434872271,1
0.8116015514364405,0.5279976724320483,0.538617457162585,0.517784243929682,0.4505000071976035,0.5014865261694402,0.5355088724952519,0.5006579663412959,0.5859260722066093,0.37154979438465885,0.7084336547222841,0.4891314965542483,-0.27986016484131826,0.7909439647017144,0.9381738431236107,1
0.8116015514364405,1.4159942178659093,-0.34283420437907763,-0.3720351949613681,-0.42477219371265235,-0.36947481927937725,-0.3005301353349685,0.5006579663412959,1.4506381686452665,0.37154979438465885,-1.0862422637146554,1.3202177607533314,1.5013730442169235,-0.12459000680439548,-0.8118356434872271,2
0.05279758279323938,-0.3599988730018127,0.538617457162585,0.517784243929682,0.4505000071976035,0.5014865261694402,0.5355088724952519,1.346939565198416,0.5859260722066093,0.37154979438465885,-0.1889043044961856,0.4891314965542483,1.5013730442169235,0.7909439647017144,1.8131785864290297,1
0.05279758279323938,-0.3599988730018127,-0.34283420437907763,0.517784243929682,1.3257722081078593,0.5014865261694402,0.5355088724952519,1.346939565198416,0.5859260722066093,1.2477527413985403,0.7084336547222841,1.3202177607533314,1.5013730442169235,0.7909439647017144,1.8131785864290297,1
1.5704055200796414,1.4159942178659093,1.4200691187042478,1.4076036828207321,1.3257722081078593,1.3724478716182575,0.5355088724952519,0.5006579663412959,-0.2787860242320479,1.2477527413985403,0.7084336547222841,0.4891314965542483,1.5013730442169235,-0.12459000680439548,-0.8118356434872271,2
-0.7060063858499618,-0.3599988730018127,-0.34283420437907763,-0.3720351949613681,-0.42477219371265235,-0.36947481927937725,-0.3005301353349685,-0.34562363251582434,-0.2787860242320479,-0.5046531526292226,-0.1889043044961856,-0.34195476764483496,-0.27986016484131826,-0.12459000680439548,0.06316909981819177,1
1.5704055200796414,1.4159942178659093,1.4200691187042478,1.4076036828207321,1.3257722081078593,1.3724478716182575,1.3715478803254724,1.346939565198416,1.4506381686452665,1.2477527413985403,1.6057716139407539,0.4891314965542483,1.5013730442169235,1.7064779362078242,1.8131785864290297,2
0.05279758279323938,-0.3599988730018127,-0.34283420437907763,-0.3720351949613681,0.4505000071976035,0.5014865261694402,-1.136569143165189,-0.34562363251582434,1.4506381686452665,-0.5046531526292226,-0.1889043044961856,-0.34195476764483496,-0.27986016484131826,-0.12459000680439548,0.06316909981819177,1
1.5704055200796414,1.4159942178659093,1.4200691187042478,1.4076036828207321,1.3257722081078593,1.3724478716182575,1.3715478803254724,1.346939565198416,1.4506381686452665,1.2477527413985403,1.6057716139407539,1.3202177607533314,1.5013730442169235,1.7064779362078242,1.8131785864290297,2
1.5704055200796414,0.5279976724320483,-0.34283420437907763,-1.2618546338524181,-1.300044394622908,0.5014865261694402,-0.3005301353349685,0.5006579663412959,0.5859260722066093,-0.5046531526292226,-1.0862422637146554,-0.34195476764483496,-0.27986016484131826,0.7909439647017144,0.06316909981819177,1
0.8116015514364405,1.4159942178659093,1.4200691187042478,0.517784243929682,0.4505000071976035,0.5014865261694402,1.3715478803254724,1.346939565198416,1.4506381686452665,1.2477527413985403,0.7084336547222841,1.3202177607533314,1.5013730442169235,1.7064779362078242,0.9381738431236107,2
0.05279758279323938,0.5279976724320483,-0.34283420437907763,-0.3720351949613681,-0.42477219371265235,-0.36947481927937725,0.5355088724952519,0.5006579663412959,0.5859260722066093,0.37154979438465885,0.7084336547222841,0.4891314965542483,-1.1704767693704392,-1.0401239783105054,-0.8118356434872271,1
0.8116015514364405,0.5279976724320483,1.4200691187042478,0.517784243929682,0.4505000071976035,1.3724478716182575,0.5355088724952519,0.5006579663412959,0.5859260722066093,1.2477527413985403,1.6057716139407539,1.3202177607533314,-0.27986016484131826,0.7909439647017144,-0.8118356434872271,2
-0.7060063858499618,-0.3599988730018127,1.4200691187042478,-0.3720351949613681,0.4505000071976035,0.5014865261694402,-1.136569143165189,-1.1919052313729446,-0.2787860242320479,0.37154979438465885,1.6057716139407539,1.3202177607533314,-1.1704767693704392,-1.0401239783105054,-0.8118356434872271,1
0.8116015514364405,1.4159942178659093,1.4200691187042478,1.4076036828207321,1.3257722081078593,1.3724478716182575,1.3715478803254724,1.346939565198416,1.4506381686452665,1.2477527413985403,0.7084336547222841,1.3202177607533314,1.5013730442169235,-0.12459000680439548,0.06316909981819177,2
-0.7060063858499618,0.5279976724320483,0.538617457162585,0.517784243929682,0.4505000071976035,0.5014865261694402,0.5355088724952519,1.346939565198416,1.4506381686452665,1.2477527413985403,0.7084336547222841,0.4891314965542483,0.6107564396878027,-0.12459000680439548,0.9381738431236107,1
-1.4648103544931628,-1.2479954184356736,-1.2242858659207403,-1.2618546338524181,-1.300044394622908,-1.2404361647281947,-1.136569143165189,-1.1919052313729446,-1.143498120670705,-1.380856099643104,-1.0862422637146554,-1.1730410318439182,-1.1704767693704392,-1.0401239783105054,-0.8118356434872271,0
0.8116015514364405,-0.3599988730018127,-0.34283420437907763,0.517784243929682,-0.42477219371265235,-0.36947481927937725,-0.3005301353349685,1.346939565198416,-0.2787860242320479,1.2477527413985403,-1.0862422637146554,0.4891314965542483,-0.27986016484131826,-1.0401239783105054,-0.8118356434872271,1
-0.7060063858499618,-0.3599988730018127,-1.2242858659207403,-0.3720351949613681,-0.42477219371265235,-1.2404361647281947,-0.3005301353349685,-1.1919052313729446,-1.143498120670705,-0.5046531526292226,0.7084336547222841,0.4891314965542483,-0.27986016484131826,-1.0401239783105054,0.06316909981819177,1
0.8116015514364405,-0.3599988730018127,-0.34283420437907763,-0.3720351949613681,-0.42477219371265235,-1.2404361647281947,-0.3005301353349685,-1.1919052313729446,-1.143498120670705,-0.5046531526292226,-1.0862422637146554,-1.1730410318439182,-0.27986016484131826,-1.0401239783105054,-0.8118356434872271,0
0.8116015514364405,0.5279976724320483,1.4200691187042478,1.4076036828207321,1.3257722081078593,-0.36947481927937725,-0.3005301353349685,0.5006579663412959,-0.2787860242320479,-0.5046531526292226,-0.1889043044961856,-0.34195476764483496,-0.27986016484131826,-0.12459000680439548,0.06316909981819177,1
1.5704055200796414,1.4159942178659093,1.4200691187042478,0.517784243929682,1.3257722081078593,1.3724478716182575,1.3715478803254724,1.346939565198416,-1.143498120670705,1.2477527413985403,0.7084336547222841,1.3202177607533314,1.5013730442169235,1.7064779362078242,1.8131785864290297,2
0.05279758279323938,1.4159942178659093,1.4200691187042478,-0.3720351949613681,-0.42477219371265235,-0.36947481927937725,-0.3005301353349685,-0.34562363251582434,-1.143498120670705,1.2477527413985403,-0.1889043044961856,0.4891314965542483,-0.27986016484131826,-0.12459000680439548,0.06316909981819177,1
-0.7060063858499618,0.5279976724320483,0.538617457162585,0.517784243929682,0.4505000071976035,0.5014865261694402,0.5355088724952519,0.5006579663412959,0.5859260722066093,0.37154979438465885,0.7084336547222841,0.4891314965542483,0.6107564396878027,0.7909439647017144,0.9381738431236107,1
0.8116015514364405,0.5279976724320483,1.4200691187042478,-0.3720351949613681,1.3257722081078593,0.5014865261694402,1.3715478803254724,1.346939565198416,-0.2787860242320479,1.2477527413985403,-1.0862422637146554,1.3202177607533314,1.5013730442169235,-0.12459000680439548,-0.8118356434872271,2
0.05279758279323938,1.4159942178659093,0.538617457162585,1.4076036828207321,1.3257722081078593,1.3724478716182575,-0.3005301353349685,1.346939565198416,-1.143498120670705,1.2477527413985403,1.6057716139407539,1.3202177607533314,1.5013730442169235,1.7064779362078242,1.8131785864290297,2
0.8116015514364405,1.4159942178659093,1.4200691187042478,0.517784243929682,1.3257722081078593,0.5014865261694402,-0.3005301353349685,1.346939565198416,-0.2787860242320479,-0.5046531526292226,-1.0862422637146554,0.4891314965542483,-0.27986016484131826,-0.12459000680439548,0.06316909981819177,1
-0.7060063858499618,0.5279976724320483,-0.34283420437907763,-0.3720351949613681,0.4505000071976035,-0.36947481927937725,0.5355088724952519,-0.34562363251582434,-1.143498120670705,-0.5046531526292226,-1.0862422637146554,-0.34195476764483496,-0.27986016484131826,-0.12459000680439548,-0.8118356434872271,1
-0.7060063858499618,0.5279976724320483,-0.34283420437907763,-0.3720351949613681,-0.42477219371265235,1.3724478716182575,0.5355088724952519,-0.34562363251582434,1.4506381686452665,1.2477527413985403,-0.1889043044961856,1.3202177607533314,-0.27986016484131826,1.7064779362078242,0.06316909981819177,1
0.05279758279323938,0.5279976724320483,0.538617457162585,0.517784243929682,0.4505000071976035,-0.36947481927937725,-0.3005301353349685,0.5006579663412959,0.5859260722066093,0.37154979438465885,0.7084336547222841,0.4891314965542483,-0.27986016484131826,-0.12459000680439548,0.06316909981819177,1
-1.4648103544931628,-0.3599988730018127,-0.34283420437907763,-1.2618546338524181,-1.300044394622908,-1.2404361647281947,-1.136569143165189,-0.34562363251582434,0.5859260722066093,0.37154979438465885,-1.0862422637146554,0.4891314965542483,-0.27986016484131826,-1.0401239783105054,-0.8118356434872271,0
-1.4648103544931628,-0.3599988730018127,-0.34283420437907763,-1.2618546338524181,-1.300044394622908,-1.2404361647281947,-0.3005301353349685,-1.1919052313729446,-1.143498120670705,-0.5046531526292226,-1.0862422637146554,-1.1730410318439182,-1.1704767693704392,0.7909439647017144,-0.8118356434872271,1
-1.4648103544931628,0.5279976724320483,0.538617457162585,-0.3720351949613681,-1.300044394622908,-0.36947481927937725,-0.3005301353349685,-1.1919052313729446,0.5859260722066093,-0.5046531526292226,-1.0862422637146554,-0.34195476764483496,-1.1704767693704392,0.7909439647017144,-0.8118356434872271,1
1.5704055200796414,0.5279976724320483,1.4200691187042478,0.517784243929682,1.3257722081078593,1.3724478716182575,1.3715478803254724,1.346939565198416,1.4506381686452665,0.37154979438465885,1.6057716139407539,1.3202177607533314,0.6107564396878027,0.7909439647017144,1.8131785864290297,2
0.8116015514364405,0.5279976724320483,0.538617457162585,1.4076036828207321,0.4505000071976035,0.5014865261694402,0.5355088724952519,0.5006579663412959,0.5859260722066093,1.2477527413985403,-0.1889043044961856,0.4891314965542483,-0.27986016484131826,0.7909439647017144,-0.8118356434872271,2
1.5704055200796414,-0.3599988730018127,0.538617457162585,0.517784243929682,-0.42477219371265235,0.5014865261694402,0.5355088724952519,1.346939565198416,1.4506381686452665,1.2477527413985403,1.6057716139407539,1.3202177607533314,1.5013730442169235,1.7064779362078242,1.8131785864290297,2
0.8116015514364405,-0.3599988730018127,0.538617457162585,0.517784243929682,0.4505000071976035,0.5014865261694402,0.5355088724952519,0.5006579663412959,0.5859260722066093,0.37154979438465885,0.7084336547222841,0.4891314965542483,0.6107564396878027,0.7909439647017144,0.9381738431236107,1
0.8116015514364405,-0.3599988730018127,1.4200691187042478,-0.3720351949613681,-0.42477219371265235,1.3724478716182575,-1.136569143165189,-0.34562363251582434,-1.143498120670705,-0.5046531526292226,-0.1889043044961856,-0.34195476764483496,-0.27986016484131826,0.7909439647017144,-0.8118356434872271,1
0.05279758279323938,0.5279976724320483,0.538617457162585,0.517784243929682,-0.42477219371265235,-0.36947481927937725,-0.3005301353349685,-0.34562363251582434,0.5859260722066093,0.37154979438465885,-0.1889043044961856,0.4891314965542483,-0.27986016484131826,-0.12459000680439548,-0.8118356434872271,1
0.05279758279323938,-0.3599988730018127,1.4200691187042478,1.4076036828207321,-1.300044394622908,-0.36947481927937725,-0.3005301353349685,-1.1919052313729446,-0.2787860242320479,-0.5046531526292226,-0.1889043044961856,-0.34195476764483496,-1.1704767693704392,-0.12459000680439548,-0.8118356434872271,1
0.05279758279323938,0.5279976724320483,-1.2242858659207403,0.517784243929682,0.4505000071976035,0.5014865261694402,-0.3005301353349685,-0.34562363251582434,-0.2787860242320479,-0.5046531526292226,0.7084336547222841,-0.34195476764483496,0.6107564396878027,-0.12459000680439548,0.06316909981819177,1
1.5704055200796414,1.4159942178659093,1.4200691187042478,1.4076036828207321,1.3257722081078593,1.3724478716182575,1.3715478803254724,1.346939565198416,1.4506381686452665,1.2477527413985403,1.6057716139407539,1.3202177607533314,1.5013730442169235,1.7064779362078242,1.8131785864290297,2
-1.4648103544931628,-1.2479954184356736,-1.2242858659207403,-1.2618546338524181,-0.42477219371265235,1.3724478716182575,-1.136569143165189,-1.1919052313729446,-0.2787860242320479,-1.380856099643104,-1.0862422637146554,-0.34195476764483496,-1.1704767693704392,-1.0401239783105054,-0.8118356434872271,0
0.8116015514364405,1.4159942178659093,0.538617457162585,1.4076036828207321,1.3257722081078593,1.3724478716182575,1.3715478803254724,1.346939565198416,1.4506381686452665,1.2477527413985403,-1.0862422637146554,1.3202177607533314,1.5013730442169235,0.7909439647017144,1.8131785864290297,2
0.8116015514364405,1.4159942178659093,0.538617457162585,1.4076036828207321,1.3257722081078593,0.5014865261694402,0.5355088724952519,0.5006579663412959,1.4506381686452665,1.2477527413985403,1.6057716139407539,1.3202177607533314,0.6107564396878027,0.7909439647017144,1.8131785864290297,2
0.8116015514364405,-0.3599988730018127,-0.34283420437907763,-0.3720351949613681,-0.42477219371265235,-0.36947481927937725,-0.3005301353349685,-0.34562363251582434,-1.143498120670705,0.37154979438465885,-0.1889043044961856,-0.34195476764483496,-0.27986016484131826,-0.12459000680439548,0.06316909981819177,1
0.05279758279323938,0.5279976724320483,0.538617457162585,-0.3720351949613681,0.4505000071976035,0.5014865261694402,0.5355088724952519,-0.34562363251582434,-0.2787860242320479,0.37154979438465885,-0.1889043044961856,-0.34195476764483496,-0.27986016484131826,0.7909439647017144,-0.8118356434872271,1
0.8116015514364405,0.5279976724320483,-0.34283420437907763,-0.3720351949613681,0.4505000071976035,1.3724478716182575,1.3715478803254724,1.346939565198416,0.5859260722066093,-0.5046531526292226,0.7084336547222841,1.3202177607533314,0.6107564396878027,-0.12459000680439548,0.9381738431236107,1
1.5704055200796414,1.4159942178659093,1.4200691187042478,1.4076036828207321,1.3257722081078593,1.3724478716182575,1.3715478803254724,1.346939565198416,1.4506381686452665,1.2477527413985403,-0.1889043044961856,1.3202177607533314,1.5013730442169235,1.7064779362078242,-0.8118356434872271,2
0.8116015514364405,0.5279976724320483,0.538617457162585,1.4076036828207321,0.4505000071976035,1.3724478716182575,0.5355088724952519,1.346939565198416,1.4506381686452665,1.2477527413985403,-0.1889043044961856,1.3202177607533314,1.5013730442169235,1.7064779362078242,1.8131785864290297,2
0.8116015514364405,0.5279976724320483,0.538617457162585,0.517784243929682,0.4505000071976035,0.5014865261694402,0.5355088724952519,1.346939565198416,1.4506381686452665,1.2477527413985403,0.7084336547222841,0.4891314965542483,0.6107564396878027,0.7909439647017144,0.06316909981819177,2
0.05279758279323938,0.5279976724320483,-0.34283420437907763,0.517784243929682,-0.42477219371265235,-1.2404361647281947,-0.3005301353349685,-1.1919052313729446,0.5859260722066093,0.37154979438465885,-0.1889043044961856,-1.1730410318439182,-1.1704767693704392,-1.0401239783105054,-0.8118356434872271,1
0.05279758279323938,0.5279976724320483,0.538617457162585,0.517784243929682,0.4505000071976035,-0.36947481927937725,-0.3005301353349685,-0.34562363251582434,0.5859260722066093,0.37154979438465885,0.7084336547222841,-0.34195476764483496,-1.1704767693704392,-0.12459000680439548,0.9381738431236107,1
0.05279758279323938,-1.2479954184356736,-0.34283420437907763,-0.3720351949613681,-0.42477219371265235,-0.36947481927937725,-0.3005301353349685,-0.34562363251582434,-0.2787860242320479,-0.5046531526292226,-0.1889043044961856,-0.34195476764483496,-0.27986016484131826,-0.12459000680439548,0.06316909981819177,1
0.05279758279323938,-0.3599988730018127,-0.34283420437907763,-0.3720351949613681,-0.42477219371265235,-0.36947481927937725,1.3715478803254724,-0.34562363251582434,0.5859260722066093,0.37154979438465885,-0.1889043044961856,-0.34195476764483496,-0.27986016484131826,-0.12459000680439548,0.06316909981819177,1
0.05279758279323938,0.5279976724320483,0.538617457162585,-0.3720351949613681,1.3257722081078593,-0.36947481927937725,-1.136569143165189,-0.34562363251582434,-0.2787860242320479,0.37154979438465885,-0.1889043044961856,-0.34195476764483496,-0.27986016484131826,-0.12459000680439548,0.06316909981819177,1
0.05279758279323938,-0.3599988730018127,-0.34283420437907763,-1.2618546338524181,-0.42477219371265235,-0.36947481927937725,-0.3005301353349685,0.5006579663412959,-0.2787860242320479,-0.5046531526292226,-0.1889043044961856,-0.34195476764483496,-0.27986016484131826,-1.0401239783105054,-0.8118356434872271,1
1.5704055200796414,1.4159942178659093,1.4200691187042478,0.517784243929682,1.3257722081078593,1.3724478716182575,0.5355088724952519,1.346939565198416,1.4506381686452665,1.2477527413985403,1.6057716139407539,1.3202177607533314,1.5013730442169235,1.7064779362078242,1.8131785864290297,2
0.05279758279323938,-0.3599988730018127,-0.34283420437907763,-0.3720351949613681,-1.300044394622908,-0.36947481927937725,-0.3005301353349685,-0.34562363251582434,-0.2787860242320479,-0.5046531526292226,-0.1889043044961856,-0.34195476764483496,-0.27986016484131826,-0.12459000680439548,-0.8118356434872271,1
0.05279758279323938,1.4159942178659093,-0.34283420437907763,1.4076036828207321,1.3257722081078593,-0.36947481927937725,-0.3005301353349685,0.5006579663412959,-0.2787860242320479,-0.5046531526292226,0.7084336547222841,1.3202177607533314,-0.27986016484131826,-0.12459000680439548,0.06316909981819177,1
-1.4648103544931628,0.5279976724320483,-0.34283420437907763,-0.3720351949613681,-0.42477219371265235,0.5014865261694402,-0.3005301353349685,0.5006579663412959,-0.2787860242320479,-0.5046531526292226,0.7084336547222841,-0.34195476764483496,0.6107564396878027,-0.12459000680439548,0.06316909981819177,1
0.05279758279323938,0.5279976724320483,0.538617457162585,-0.3720351949613681,-0.42477219371265235,-0.36947481927937725,-0.3005301353349685,-0.34562363251582434,-0.2787860242320479,0.37154979438465885,-0.1889043044961856,-0.34195476764483496,-0.27986016484131826,-0.12459000680439548,-0.8118356434872271,1
0.05279758279323938,0.5279976724320483,0.538617457162585,0.517784243929682,0.4505000071976035,0.5014865261694402,0.5355088724952519,1.346939565198416,0.5859260722066093,0.37154979438465885,-0.1889043044961856,1.3202177607533314,1.5013730442169235,0.7909439647017144,0.9381738431236107,2
0.05279758279323938,-0.3599988730018127,-0.34283420437907763,-0.3720351949613681,-0.42477219371265235,-0.36947481927937725,-0.3005301353349685,-0.34562363251582434,-0.2787860242320479,-0.5046531526292226,-0.1889043044961856,-0.34195476764483496,1.5013730442169235,-0.12459000680439548,-0.8118356434872271,1
-0.7060063858499618,-1.2479954184356736,-0.34283420437907763,-0.3720351949613681,-0.42477219371265235,-0.36947481927937725,-0.3005301353349685,-0.34562363251582434,-0.2787860242320479,-0.5046531526292226,-0.1889043044961856,-0.34195476764483496,-0.27986016484131826,-0.12459000680439548,0.06316909981819177,1
-0.7060063858499618,0.5279976724320483,1.4200691187042478,1.4076036828207321,1.3257722081078593,0.5014865261694402,-0.3005301353349685,-0.34562363251582434,-1.143498120670705,1.2477527413985403,-1.0862422637146554,-1.1730410318439182,-0.27986016484131826,-0.12459000680439548,-0.8118356434872271,1
0.05279758279323938,0.5279976724320483,-0.34283420437907763,1.4076036828207321,1.3257722081078593,1.3724478716182575,1.3715478803254724,1.346939565198416,1.4506381686452665,1.2477527413985403,0.7084336547222841,-0.34195476764483496,0.6107564396878027,0.7909439647017144,-0.8118356434872271,2
0.05279758279323938,-0.3599988730018127,-0.34283420437907763,-0.3720351949613681,-0.42477219371265235,-0.36947481927937725,-0.3005301353349685,-0.34562363251582434,1.4506381686452665,1.2477527413985403,1.6057716139407539,-0.34195476764483496,-0.27986016484131826,-0.12459000680439548,0.06316909981819177,1
0.8116015514364405,1.4159942178659093,0.538617457162585,0.517784243929682,0.4505000071976035,0.5014865261694402,1.3715478803254724,0.5006579663412959,0.5859260722066093,0.37154979438465885,0.7084336547222841,0.4891314965542483,0.6107564396878027,0.7909439647017144,0.9381738431236107,2
0.05279758279323938,0.5279976724320483,-0.34283420437907763,-0.3720351949613681,0.4505000071976035,0.5014865261694402,-0.3005301353349685,-0.34562363251582434,-0.2787860242320479,-0.5046531526292226,-1.0862422637146554,-0.34195476764483496,-1.1704767693704392,-0.12459000680439548,-0.8118356434872271,1
0.8116015514364405,1.4159942178659093,1.4200691187042478,1.4076036828207321,1.3257722081078593,1.3724478716182575,1.3715478803254724,1.346939565198416,1.4506381686452665,1.2477527413985403,0.7084336547222841,1.3202177607533314,1.5013730442169235,0.7909439647017144,0.06316909981819177,2
1.5704055200796414,1.4159942178659093,1.4200691187042478,1.4076036828207321,1.3257722081078593,1.3724478716182575,1.3715478803254724,1.346939565198416,1.4506381686452665,1.2477527413985403,0.7084336547222841,1.3202177607533314,0.6107564396878027,0.7909439647017144,1.8131785864290297,2
0.05279758279323938,0.5279976724320483,0.538617457162585,-0.3720351949613681,-0.42477219371265235,-0.36947481927937725,-0.3005301353349685,-1.1919052313729446,-1.143498120670705,-1.380856099643104,-1.0862422637146554,0.4891314965542483,0.6107564396878027,-1.0401239783105054,0.9381738431236107,1
0.05279758279323938,0.5279976724320483,0.538617457162585,0.517784243929682,-0.42477219371265235,0.5014865261694402,0.5355088724952519,-0.34562363251582434,-0.2787860242320479,-0.5046531526292226,-1.0862422637146554,1.3202177607533314,-0.27986016484131826,-0.12459000680439548,0.06316909981819177,1
1.5704055200796414,-0.3599988730018127,0.538617457162585,0.517784243929682,0.4505000071976035,0.5014865261694402,0.5355088724952519,0.5006579663412959,0.5859260722066093,0.37154979438465885,0.7084336547222841,-0.34195476764483496,-0.27986016484131826,-0.12459000680439548,0.06316909981819177,1
0.8116015514364405,0.5279976724320483,0.538617457162585,-0.3720351949613681,-0.42477219371265235,0.5014865261694402,0.5355088724952519,-0.34562363251582434,-0.2787860242320479,0.37154979438465885,-0.1889043044961856,0.4891314965542483,-0.27986016484131826,-0.12459000680439548,0.9381738431236107,1
1.5704055200796414,1.4159942178659093,1.4200691187042478,1.4076036828207321,1.3257722081078593,1.3724478716182575,1.3715478803254724,1.346939565198416,1.4506381686452665,1.2477527413985403,1.6057716139407539,1.3202177607533314,1.5013730442169235,-1.0401239783105054,1.8131785864290297,2
0.05279758279323938,1.4159942178659093,1.4200691187042478,1.4076036828207321,1.3257722081078593,1.3724478716182575,1.3715478803254724,1.346939565198416,-1.143498120670705,1.2477527413985403,0.7084336547222841,1.3202177607533314,1.5013730442169235,1.7064779362078242,-0.8118356434872271,2
-1.4648103544931628,1.4159942178659093,0.538617457162585,0.517784243929682,0.4505000071976035,0.5014865261694402,0.5355088724952519,0.5006579663412959,0.5859260722066093,0.37154979438465885,0.7084336547222841,0.4891314965542483,0.6107564396878027,0.7909439647017144,0.9381738431236107,2
0.8116015514364405,0.5279976724320483,-0.34283420437907763,0.517784243929682,-0.42477219371265235,0.5014865261694402,1.3715478803254724,0.5006579663412959,1.4506381686452665,1.2477527413985403,0.7084336547222841,1.3202177607533314,1.5013730442169235,1.7064779362078242,-0.8118356434872271,2
0.05279758279323938,0.5279976724320483,0.538617457162585,0.517784243929682,0.4505000071976035,0.5014865261694402,0.5355088724952519,-0.34562363251582434,0.5859260722066093,0.37154979438465885,-0.1889043044961856,0.4891314965542483,0.6107564396878027,0.7909439647017144,0.9381738431236107,1
1.5704055200796414,-0.3599988730018127,1.4200691187042478,-0.3720351949613681,0.4505000071976035,-0.36947481927937725,0.5355088724952519,0.5006579663412959,-0.2787860242320479,1.2477527413985403,1.6057716139407539,1.3202177607533314,0.6107564396878027,0.7909439647017144,1.8131785864290297,1
-1.4648103544931628,-1.2479954184356736,-1.2242858659207403,-1.2618546338524181,-1.300044394622908,-1.2404361647281947,-1.136569143165189,-1.1919052313729446,-1.143498120670705,-1.380856099643104,-1.0862422637146554,-1.1730410318439182,-1.1704767693704392,-1.0401239783105054,-0.8118356434872271,0
0.05279758279323938,0.5279976724320483,1.4200691187042478,0.517784243929682,0.4505000071976035,1.3724478716182575,1.3715478803254724,1.346939565198416,1.4506381686452665,0.37154979438465885,1.6057716139407539,0.4891314965542483,1.5013730442169235,1.7064779362078242,1.8131785864290297,2
0.05279758279323938,-0.3599988730018127,-0.34283420437907763,-0.3720351949613681,-1.300044394622908,0.5014865261694402,0.5355088724952519,0.5006579663412959,-0.2787860242320479,0.37154979438465885,0.7084336547222841,-0.34195476764483496,0.6107564396878027,0.7909439647017144,0.9381738431236107,1
-1.4648103544931628,-0.3599988730018127,-0.34283420437907763,-0.3720351949613681,-0.42477219371265235,-0.36947481927937725,-0.3005301353349685,-0.34562363251582434,-0.2787860242320479,-0.5046531526292226,-0.1889043044961856,-0.34195476764483496,-0.27986016484131826,-0.12459000680439548,0.06316909981819177,1
0.05279758279323938,-0.3599988730018127,0.538617457162585,-0.3720351949613681,0.4505000071976035,-0.36947481927937725,-0.3005301353349685,-0.34562363251582434,0.5859260722066093,0.37154979438465885,0.7084336547222841,-0.34195476764483496,0.6107564396878027,1.7064779362078242,-0.8118356434872271,1
0.05279758279323938,0.5279976724320483,0.538617457162585,0.517784243929682,0.4505000071976035,0.5014865261694402,0.5355088724952519,-0.34562363251582434,-0.2787860242320479,-0.5046531526292226,-0.1889043044961856,-0.34195476764483496,-0.27986016484131826,-0.12459000680439548,0.06316909981819177,1
-1.4648103544931628,0.5279976724320483,-0.34283420437907763,-0.3720351949613681,-0.42477219371265235,-0.36947481927937725,-0.3005301353349685,-0.34562363251582434,-0.2787860242320479,-0.5046531526292226,-0.1889043044961856,-0.34195476764483496,-0.27986016484131826,-0.12459000680439548,0.06316909981819177,1
0.8116015514364405,0.5279976724320483,0.538617457162585,0.517784243929682,1.3257722081078593,1.3724478716182575,1.3715478803254724,1.346939565198416,0.5859260722066093,0.37154979438465885,-0.1889043044961856,0.4891314965542483,-0.27986016484131826,0.7909439647017144,-0.8118356434872271,2
0.8116015514364405,0.5279976724320483,-0.34283420437907763,-0.3720351949613681,0.4505000071976035,1.3724478716182575,0.5355088724952519,-0.34562363251582434,1.4506381686452665,1.2477527413985403,-0.1889043044961856,0.4891314965542483,0.6107564396878027,-0.12459000680439548,0.06316909981819177,1
0.8116015514364405,-0.3599988730018127,1.4200691187042478,-1.2618546338524181,-0.42477219371265235,0.5014865261694402,0.5355088724952519,0.5006579663412959,1.4506381686452665,0.37154979438465885,0.7084336547222841,1.3202177607533314,0.6107564396878027,-0.12459000680439548,0.06316909981819177,1
0.8116015514364405,1.4159942178659093,1.4200691187042478,1.4076036828207321,1.3257722081078593,1.3724478716182575,1.3715478803254724,1.346939565198416,1.4506381686452665,1.2477527413985403,-1.0862422637146554,0.4891314965542483,1.5013730442169235,-0.12459000680439548,0.06316909981819177,2
0.05279758279323938,0.5279976724320483,0.538617457162585,-0.3720351949613681,0.4505000071976035,1.3724478716182575,0.5355088724952519,-0.34562363251582434,-0.2787860242320479,-1.380856099643104,1.6057716139407539,-0.34195476764483496,1.5013730442169235,0.7909439647017144,-0.8118356434872271,1
1.5704055200796414,0.5279976724320483,-0.34283420437907763,-0.3720351949613681,-1.300044394622908,0.5014865261694402,-0.3005301353349685,-1.1919052313729446,-0.2787860242320479,-0.5046531526292226,1.6057716139407539,0.4891314965542483,-0.27986016484131826,-1.0401239783105054,-0.8118356434872271,1
0.05279758279323938,-0.3599988730018127,-0.34283420437907763,-0.3720351949613681,0.4505000071976035,-0.36947481927937725,-0.3005301353349685,-0.34562363251582434,-0.2787860242320479,-0.5046531526292226,-0.1889043044961856,-0.34195476764483496,-0.27986016484131826,-0.12459000680439548,-0.8118356434872271,1
0.05279758279323938,1.4159942178659093,-1.2242858659207403,1.4076036828207321,1.3257722081078593,-0.36947481927937725,1.3715478803254724,0.5006579663412959,-0.2787860242320479,-0.5046531526292226,-0.1889043044961856,-0.34195476764483496,-0.27986016484131826,-1.0401239783105054,-0.8118356434872271,1
0.05279758279323938,0.5279976724320483,-0.34283420437907763,0.517784243929682,0.4505000071976035,0.5014865261694402,0.5355088724952519,0.5006579663412959,0.5859260722066093,1.2477527413985403,1.6057716139407539,0.4891314965542483,0.6107564396878027,1.7064779362078242,-0.8118356434872271,1
0.05279758279323938,0.5279976724320483,-0.34283420437907763,-0.3720351949613681,-0.42477219371265235,-0.36947481927937725,-0.3005301353349685,-0.34562363251582434,-0.2787860242320479,0.37154979438465885,-0.1889043044961856,1.3202177607533314,-0.27986016484131826,-0.12459000680439548,-0.8118356434872271,1
0.05279758279323938,0.5279976724320483,1.4200691187042478,1.4076036828207321,1.3257722081078593,0.5014865261694402,-0.3005301353349685,0.5006579663412959,0.5859260722066093,0.37154979438465885,0.7084336547222841,0.4891314965542483,0.6107564396878027,0.7909439647017144,0.06316909981819177,2
1.5704055200796414,0.5279976724320483,1.4200691187042478,0.517784243929682,1.3257722081078593,-0.36947481927937725,1.3715478803254724,0.5006579663412959,-0.2787860242320479,-0.5046531526292226,-0.1889043044961856,-0.34195476764483496,1.5013730442169235,1.7064779362078242,-0.8118356434872271,2
-0.7060063858499618,-1.2479954184356736,-1.2242858659207403,-1.2618546338524181,-1.300044394622908,-0.36947481927937725,-0.3005301353349685,-1.1919052313729446,-0.2787860242320479,-1.380856099643104,-1.0862422637146554,-1.1730410318439182,-1.1704767693704392,-1.0401239783105054,-0.8118356434872271,0
0.05279758279323938,-0.3599988730018127,1.4200691187042478,1.4076036828207321,1.3257722081078593,0.5014865261694402,-0.3005301353349685,1.346939565198416,-0.2787860242320479,1.2477527413985403,-0.1889043044961856,1.3202177607533314,1.5013730442169235,1.7064779362078242,-0.8118356434872271,2
0.8116015514364405,0.5279976724320483,-1.2242858659207403,-1.2618546338524181,-1.300044394622908,-1.2404361647281947,-1.136569143165189,-1.1919052313729446,-1.143498120670705,-1.380856099643104,-1.0862422637146554,-1.1730410318439182,-1.1704767693704392,-1.0401239783105054,-0.8118356434872271,1
1.5704055200796414,1.4159942178659093,1.4200691187042478,1.4076036828207321,1.3257722081078593,0.5014865261694402,0.5355088724952519,1.346939565198416,1.4506381686452665,1.2477527413985403,0.7084336547222841,1.3202177607533314,1.5013730442169235,0.7909439647017144,1.8131785864290297,2
0.05279758279323938,-0.3599988730018127,-0.34283420437907763,-0.3720351949613681,-0.42477219371265235,-0.36947481927937725,-0.3005301353349685,-0.34562363251582434,-0.2787860242320479,-0.5046531526292226,-0.1889043044961856,-0.34195476764483496,-0.27986016484131826,-0.12459000680439548,0.06316909981819177,1
-0.7060063858499618,-0.3599988730018127,-1.2242858659207403,-0.3720351949613681,-1.300044394622908,-0.36947481927937725,-0.3005301353349685,-1.1919052313729446,-1.143498120670705,-0.5046531526292226,-1.0862422637146554,-1.1730410318439182,-1.1704767693704392,-1.0401239783105054,-0.8118356434872271,1
0.8116015514364405,0.5279976724320483,1.4200691187042478,-0.3720351949613681,-0.42477219371265235,0.5014865261694402,0.5355088724952519,1.346939565198416,0.5859260722066093,1.2477527413985403,0.7084336547222841,0.4891314965542483,-0.27986016484131826,-0.12459000680439548,1.8131785864290297,2
0.05279758279323938,-0.3599988730018127,1.4200691187042478,1.4076036828207321,1.3257722081078593,1.3724478716182575,1.3715478803254724,0.5006579663412959,1.4506381686452665,1.2477527413985403,1.6057716139407539,0.4891314965542483,0.6107564396878027,0.7909439647017144,0.06316909981819177,2
1.5704055200796414,1.4159942178659093,1.4200691187042478,1.4076036828207321,1.3257722081078593,1.3724478716182575,1.3715478803254724,1.346939565198416,1.4506381686452665,1.2477527413985403,1.6057716139407539,1.3202177607533314,1.5013730442169235,1.7064779362078242,1.8131785864290297,2
0.05279758279323938,0.5279976724320483,0.538617457162585,0.517784243929682,0.4505000071976035,0.5014865261694402,-0.3005301353349685,1.346939565198416,0.5859260722066093,-0.5046531526292226,0.7084336547222841,0.4891314965542483,-0.27986016484131826,0.7909439647017144,0.9381738431236107,1
-0.7060063858499618,0.5279976724320483,-0.34283420437907763,-0.3720351949613681,-0.42477219371265235,0.5014865261694402,0.5355088724952519,0.5006579663412959,-0.2787860242320479,0.37154979438465885,0.7084336547222841,0.4891314965542483,0.6107564396878027,-0.12459000680439548,0.06316909981819177,1
1.5704055200796414,1.4159942178659093,1.4200691187042478,1.4076036828207321,-0.42477219371265235,-0.36947481927937725,1.3715478803254724,1.346939565198416,1.4506381686452665,1.2477527413985403,-0.1889043044961856,1.3202177607533314,-1.1704767693704392,1.7064779362078242,1.8131785864290297,2
0.05279758279323938,-0.3599988730018127,-0.34283420437907763,-0.3720351949613681,-0.42477219371265235,-0.36947481927937725,-0.3005301353349685,-0.34562363251582434,-0.2787860242320479,-0.5046531526292226,-0.1889043044961856,-0.34195476764483496,-0.27986016484131826,-0.12459000680439548,0.06316909981819177,1
0.05279758279323938,0.5279976724320483,-0.34283420437907763,0.517784243929682,0.4505000071976035,0.5014865261694402,0.5355088724952519,0.5006579663412959,0.5859260722066093,0.37154979438465885,0.7084336547222841,0.4891314965542483,0.6107564396878027,0.7909439647017144,0.9381738431236107,1
0.05279758279323938,1.4159942178659093,-0.34283420437907763,1.4076036828207321,0.4505000071976035,0.5014865261694402,1.3715478803254724,0.5006579663412959,1.4506381686452665,0.37154979438465885,0.7084336547222841,1.3202177607533314,1.5013730442169235,-0.12459000680439548,0.06316909981819177,2
0.05279758279323938,-0.3599988730018127,-0.34283420437907763,-0.3720351949613681,-0.42477219371265235,-0.36947481927937725,-0.3005301353349685,-0.34562363251582434,-0.2787860242320479,-0.5046531526292226,-0.1889043044961856,-0.34195476764483496,-0.27986016484131826,-0.12459000680439548,0.06316909981819177,1
0.8116015514364405,0.5279976724320483,1.4200691187042478,0.517784243929682,1.3257722081078593,1.3724478716182575,0.5355088724952519,0.5006579663412959,0.5859260722066093,0.37154979438465885,0.7084336547222841,-0.34195476764483496,1.5013730442169235,0.7909439647017144,0.06316909981819177,2
-1.4648103544931628,1.4159942178659093,1.4200691187042478,1.4076036828207321,1.3257722081078593,1.3724478716182575,1.3715478803254724,1.346939565198416,1.4506381686452665,1.2477527413985403,1.6057716139407539,1.3202177607533314,1.5013730442169235,1.7064779362078242,1.8131785864290297,2
0.8116015514364405,-1.2479954184356736,0.538617457162585,0.517784243929682,1.3257722081078593,1.3724478716182575,1.3715478803254724,-0.34562363251582434,0.5859260722066093,0.37154979438465885,1.6057716139407539,0.4891314965542483,-0.27986016484131826,1.7064779362078242,0.06316909981819177,1
0.05279758279323938,-0.3599988730018127,1.4200691187042478,-0.3720351949613681,-0.42477219371265235,1.3724478716182575,-0.3005301353349685,-0.34562363251582434,-1.143498120670705,-0.5046531526292226,-0.1889043044961856,-1.1730410318439182,-0.27986016484131826,0.7909439647017144,-0.8118356434872271,1
1.5704055200796414,1.4159942178659093,1.4200691187042478,1.4076036828207321,1.3257722081078593,0.5014865261694402,0.5355088724952519,0.5006579663412959,-0.2787860242320479,1.2477527413985403,-0.1889043044961856,1.3202177607533314,-0.27986016484131826,-0.12459000680439548,1.8131785864290297,2
-0.7060063858499618,-0.3599988730018127,-1.2242858659207403,-0.3720351949613681,-1.300044394622908,-0.36947481927937725,-0.3005301353349685,-0.34562363251582434,-1.143498120670705,-0.5046531526292226,-0.1889043044961856,-0.34195476764483496,0.6107564396878027,1.7064779362078242,0.06316909981819177,1
0.05279758279323938,-0.3599988730018127,0.538617457162585,-0.3720351949613681,-0.42477219371265235,-0.36947481927937725,-0.3005301353349685,-0.34562363251582434,0.5859260722066093,1.2477527413985403,-0.1889043044961856,-0.34195476764483496,-1.1704767693704392,0.7909439647017144,-0.8118356434872271,1
0.05279758279323938,-0.3599988730018127,-0.34283420437907763,-0.3720351949613681,-0.42477219371265235,-0.36947481927937725,1.3715478803254724,-0.34562363251582434,0.5859260722066093,0.37154979438465885,0.7084336547222841,0.4891314965542483,0.6107564396878027,0.7909439647017144,0.9381738431236107,1
-0.7060063858499618,-0.3599988730018127,-0.34283420437907763,-0.3720351949613681,-0.42477219371265235,-0.36947481927937725,-0.3005301353349685,-0.34562363251582434,-0.2787860242320479,-0.5046531526292226,-0.1889043044961856,-0.34195476764483496,-0.27986016484131826,-0.12459000680439548,0.06316909981819177,1
1.5704055200796414,1.4159942178659093,1.4200691187042478,1.4076036828207321,1.3257722081078593,1.3724478716182575,1.3715478803254724,1.346939565198416,1.4506381686452665,1.2477527413985403,-0.1889043044961856,1.3202177607533314,1.5013730442169235,1.7064779362078242,1.8131785864290297,2
0.05279758279323938,-0.3599988730018127,-1.2242858659207403,0.517784243929682,0.4505000071976035,0.5014865261694402,1.3715478803254724,-1.1919052313729446,-0.2787860242320479,0.37154979438465885,0.7084336547222841,-0.34195476764483496,-0.27986016484131826,-1.0401239783105054,-0.8118356434872271,1
0.05279758279323938,1.4159942178659093,1.4200691187042478,0.517784243929682,0.4505000071976035,0.5014865261694402,0.5355088724952519,1.346939565198416,1.4506381686452665,1.2477527413985403,0.7084336547222841,1.3202177607533314,0.6107564396878027,0.7909439647017144,0.06316909981819177,2
0.8116015514364405,0.5279976724320483,1.4200691187042478,0.517784243929682,1.3257722081078593,1.3724478716182575,0.5355088724952519,1.346939565198416,1.4506381686452665,0.37154979438465885,-0.1889043044961856,0.4891314965542483,0.6107564396878027,0.7909439647017144,-0.8118356434872271,2
0.8116015514364405,1.4159942178659093,1.4200691187042478,1.4076036828207321,0.4505000071976035,1.3724478716182575,1.3715478803254724,1.346939565198416,1.4506381686452665,1.2477527413985403,1.6057716139407539,0.4891314965542483,0.6107564396878027,0.7909439647017144,0.9381738431236107,2
1.5704055200796414,1.4159942178659093,1.4200691187042478,1.4076036828207321,1.3257722081078593,1.3724478716182575,1.3715478803254724,1.346939565198416,0.5859260722066093,1.2477527413985403,1.6057716139407539,1.3202177607533314,1.5013730442169235,1.7064779362078242,-0.8118356434872271,2
0.05279758279323938,-0.3599988730018127,-0.34283420437907763,-0.3720351949613681,-0.42477219371265235,-0.36947481927937725,-0.3005301353349685,-0.34562363251582434,-0.2787860242320479,-0.5046531526292226,-0.1889043044961856,-0.34195476764483496,-0.27986016484131826,-0.12459000680439548,-0.8118356434872271,1
1.5704055200796414,0.5279976724320483,0.538617457162585,0.517784243929682,0.4505000071976035,0.5014865261694402,0.5355088724952519,0.5006579663412959,1.4506381686452665,1.2477527413985403,1.6057716139407539,1.3202177607533314,0.6107564396878027,-0.12459000680439548,0.06316909981819177,2
1.5704055200796414,-0.3599988730018127,-0.34283420437907763,0.517784243929682,-0.42477219371265235,-0.36947481927937725,-1.136569143165189,-1.1919052313729446,-0.2787860242320479,-0.5046531526292226,-0.1889043044961856,-0.34195476764483496,-0.27986016484131826,-1.0401239783105054,-0.8118356434872271,1
0.8116015514364405,-0.3599988730018127,-0.34283420437907763,-0.3720351949613681,0.4505000071976035,0.5014865261694402,1.3715478803254724,-0.34562363251582434,0.5859260722066093,0.37154979438465885,0.7084336547222841,-1.1730410318439182,0.6107564396878027,0.7909439647017144,-0.8118356434872271,1
1.5704055200796414,1.4159942178659093,1.4200691187042478,1.4076036828207321,0.4505000071976035,-0.36947481927937725,1.3715478803254724,1.346939565198416,1.4506381686452665,1.2477527413985403,-0.1889043044961856,1.3202177607533314,1.5013730442169235,-0.12459000680439548,0.06316909981819177,2
-0.7060063858499618,-0.3599988730018127,-0.34283420437907763,0.517784243929682,-0.42477219371265235,-0.36947481927937725,-0.3005301353349685,-0.34562363251582434,-0.2787860242320479,-0.5046531526292226,-0.1889043044961856,-0.34195476764483496,-0.27986016484131826,-0.12459000680439548,0.06316909981819177,1
0.05279758279323938,0.5279976724320483,-0.34283420437907763,1.4076036828207321,1.3257722081078593,1.3724478716182575,-0.3005301353349685,0.5006579663412959,1.4506381686452665,0.37154979438465885,-0.1889043044961856,1.3202177607533314,-1.1704767693704392,-0.12459000680439548,0.9381738431236107,2
-0.7060063858499618,-0.3599988730018127,0.538617457162585,-0.3720351949613681,-0.42477219371265235,0.5014865261694402,0.5355088724952519,0.5006579663412959,-0.2787860242320479,0.37154979438465885,-1.0862422637146554,-0.34195476764483496,0.6107564396878027,-0.12459000680439548,0.06316909981819177,1
1.5704055200796414,1.4159942178659093,1.4200691187042478,1.4076036828207321,1.3257722081078593,1.3724478716182575,1.3715478803254724,1.346939565198416,1.4506381686452665,1.2477527413985403,1.6057716139407539,1.3202177607533314,-0.27986016484131826,1.7064779362078242,0.06316909981819177,2
-0.7060063858499618,0.5279976724320483,0.538617457162585,-0.3720351949613681,0.4505000071976035,-0.36947481927937725,0.5355088724952519,-0.34562363251582434,-0.2787860242320479,0.37154979438465885,-0.1889043044961856,-0.34195476764483496,0.6107564396878027,-0.12459000680439548,-0.8118356434872271,1
0.05279758279323938,-0.3599988730018127,0.538617457162585,1.4076036828207321,-0.42477219371265235,-0.36947481927937725,-1.136569143165189,0.5006579663412959,0.5859260722066093,-0.5046531526292226,-0.1889043044961856,0.4891314965542483,-1.1704767693704392,-0.12459000680439548,0.06316909981819177,1
-1.4648103544931628,-1.2479954184356736,0.538617457162585,-0.3720351949613681,-0.42477219371265235,0.5014865261694402,-0.3005301353349685,-0.34562363251582434,-1.143498120670705,0.37154979438465885,0.7084336547222841,-0.34195476764483496,-0.27986016484131826,-0.12459000680439548,-0.8118356434872271,1
-0.7060063858499618,-0.3599988730018127,0.538617457162585,-0.3720351949613681,-0.42477219371265235,0.5014865261694402,1.3715478803254724,1.346939565198416,1.4506381686452665,0.37154979438465885,-0.1889043044961856,-1.1730410318439182,-1.1704767693704392,-0.12459000680439548,0.06316909981819177,1
0.05279758279323938,1.4159942178659093,-0.34283420437907763,1.4076036828207321,1.3257722081078593,1.3724478716182575,-0.3005301353349685,1.346939565198416,-0.2787860242320479,1.2477527413985403,-0.1889043044961856,1.3202177607533314,-0.27986016484131826,-0.12459000680439548,1.8131785864290297,2
-0.7060063858499618,0.5279976724320483,-0.34283420437907763,-0.3720351949613681,-0.42477219371265235,-1.2404361647281947,-1.136569143165189,-0.34562363251582434,0.5859260722066093,0.37154979438465885,0.7084336547222841,0.4891314965542483,0.6107564396878027,-0.12459000680439548,-0.8118356434872271,1
-1.4648103544931628,-1.2479954184356736,-1.2242858659207403,-1.2618546338524181,-1.300044394622908,-1.2404361647281947,-1.136569143165189,-1.1919052313729446,-1.143498120670705,-1.380856099643104,-1.0862422637146554,-1.1730410318439182,-1.1704767693704392,-1.0401239783105054,-0.8118356434872271,0
-1.4648103544931628,-0.3599988730018127,-0.34283420437907763,-0.3720351949613681,-0.42477219371265235,-0.36947481927937725,-0.3005301353349685,-0.34562363251582434,-0.2787860242320479,-0.5046531526292226,-0.1889043044961856,0.4891314965542483,1.5013730442169235,0.7909439647017144,1.8131785864290297,1
0.8116015514364405,0.5279976724320483,0.538617457162585,0.517784243929682,0.4505000071976035,0.5014865261694402,0.5355088724952519,0.5006579663412959,-0.2787860242320479,1.2477527413985403,0.7084336547222841,0.4891314965542483,0.6107564396878027,0.7909439647017144,0.06316909981819177,1
0.05279758279323938,0.5279976724320483,-0.34283420437907763,-0.3720351949613681,0.4505000071976035,0.5014865261694402,1.3715478803254724,0.5006579663412959,0.5859260722066093,0.37154979438465885,0.7084336547222841,-0.34195476764483496,0.6107564396878027,-0.12459000680439548,0.06316909981819177,1
-0.7060063858499618,1.4159942178659093,-0.34283420437907763,1.4076036828207321,0.4505000071976035,1.3724478716182575,0.5355088724952519,-0.34562363251582434,-0.2787860242320479,0.37154979438465885,-1.0862422637146554,-0.34195476764483496,-0.27986016484131826,0.7909439647017144,-0.8118356434872271,2
0.05279758279323938,-0.3599988730018127,1.4200691187042478,-0.3720351949613681,-0.42477219371265235,0.5014865261694402,0.5355088724952519,1.346939565198416,1.4506381686452665,0.37154979438465885,0.7084336547222841,-0.34195476764483496,1.5013730442169235,0.7909439647017144,0.06316909981819177,1
0.05279758279323938,-0.3599988730018127,-0.34283420437907763,-1.2618546338524181,-0.42477219371265235,-1.2404361647281947,-1.136569143165189,-1.1919052313729446,-1.143498120670705,-0.5046531526292226,-0.1889043044961856,-1.1730410318439182,-1.1704767693704392,-1.0401239783105054,-0.8118356434872271,1
-1.4648103544931628,-0.3599988730018127,-0.34283420437907763,-0.3720351949613681,-0.42477219371265235,-0.36947481927937725,-0.3005301353349685,-0.34562363251582434,-0.2787860242320479,-0.5046531526292226,-0.1889043044961856,-0.34195476764483496,-0.27986016484131826,-0.12459000680439548,0.06316909981819177,1
1.5704055200796414,1.4159942178659093,1.4200691187042478,-0.3720351949613681,-0.42477219371265235,0.5014865261694402,0.5355088724952519,0.5006579663412959,0.5859260722066093,0.37154979438465885,-0.1889043044961856,0.4891314965542483,1.5013730442169235,-0.12459000680439548,0.06316909981819177,2
0.8116015514364405,-0.3599988730018127,0.538617457162585,-0.3720351949613681,1.3257722081078593,-0.36947481927937725,-0.3005301353349685,-0.34562363251582434,-0.2787860242320479,-0.5046531526292226,-1.0862422637146554,1.3202177607533314,-0.27986016484131826,-0.12459000680439548,-0.8118356434872271,1
0.05279758279323938,0.5279976724320483,1.4200691187042478,1.4076036828207321,1.3257722081078593,1.3724478716182575,1.3715478803254724,1.346939565198416,1.4506381686452665,1.2477527413985403,1.6057716139407539,1.3202177607533314,1.5013730442169235,1.7064779362078242,1.8131785864290297,2
1.5704055200796414,1.4159942178659093,1.4200691187042478,1.4076036828207321,1.3257722081078593,1.3724478716182575,1.3715478803254724,1.346939565198416,1.4506381686452665,1.2477527413985403,1.6057716139407539,1.3202177607533314,-0.27986016484131826,1.7064779362078242,0.06316909981819177,2
0.05279758279323938,-0.3599988730018127,-0.34283420437907763,-0.3720351949613681,-0.42477219371265235,-0.36947481927937725,-0.3005301353349685,-1.1919052313729446,0.5859260722066093,0.37154979438465885,0.7084336547222841,0.4891314965542483,0.6107564396878027,0.7909439647017144,0.9381738431236107,1
0.05279758279323938,0.5279976724320483,0.538617457162585,1.4076036828207321,0.4505000071976035,0.5014865261694402,0.5355088724952519,-0.34562363251582434,-0.2787860242320479,1.2477527413985403,-1.0862422637146554,0.4891314965542483,0.6107564396878027,-0.12459000680439548,-0.8118356434872271,1
-0.7060063858499618,-0.3599988730018127,-0.34283420437907763,-1.2618546338524181,-1.300044394622908,-1.2404361647281947,-1.136569143165189,-0.34562363251582434,-0.2787860242320479,-0.5046531526292226,-0.1889043044961856,-1.1730410318439182,-0.27986016484131826,-0.12459000680439548,-0.8118356434872271,0
0.8116015514364405,1.4159942178659093,-0.34283420437907763,-0.3720351949613681,-0.42477219371265235,-0.36947481927937725,-0.3005301353349685,-1.1919052313729446,-1.143498120670705,-1.380856099643104,-0.1889043044961856,1.3202177607533314,-0.27986016484131826,0.7909439647017144,0.06316909981819177,1
0.8116015514364405,1.4159942178659093,1.4200691187042478,0.517784243929682,1.3257722081078593,1.3724478716182575,0.5355088724952519,1.346939565198416,1.4506381686452665,1.2477527413985403,0.7084336547222841,-0.34195476764483496,1.5013730442169235,0.7909439647017144,-0.8118356434872271,2
0.05279758279323938,-0.3599988730018127,-0.34283420437907763,-0.3720351949613681,-0.42477219371265235,-0.36947481927937725,-0.3005301353349685,-0.34562363251582434,-1.143498120670705,-0.5046531526292226,-1.0862422637146554,-0.34195476764483496,-0.27986016484131826,-1.0401239783105054,-0.8118356434872271,1
-0.7060063858499618,-1.2479954184356736,0.538617457162585,-0.3720351949613681,0.4505000071976035,0.5014865261694402,0.5355088724952519,-0.34562363251582434,-1.143498120670705,-1.380856099643104,-1.0862422637146554,-1.1730410318439182,-0.27986016484131826,-0.12459000680439548,1.8131785864290297,1
0.05279758279323938,1.4159942178659093,1.4200691187042478,1.4076036828207321,1.3257722081078593,1.3724478716182575,1.3715478803254724,1.346939565198416,0.5859260722066093,1.2477527413985403,1.6057716139407539,1.3202177607533314,0.6107564396878027,1.7064779362078242,-0.8118356434872271,2
0.05279758279323938,1.4159942178659093,-1.2242858659207403,-0.3720351949613681,1.3257722081078593,-0.36947481927937725,-1.136569143165189,-1.1919052313729446,-0.2787860242320479,-1.380856099643104,-0.1889043044961856,-1.1730410318439182,-0.27986016484131826,-1.0401239783105054,-0.8118356434872271,1
0.8116015514364405,1.4159942178659093,0.538617457162585,0.517784243929682,1.3257722081078593,1.3724478716182575,1.3715478803254724,1.346939565198416,0.5859260722066093,0.37154979438465885,0.7084336547222841,-0.34195476764483496,-0.27986016484131826,-0.12459000680439548,-0.8118356434872271,2
0.05279758279323938,0.5279976724320483,-1.2242858659207403,0.517784243929682,-0.42477219371265235,0.5014865261694402,0.5355088724952519,0.5006579663412959,0.5859260722066093,-0.5046531526292226,-0.1889043044961856,-1.1730410318439182,-1.1704767693704392,-1.0401239783105054,-0.8118356434872271,1
1.5704055200796414,0.5279976724320483,0.538617457162585,0.517784243929682,1.3257722081078593,0.5014865261694402,0.5355088724952519,0.5006579663412959,0.5859260722066093,-0.5046531526292226,0.7084336547222841,1.3202177607533314,-0.27986016484131826,-1.0401239783105054,0.9381738431236107,2
0.05279758279323938,-0.3599988730018127,-1.2242858659207403,-0.3720351949613681,-0.42477219371265235,0.5014865261694402,-0.3005301353349685,-0.34562363251582434,-1.143498120670705,0.37154979438465885,0.7084336547222841,1.3202177607533314,-1.1704767693704392,0.7909439647017144,0.06316909981819177,1
0.8116015514364405,-0.3599988730018127,0.538617457162585,-0.3720351949613681,-1.300044394622908,-1.2404361647281947,1.3715478803254724,-0.34562363251582434,1.4506381686452665,-0.5046531526292226,-1.0862422637146554,-0.34195476764483496,-1.1704767693704392,1.7064779362078242,-0.8118356434872271,1
1.5704055200796414,0.5279976724320483,-0.34283420437907763,-0.3720351949613681,-0.42477219371265235,-0.36947481927937725,-0.3005301353349685,0.5006579663412959,1.4506381686452665,0.37154979438465885,0.7084336547222841,1.3202177607533314,-0.27986016484131826,0.7909439647017144,0.9381738431236107,2
1.5704055200796414,1.4159942178659093,1.4200691187042478,0.517784243929682,1.3257722081078593,0.5014865261694402,1.3715478803254724,1.346939565198416,-0.2787860242320479,0.37154979438465885,-0.1889043044961856,1.3202177607533314,1.5013730442169235,1.7064779362078242,1.8131785864290297,2
-0.7060063858499618,-0.3599988730018127,-0.34283420437907763,1.4076036828207321,0.4505000071976035,-0.36947481927937725,1.3715478803254724,-0.34562363251582434,-0.2787860242320479,0.37154979438465885,-0.1889043044961856,0.4891314965542483,1.5013730442169235,1.7064779362078242,1.8131785864290297,1
-0.7060063858499618,-1.2479954184356736,-1.2242858659207403,-1.2618546338524181,-1.300044394622908,0.5014865261694402,-1.136569143165189,-1.1919052313729446,-1.143498120670705,-0.5046531526292226,-1.0862422637146554,-1.1730410318439182,-1.1704767693704392,-1.0401239783105054,-0.8118356434872271,0
0.05279758279323938,0.5279976724320483,-0.34283420437907763,0.517784243929682,0.4505000071976035,-0.36947481927937725,-0.3005301353349685,1.346939565198416,0.5859260722066093,0.37154979438465885,0.7084336547222841,1.3202177607533314,0.6107564396878027,-0.12459000680439548,0.9381738431236107,1
0.05279758279323938,-0.3599988730018127,-0.34283420437907763,-0.3720351949613681,-0.42477219371265235,-0.36947481927937725,-0.3005301353349685,-0.34562363251582434,-0.2787860242320479,-0.5046531526292226,-0.1889043044961856,-0.34195476764483496,-0.27986016484131826,-1.0401239783105054,0.06316909981819177,1
1.5704055200796414,0.5279976724320483,1.4200691187042478,1.4076036828207321,1.3257722081078593,1.3724478716182575,1.3715478803254724,1.346939565198416,1.4506381686452665,1.2477527413985403,0.7084336547222841,0.4891314965542483,0.6107564396878027,0.7909439647017144,0.06316909981819177,2
0.05279758279323938,-0.3599988730018127,0.538617457162585,0.517784243929682,-0.42477219371265235,-0.36947481927937725,-1.136569143165189,0.5006579663412959,0.5859260722066093,0.37154979438465885,-0.1889043044961856,0.4891314965542483,-0.27986016484131826,-0.12459000680439548,0.9381738431236107,1
0.05279758279323938,0.5279976724320483,-0.34283420437907763,-0.3720351949613681,-0.42477219371265235,1.3724478716182575,-0.3005301353349685,-0.34562363251582434,0.5859260722066093,0.37154979438465885,-0.1889043044961856,-0.34195476764483496,-0.27986016484131826,-0.12459000680439548,0.9381738431236107,1
-0.7060063858499618,-0.3599988730018127,0.538617457162585,-0.3720351949613681,0.4505000071976035,0.5014865261694402,1.3715478803254724,1.346939565198416,1.4506381686452665,0.37154979438465885,-0.1889043044961856,0.4891314965542483,0.6107564396878027,-1.0401239783105054,0.06316909981819177,1
-1.4648103544931628,-1.2479954184356736,-0.34283420437907763,-1.2618546338524181,0.4505000071976035,-1.2404361647281947,-1.136569143165189,-1.1919052313729446,-0.2787860242320479,-0.5046531526292226,-1.0862422637146554,-1.1730410318439182,-0.27986016484131826,-0.12459000680439548,-0.8118356434872271,0
0.05279758279323938,0.5279976724320483,-0.34283420437907763,-0.3720351949613681,-0.42477219371265235,-0.36947481927937725,-0.3005301353349685,0.5006579663412959,-0.2787860242320479,0.37154979438465885,-0.1889043044961856,0.4891314965542483,1.5013730442169235,-0.12459000680439548,1.8131785864290297,1
-1.4648103544931628,0.5279976724320483,0.538617457162585,-0.3720351949613681,-0.42477219371265235,-0.36947481927937725,-0.3005301353349685,0.5006579663412959,-0.2787860242320479,-0.5046531526292226,0.7084336547222841,0.4891314965542483,0.6107564396878027,-1.0401239783105054,0.06316909981819177,1
0.05279758279323938,-0.3599988730018127,-0.34283420437907763,-0.3720351949613681,1.3257722081078593,1.3724478716182575,-0.3005301353349685,1.346939565198416,1.4506381686452665,1.2477527413985403,-0.1889043044961856,1.3202177607533314,0.6107564396878027,-0.12459000680439548,0.9381738431236107,1
0.05279758279323938,-0.3599988730018127,-0.34283420437907763,0.517784243929682,0.4505000071976035,-1.2404361647281947,-0.3005301353349685,-0.34562363251582434,-0.2787860242320479,-0.5046531526292226,-0.1889043044961856,1.3202177607533314,-0.27986016484131826,-1.0401239783105054,-0.8118356434872271,1
0.05279758279323938,-0.3599988730018127,-0.34283420437907763,-0.3720351949613681,1.3257722081078593,1.3724478716182575,-1.136569143165189,-0.34562363251582434,-0.2787860242320479,-0.5046531526292226,-0.1889043044961856,-0.34195476764483496,-0.27986016484131826,-0.12459000680439548,0.06316909981819177,1
0.8116015514364405,0.5279976724320483,0.538617457162585,0.517784243929682,1.3257722081078593,1.3724478716182575,1.3715478803254724,1.346939565198416,0.5859260722066093,0.37154979438465885,-0.1889043044961856,0.4891314965542483,-0.27986016484131826,0.7909439647017144,-0.8118356434872271,2
-0.7060063858499618,-0.3599988730018127,0.538617457162585,-1.2618546338524181,-1.300044394622908,-0.36947481927937725,-0.3005301353349685,-1.1919052313729446,-0.2787860242320479,-0.5046531526292226,-0.1889043044961856,-1.1730410318439182,-0.27986016484131826,-1.0401239783105054,-0.8118356434872271,1
1.5704055200796414,0.5279976724320483,0.538617457162585,0.517784243929682,0.4505000071976035,0.5014865261694402,0.5355088724952519,0.5006579663412959,0.5859260722066093,0.37154979438465885,0.7084336547222841,0.4891314965542483,0.6107564396878027,0.7909439647017144,0.9381738431236107,1
0.05279758279323938,0.5279976724320483,-0.34283420437907763,0.517784243929682,-0.42477219371265235,-0.36947481927937725,0.5355088724952519,-0.34562363251582434,0.5859260722066093,1.2477527413985403,0.7084336547222841,-0.34195476764483496,0.6107564396878027,-0.12459000680439548,-0.8118356434872271,1
0.05279758279323938,0.5279976724320483,0.538617457162585,0.517784243929682,1.3257722081078593,0.5014865261694402,0.5355088724952519,1.346939565198416,1.4506381686452665,1.2477527413985403,0.7084336547222841,1.3202177607533314,0.6107564396878027,1.7064779362078242,1.8131785864290297,2
-0.7060063858499618,0.5279976724320483,0.538617457162585,0.517784243929682,0.4505000071976035,0.5014865261694402,0.5355088724952519,0.5006579663412959,0.5859260722066093,0.37154979438465885,0.7084336547222841,0.4891314965542483,0.6107564396878027,0.7909439647017144,0.9381738431236107,1
0.05279758279323938,-0.3599988730018127,0.538617457162585,1.4076036828207321,1.3257722081078593,-0.36947481927937725,1.3715478803254724,1.346939565198416,-0.2787860242320479,-0.5046531526292226,1.6057716139407539,0.4891314965542483,1.5013730442169235,-0.12459000680439548,-0.8118356434872271,2
0.8116015514364405,1.4159942178659093,1.4200691187042478,0.517784243929682,0.4505000071976035,1.3724478716182575,-1.136569143165189,1.346939565198416,1.4506381686452665,1.2477527413985403,1.6057716139407539,1.3202177607533314,0.6107564396878027,0.7909439647017144,0.9381738431236107,2
0.05279758279323938,-1.2479954184356736,-0.34283420437907763,-0.3720351949613681,-0.42477219371265235,-0.36947481927937725,-1.136569143165189,0.5006579663412959,-1.143498120670705,-1.380856099643104,-0.1889043044961856,1.3202177607533314,-0.27986016484131826,-0.12459000680439548,0.06316909981819177,1
-0.7060063858499618,-1.2479954184356736,-1.2242858659207403,-1.2618546338524181,-1.300044394622908,-1.2404361647281947,-1.136569143165189,-1.1919052313729446,-1.143498120670705,-1.380856099643104,-0.1889043044961856,-1.1730410318439182,-1.1704767693704392,-1.0401239783105054,0.06316909981819177,0
0.05279758279323938,0.5279976724320483,-0.34283420437907763,0.517784243929682,1.3257722081078593,-0.36947481927937725,-1.136569143165189,-0.34562363251582434,0.5859260722066093,-0.5046531526292226,0.7084336547222841,-0.34195476764483496,-0.27986016484131826,-0.12459000680439548,0.9381738431236107,1
0.05279758279323938,-0.3599988730018127,0.538617457162585,0.517784243929682,0.4505000071976035,0.5014865261694402,0.5355088724952519,0.5006579663412959,0.5859260722066093,0.37154979438465885,0.7084336547222841,0.4891314965542483,0.6107564396878027,0.7909439647017144,0.9381738431236107,1
0.8116015514364405,-0.3599988730018127,0.538617457162585,1.4076036828207321,1.3257722081078593,1.3724478716182575,1.3715478803254724,1.346939565198416,0.5859260722066093,1.2477527413985403,1.6057716139407539,1.3202177607533314,0.6107564396878027,1.7064779362078242,1.8131785864290297,2
-1.4648103544931628,-1.2479954184356736,-0.34283420437907763,-1.2618546338524181,-1.300044394622908,-1.2404361647281947,-1.136569143165189,-1.1919052313729446,-0.2787860242320479,-1.380856099643104,-1.0862422637146554,-0.34195476764483496,-1.1704767693704392,-0.12459000680439548,0.06316909981819177,0
0.8116015514364405,1.4159942178659093,1.4200691187042478,1.4076036828207321,1.3257722081078593,-1.2404361647281947,0.5355088724952519,0.5006579663412959,1.4506381686452665,-0.5046531526292226,-1.0862422637146554,1.3202177607533314,1.5013730442169235,0.7909439647017144,1.8131785864290297,2
1.5704055200796414,0.5279976724320483,1.4200691187042478,-1.2618546338524181,0.4505000071976035,-0.36947481927937725,-1.136569143165189,1.346939565198416,0.5859260722066093,0.37154979438465885,-0.1889043044961856,-1.1730410318439182,-0.27986016484131826,-1.0401239783105054,0.9381738431236107,1
-0.7060063858499618,0.5279976724320483,1.4200691187042478,-0.3720351949613681,0.4505000071976035,1.3724478716182575,1.3715478803254724,1.346939565198416,1.4506381686452665,1.2477527413985403,1.6057716139407539,1.3202177607533314,1.5013730442169235,1.7064779362078242,0.9381738431236107,2
0.05279758279323938,0.5279976724320483,0.538617457162585,-0.3720351949613681,0.4505000071976035,-0.36947481927937725,-0.3005301353349685,1.346939565198416,1.4506381686452665,0.37154979438465885,-0.1889043044961856,1.3202177607533314,0.6107564396878027,0.7909439647017144,0.9381738431236107,1
1.5704055200796414,1.4159942178659093,-1.2242858659207403,1.4076036828207321,0.4505000071976035,0.5014865261694402,1.3715478803254724,0.5006579663412959,1.4506381686452665,-0.5046531526292226,1.6057716139407539,-0.34195476764483496,-0.27986016484131826,0.7909439647017144,-0.8118356434872271,2
1.5704055200796414,0.5279976724320483,0.538617457162585,-0.3720351949613681,-0.42477219371265235,0.5014865261694402,1.3715478803254724,1.346939565198416,-1.143498120670705,0.37154979438465885,0.7084336547222841,0.4891314965542483,0.6107564396878027,-0.12459000680439548,0.9381738431236107,2
1.5704055200796414,1.4159942178659093,1.4200691187042478,0.517784243929682,1.3257722081078593,0.5014865261694402,1.3715478803254724,1.346939565198416,1.4506381686452665,1.2477527413985403,1.6057716139407539,1.3202177607533314,1.5013730442169235,-0.12459000680439548,1.8131785864290297,2
0.8116015514364405,1.4159942178659093,1.4200691187042478,1.4076036828207321,1.3257722081078593,1.3724478716182575,1.3715478803254724,1.346939565198416,1.4506381686452665,1.2477527413985403,1.6057716139407539,1.3202177607533314,1.5013730442169235,1.7064779362078242,1.8131785864290297,2
0.05279758279323938,0.5279976724320483,0.538617457162585,0.517784243929682,0.4505000071976035,0.5014865261694402,0.5355088724952519,0.5006579663412959,0.5859260722066093,0.37154979438465885,0.7084336547222841,0.4891314965542483,0.6107564396878027,0.7909439647017144,0.9381738431236107,2
-1.4648103544931628,-0.3599988730018127,-0.34283420437907763,-0.3720351949613681,-0.42477219371265235,-0.36947481927937725,-0.3005301353349685,-0.34562363251582434,-1.143498120670705,-0.5046531526292226,-1.0862422637146554,-0.34195476764483496,0.6107564396878027,-0.12459000680439548,0.06316909981819177,1
-0.7060063858499618,-0.3599988730018127,-0.34283420437907763,-0.3720351949613681,0.4505000071976035,-0.36947481927937725,0.5355088724952519,0.5006579663412959,-1.143498120670705,-0.5046531526292226,-1.0862422637146554,-0.34195476764483496,-0.27986016484131826,-1.0401239783105054,0.06316909981819177,1
-0.7060063858499618,-1.2479954184356736,-0.34283420437907763,-0.3720351949613681,-0.42477219371265235,-0.36947481927937725,-0.3005301353349685,-0.34562363251582434,-0.2787860242320479,-0.5046531526292226,-1.0862422637146554,-1.1730410318439182,-0.27986016484131826,-1.0401239783105054,-0.8118356434872271,1
-1.4648103544931628,-1.2479954184356736,-1.2242858659207403,-1.2618546338524181,-1.300044394622908,1.3724478716182575,-1.136569143165189,-0.34562363251582434,-0.2787860242320479,1.2477527413985403,-1.0862422637146554,-0.34195476764483496,-0.27986016484131826,-1.0401239783105054,-0.8118356434872271,0
0.8116015514364405,0.5279976724320483,-0.34283420437907763,0.517784243929682,0.4505000071976035,1.3724478716182575,-0.3005301353349685,0.5006579663412959,-1.143498120670705,-1.380856099643104,-0.1889043044961856,0.4891314965542483,0.6107564396878027,-0.12459000680439548,-0.8118356434872271,1
1.5704055200796414,0.5279976724320483,1.4200691187042478,0.517784243929682,0.4505000071976035,1.3724478716182575,0.5355088724952519,1.346939565198416,0.5859260722066093,1.2477527413985403,-0.1889043044961856,0.4891314965542483,1.5013730442169235,0.7909439647017144,-0.8118356434872271,2
0.8116015514364405,-0.3599988730018127,-0.34283420437907763,0.517784243929682,0.4505000071976035,-1.2404361647281947,-0.3005301353349685,-0.34562363251582434,0.5859260722066093,-0.5046531526292226,-0.1889043044961856,1.3202177607533314,0.6107564396878027,-0.12459000680439548,0.9381738431236107,1
1.5704055200796414,1.4159942178659093,-1.2242858659207403,1.4076036828207321,0.4505000071976035,0.5014865261694402,-0.3005301353349685,0.5006579663412959,1.4506381686452665,1.2477527413985403,0.7084336547222841,1.3202177607533314,-1.1704767693704392,-0.12459000680439548,1.8131785864290297,2
-0.7060063858499618,-1.2479954184356736,-0.34283420437907763,-0.3720351949613681,-1.300044394622908,-0.36947481927937725,-0.3005301353349685,-0.34562363251582434,0.5859260722066093,0.37154979438465885,-0.1889043044961856,0.4891314965542483,-0.27986016484131826,-0.12459000680439548,0.06316909981819177,1
-1.4648103544931628,-1.2479954184356736,-1.2242858659207403,1.4076036828207321,-1.300044394622908,-0.36947481927937725,-1.136569143165189,-1.1919052313729446,-1.143498120670705,-1.380856099643104,-1.0862422637146554,-0.34195476764483496,-1.1704767693704392,-1.0401239783105054,-0.8118356434872271,0
0.05279758279323938,1.4159942178659093,1.4200691187042478,0.517784243929682,1.3257722081078593,1.3724478716182575,1.3715478803254724,1.346939565198416,1.4506381686452665,1.2477527413985403,-0.1889043044961856,1.3202177607533314,1.5013730442169235,1.7064779362078242,1.8131785864290297,2
-1.4648103544931628,0.5279976724320483,0.538617457162585,0.517784243929682,1.3257722081078593,1.3724478716182575,1.3715478803254724,1.346939565198416,-0.2787860242320479,-0.5046531526292226,-0.1889043044961856,-0.34195476764483496,-1.1704767693704392,-0.12459000680439548,-0.8118356434872271,1
0.8116015514364405,0.5279976724320483,0.538617457162585,-0.3720351949613681,0.4505000071976035,-0.36947481927937725,-0.3005301353349685,-0.34562363251582434,0.5859260722066093,-0.5046531526292226,0.7084336547222841,0.4891314965542483,-0.27986016484131826,0.7909439647017144,0.06316909981819177,1
0.05279758279323938,1.4159942178659093,1.4200691187042478,1.4076036828207321,1.3257722081078593,1.3724478716182575,1.3715478803254724,-0.34562363251582434,-0.2787860242320479,-0.5046531526292226,-0.1889043044961856,-0.34195476764483496,-0.27986016484131826,-0.12459000680439548,0.06316909981819177,1
1.5704055200796414,1.4159942178659093,1.4200691187042478,1.4076036828207321,1.3257722081078593,1.3724478716182575,1.3715478803254724,1.346939565198416,1.4506381686452665,1.2477527413985403,1.6057716139407539,1.3202177607533314,1.5013730442169235,1.7064779362078242,1.8131785864290297,2
0.05279758279323938,0.5279976724320483,-0.34283420437907763,-0.3720351949613681,-0.42477219371265235,-0.36947481927937725,-0.3005301353349685,-0.34562363251582434,-0.2787860242320479,-0.5046531526292226,-0.1889043044961856,-0.34195476764483496,-0.27986016484131826,-0.12459000680439548,0.06316909981819177,1
-0.7060063858499618,-0.3599988730018127,-0.34283420437907763,0.517784243929682,0.4505000071976035,0.5014865261694402,1.3715478803254724,0.5006579663412959,1.4506381686452665,1.2477527413985403,1.6057716139407539,1.3202177607533314,1.5013730442169235,1.7064779362078242,-0.8118356434872271,1
0.05279758279323938,-0.3599988730018127,0.538617457162585,-0.3720351949613681,-0.42477219371265235,1.3724478716182575,-0.3005301353349685,-0.34562363251582434,-1.143498120670705,1.2477527413985403,-0.1889043044961856,-1.1730410318439182,-0.27986016484131826,-1.0401239783105054,-0.8118356434872271,1
1.5704055200796414,1.4159942178659093,1.4200691187042478,1.4076036828207321,1.3257722081078593,1.3724478716182575,1.3715478803254724,1.346939565198416,-1.143498120670705,1.2477527413985403,0.7084336547222841,1.3202177607533314,1.5013730442169235,1.7064779362078242,1.8131785864290297,2
-0.7060063858499618,-1.2479954184356736,-1.2242858659207403,-1.2618546338524181,-1.300044394622908,-1.2404361647281947,-1.136569143165189,-1.1919052313729446,-1.143498120670705,-1.380856099643104,-1.0862422637146554,-1.1730410318439182,-1.1704767693704392,-1.0401239783105054,-0.8118356434872271,0
0.05279758279323938,-0.3599988730018127,-0.34283420437907763,-0.3720351949613681,-0.42477219371265235,-0.36947481927937725,-0.3005301353349685,-0.34562363251582434,-0.2787860242320479,-0.5046531526292226,-0.1889043044961856,-0.34195476764483496,-0.27986016484131826,-0.12459000680439548,-0.8118356434872271,1
-1.4648103544931628,1.4159942178659093,0.538617457162585,0.517784243929682,0.4505000071976035,0.5014865261694402,0.5355088724952519,1.346939565198416,1.4506381686452665,1.2477527413985403,1.6057716139407539,1.3202177607533314,1.5013730442169235,1.7064779362078242,1.8131785864290297,2
-0.7060063858499618,-0.3599988730018127,-0.34283420437907763,-0.3720351949613681,-0.42477219371265235,-0.36947481927937725,-1.136569143165189,-0.34562363251582434,-0.2787860242320479,-0.5046531526292226,-0.1889043044961856,0.4891314965542483,-1.1704767693704392,-1.0401239783105054,-0.8118356434872271,1
-0.7060063858499618,-0.3599988730018127,-0.34283420437907763,-0.3720351949613681,-0.42477219371265235,-0.36947481927937725,-0.3005301353349685,-0.34562363251582434,-0.2787860242320479,-0.5046531526292226,-0.1889043044961856,-1.1730410318439182,-0.27986016484131826,-0.12459000680439548,-0.8118356434872271,1
0.05279758279323938,0.5279976724320483,-0.34283420437907763,-0.3720351949613681,-0.42477219371265235,-0.36947481927937725,0.5355088724952519,-0.34562363251582434,-1.143498120670705,-0.5046531526292226,-1.0862422637146554,-0.34195476764483496,-0.27986016484131826,-1.0401239783105054,-0.8118356434872271,1
0.05279758279323938,-0.3599988730018127,1.4200691187042478,-1.2618546338524181,0.4505000071976035,0.5014865261694402,-1.136569143165189,-1.1919052313729446,-0.2787860242320479,-0.5046531526292226,-1.0862422637146554,-1.1730410318439182,-1.1704767693704392,-1.0401239783105054,-0.8118356434872271,0
1.5704055200796414,1.4159942178659093,1.4200691187042478,1.4076036828207321,0.4505000071976035,1.3724478716182575,0.5355088724952519,1.346939565198416,1.4506381686452665,1.2477527413985403,0.7084336547222841,0.4891314965542483,1.5013730442169235,-1.0401239783105054,0.06316909981819177,2
1.5704055200796414,1.4159942178659093,-1.2242858659207403,1.4076036828207321,1.3257722081078593,1.3724478716182575,1.3715478803254724,1.346939565198416,0.5859260722066093,1.2477527413985403,-1.0862422637146554,1.3202177607533314,-1.1704767693704392,0.7909439647017144,0.9381738431236107,2
-1.4648103544931628,-1.2479954184356736,-1.2242858659207403,-1.2618546338524181,-1.300044394622908,-1.2404361647281947,-1.136569143165189,-1.1919052313729446,-1.143498120670705,-1.380856099643104,-1.0862422637146554,-1.1730410318439182,-1.1704767693704392,-1.0401239783105054,-0.8118356434872271,0
-1.4648103544931628,-0.3599988730018127,0.538617457162585,-0.3720351949613681,-1.300044394622908,-1.2404361647281947,-0.3005301353349685,-1.1919052313729446,-1.143498120670705,-1.380856099643104,-0.1889043044961856,-1.1730410318439182,-0.27986016484131826,-0.12459000680439548,0.06316909981819177,1
0.8116015514364405,0.5279976724320483,0.538617457162585,0.517784243929682,1.3257722081078593,1.3724478716182575,1.3715478803254724,0.5006579663412959,0.5859260722066093,0.37154979438465885,-0.1889043044961856,0.4891314965542483,-0.27986016484131826,-0.12459000680439548,1.8131785864290297,2
-0.7060063858499618,-1.2479954184356736,-1.2242858659207403,-1.2618546338524181,-1.300044394622908,-1.2404361647281947,-1.136569143165189,-1.1919052313729446,-1.143498120670705,-0.5046531526292226,0.7084336547222841,-0.34195476764483496,0.6107564396878027,0.7909439647017144,0.06316909981819177,1
0.8116015514364405,1.4159942178659093,0.538617457162585,1.4076036828207321,1.3257722081078593,1.3724478716182575,1.3715478803254724,1.346939565198416,-0.2787860242320479,1.2477527413985403,0.7084336547222841,1.3202177607533314,-1.1704767693704392,0.7909439647017144,1.8131785864290297,2
-0.7060063858499618,-0.3599988730018127,-0.34283420437907763,-0.3720351949613681,-0.42477219371265235,1.3724478716182575,-0.3005301353349685,-0.34562363251582434,1.4506381686452665,0.37154979438465885,-0.1889043044961856,-0.34195476764483496,-0.27986016484131826,-1.0401239783105054,-0.8118356434872271,1
0.05279758279323938,0.5279976724320483,1.4200691187042478,0.517784243929682,1.3257722081078593,1.3724478716182575,1.3715478803254724,1.346939565198416,1.4506381686452665,1.2477527413985403,0.7084336547222841,1.3202177607533314,1.5013730442169235,1.7064779362078242,1.8131785864290297,2
0.8116015514364405,0.5279976724320483,-1.2242858659207403,0.517784243929682,0.4505000071976035,0.5014865261694402,-0.3005301353349685,0.5006579663412959,-0.2787860242320479,0.37154979438465885,0.7084336547222841,-0.34195476764483496,1.5013730442169235,0.7909439647017144,0.06316909981819177,1
0.05279758279323938,-1.2479954184356736,1.4200691187042478,0.517784243929682,0.4505000071976035,0.5014865261694402,0.5355088724952519,0.5006579663412959,1.4506381686452665,1.2477527413985403,1.6057716139407539,1.3202177607533314,-0.27986016484131826,1.7064779362078242,1.8131785864290297,1
0.05279758279323938,-0.3599988730018127,-0.34283420437907763,-0.3720351949613681,-0.42477219371265235,-0.36947481927937725,-0.3005301353349685,-0.34562363251582434,-1.143498120670705,0.37154979438465885,-1.0862422637146554,-0.34195476764483496,-0.27986016484131826,-0.12459000680439548,0.06316909981819177,1
-0.7060063858499618,0.5279976724320483,0.538617457162585,0.517784243929682,0.4505000071976035,-0.36947481927937725,1.3715478803254724,1.346939565198416,0.5859260722066093,0.37154979438465885,1.6057716139407539,1.3202177607533314,0.6107564396878027,-0.12459000680439548,1.8131785864290297,2
0.05279758279323938,0.5279976724320483,-1.2242858659207403,-0.3720351949613681,-1.300044394622908,-1.2404361647281947,-0.3005301353349685,-0.34562363251582434,-1.143498120670705,-0.5046531526292226,-1.0862422637146554,1.3202177607533314,-1.1704767693704392,-1.0401239783105054,-0.8118356434872271,1
-0.7060063858499618,-0.3599988730018127,-0.34283420437907763,-0.3720351949613681,0.4505000071976035,0.5014865261694402,-0.3005301353349685,0.5006579663412959,-0.2787860242320479,-0.5046531526292226,-1.0862422637146554,-0.34195476764483496,-0.27986016484131826,-0.12459000680439548,-0.8118356434872271,1
1.5704055200796414,0.5279976724320483,-0.34283420437907763,0.517784243929682,1.3257722081078593,1.3724478716182575,1.3715478803254724,1.346939565198416,0.5859260722066093,1.2477527413985403,0.7084336547222841,1.3202177607533314,1.5013730442169235,1.7064779362078242,0.06316909981819177,2
-0.7060063858499618,-1.2479954184356736,-1.2242858659207403,-1.2618546338524181,-0.42477219371265235,-1.2404361647281947,-0.3005301353349685,-0.34562363251582434,-1.143498120670705,-0.5046531526292226,0.7084336547222841,-1.1730410318439182,-0.27986016484131826,-1.0401239783105054,-0.8118356434872271,0
1.5704055200796414,1.4159942178659093,-0.34283420437907763,-0.3720351949613681,1.3257722081078593,1.3724478716182575,1.3715478803254724,1.346939565198416,-0.2787860242320479,-0.5046531526292226,-1.0862422637146554,1.3202177607533314,0.6107564396878027,-0.12459000680439548,0.06316909981819177,2
-0.7060063858499618,-0.3599988730018127,-0.34283420437907763,1.4076036828207321,-0.42477219371265235,0.5014865261694402,-1.136569143165189,0.5006579663412959,0.5859260722066093,0.37154979438465885,-0.1889043044961856,-0.34195476764483496,-0.27986016484131826,-0.12459000680439548,0.9381738431236107,1
0.05279758279323938,1.4159942178659093,-0.34283420437907763,1.4076036828207321,1.3257722081078593,0.5014865261694402,1.3715478803254724,0.5006579663412959,1.4506381686452665,1.2477527413985403,1.6057716139407539,1.3202177607533314,-0.27986016484131826,-1.0401239783105054,1.8131785864290297,2
0.8116015514364405,1.4159942178659093,1.4200691187042478,0.517784243929682,0.4505000071976035,1.3724478716182575,1.3715478803254724,1.346939565198416,1.4506381686452665,0.37154979438465885,0.7084336547222841,1.3202177607533314,1.5013730442169235,-1.0401239783105054,0.06316909981819177,2
0.05279758279323938,0.5279976724320483,0.538617457162585,0.517784243929682,0.4505000071976035,0.5014865261694402,0.5355088724952519,0.5006579663412959,0.5859260722066093,0.37154979438465885,0.7084336547222841,0.4891314965542483,0.6107564396878027,0.7909439647017144,-0.8118356434872271,1
0.8116015514364405,-0.3599988730018127,0.538617457162585,-0.3720351949613681,0.4505000071976035,-1.2404361647281947,0.5355088724952519,-0.34562363251582434,1.4506381686452665,1.2477527413985403,0.7084336547222841,-0.34195476764483496,-1.1704767693704392,-0.12459000680439548,-0.8118356434872271,1
0.8116015514364405,0.5279976724320483,0.538617457162585,1.4076036828207321,0.4505000071976035,0.5014865261694402,-0.3005301353349685,0.5006579663412959,0.5859260722066093,1.2477527413985403,0.7084336547222841,-0.34195476764483496,0.6107564396878027,0.7909439647017144,0.06316909981819177,2
-0.7060063858499618,-0.3599988730018127,-0.34283420437907763,-0.3720351949613681,-0.42477219371265235,-0.36947481927937725,-1.136569143165189,-1.1919052313729446,-0.2787860242320479,-0.5046531526292226,-0.1889043044961856,-1.1730410318439182,-0.27986016484131826,-1.0401239783105054,-0.8118356434872271,1
0.8116015514364405,0.5279976724320483,-0.34283420437907763,1.4076036828207321,1.3257722081078593,1.3724478716182575,1.3715478803254724,0.5006579663412959,1.4506381686452665,1.2477527413985403,-0.1889043044961856,0.4891314965542483,1.5013730442169235,-0.12459000680439548,0.06316909981819177,2
1.5704055200796414,1.4159942178659093,1.4200691187042478,1.4076036828207321,1.3257722081078593,1.3724478716182575,1.3715478803254724,-0.34562363251582434,-0.2787860242320479,-1.380856099643104,0.7084336547222841,-1.1730410318439182,0.6107564396878027,1.7064779362078242,0.9381738431236107,2
0.8116015514364405,0.5279976724320483,0.538617457162585,0.517784243929682,0.4505000071976035,0.5014865261694402,1.3715478803254724,0.5006579663412959,0.5859260722066093,0.37154979438465885,0.7084336547222841,1.3202177607533314,1.5013730442169235,1.7064779362078242,1.8131785864290297,2
0.05279758279323938,0.5279976724320483,1.4200691187042478,-0.3720351949613681,0.4505000071976035,0.5014865261694402,1.3715478803254724,0.5006579663412959,1.4506381686452665,-0.5046531526292226,-0.1889043044961856,-0.34195476764483496,-0.27986016484131826,-1.0401239783105054,1.8131785864290297,1
1.5704055200796414,1.4159942178659093,1.4200691187042478,1.4076036828207321,1.3257722081078593,1.3724478716182575,1.3715478803254724,1.346939565198416,1.4506381686452665,1.2477527413985403,1.6057716139407539,1.3202177607533314,1.5013730442169235,1.7064779362078242,1.8131785864290297,2
1.5704055200796414,1.4159942178659093,1.4200691187042478,0.517784243929682,-0.42477219371265235,-1.2404361647281947,-0.3005301353349685,0.5006579663412959,1.4506381686452665,1.2477527413985403,0.7084336547222841,0.4891314965542483,0.6107564396878027,-0.12459000680439548,-0.8118356434872271,2
0.05279758279323938,1.4159942178659093,1.4200691187042478,1.4076036828207321,1.3257722081078593,1.3724478716182575,1.3715478803254724,1.346939565198416,-0.2787860242320479,0.37154979438465885,0.7084336547222841,1.3202177607533314,-0.27986016484131826,1.7064779362078242,1.8131785864290297,2
0.05279758279323938,-0.3599988730018127,-1.2242858659207403,-0.3720351949613681,-1.300044394622908,-0.36947481927937725,-0.3005301353349685,-1.1919052313729446,-1.143498120670705,-0.5046531526292226,-0.1889043044961856,0.4891314965542483,-1.1704767693704392,-1.0401239783105054,-0.8118356434872271,1
-1.4648103544931628,-0.3599988730018127,-0.34283420437907763,0.517784243929682,0.4505000071976035,-0.36947481927937725,0.5355088724952519,0.5006579663412959,0.5859260722066093,0.37154979438465885,0.7084336547222841,0.4891314965542483,-0.27986016484131826,-0.12459000680439548,0.9381738431236107,1
1.5704055200796414,1.4159942178659093,-1.2242858659207403,1.4076036828207321,1.3257722081078593,0.5014865261694402,1.3715478803254724,1.346939565198416,1.4506381686452665,1.2477527413985403,1.6057716139407539,1.3202177607533314,1.5013730442169235,0.7909439647017144,1.8131785864290297,2
1.5704055200796414,0.5279976724320483,-0.34283420437907763,0.517784243929682,-0.42477219371265235,-0.36947481927937725,-0.3005301353349685,-1.1919052313729446,-0.2787860242320479,-0.5046531526292226,0.7084336547222841,-0.34195476764483496,-0.27986016484131826,-0.12459000680439548,-0.8118356434872271,1
-0.7060063858499618,0.5279976724320483,0.538617457162585,0.517784243929682,0.4505000071976035,0.5014865261694402,0.5355088724952519,0.5006579663412959,-0.2787860242320479,-0.5046531526292226,-0.1889043044961856,-0.34195476764483496,-0.27986016484131826,-0.12459000680439548,0.9381738431236107,1
0.05279758279323938,0.5279976724320483,0.538617457162585,0.517784243929682,0.4505000071976035,0.5014865261694402,0.5355088724952519,0.5006579663412959,0.5859260722066093,0.37154979438465885,0.7084336547222841,0.4891314965542483,0.6107564396878027,0.7909439647017144,0.9381738431236107,1
0.8116015514364405,-0.3599988730018127,-0.34283420437907763,-0.3720351949613681,-0.42477219371265235,-0.36947481927937725,-1.136569143165189,-0.34562363251582434,0.5859260722066093,-0.5046531526292226,-0.1889043044961856,-0.34195476764483496,-0.27986016484131826,-0.12459000680439548,-0.8118356434872271,1
-0.7060063858499618,-1.2479954184356736,-1.2242858659207403,-1.2618546338524181,-1.300044394622908,-1.2404361647281947,-1.136569143165189,-1.1919052313729446,-1.143498120670705,-1.380856099643104,-1.0862422637146554,-1.1730410318439182,-1.1704767693704392,-1.0401239783105054,-0.8118356434872271,0
1.5704055200796414,1.4159942178659093,1.4200691187042478,1.4076036828207321,1.3257722081078593,0.5014865261694402,1.3715478803254724,1.346939565198416,1.4506381686452665,1.2477527413985403,1.6057716139407539,1.3202177607533314,1.5013730442169235,0.7909439647017144,1.8131785864290297,2
0.05279758279323938,-0.3599988730018127,-0.34283420437907763,-0.3720351949613681,-0.42477219371265235,-0.36947481927937725,0.5355088724952519,-0.34562363251582434,-0.2787860242320479,-0.5046531526292226,-0.1889043044961856,-0.34195476764483496,0.6107564396878027,-0.12459000680439548,-0.8118356434872271,1
-0.7060063858499618,-0.3599988730018127,-0.34283420437907763,-0.3720351949613681,0.4505000071976035,-1.2404361647281947,1.3715478803254724,1.346939565198416,0.5859260722066093,0.37154979438465885,0.7084336547222841,1.3202177607533314,0.6107564396878027,-0.12459000680439548,-0.8118356434872271,1
0.05279758279323938,0.5279976724320483,-0.34283420437907763,0.517784243929682,1.3257722081078593,-0.36947481927937725,0.5355088724952519,0.5006579663412959,0.5859260722066093,0.37154979438465885,-0.1889043044961856,0.4891314965542483,0.6107564396878027,-0.12459000680439548,0.9381738431236107,1
0.05279758279323938,-0.3599988730018127,-0.34283420437907763,-0.3720351949613681,-1.300044394622908,-0.36947481927937725,-1.136569143165189,1.346939565198416,-1.143498120670705,0.37154979438465885,-0.1889043044961856,-0.34195476764483496,-1.1704767693704392,-0.12459000680439548,0.06316909981819177,1
0.05279758279323938,-0.3599988730018127,-0.34283420437907763,-0.3720351949613681,-0.42477219371265235,-1.2404361647281947,-0.3005301353349685,-0.34562363251582434,-0.2787860242320479,-0.5046531526292226,0.7084336547222841,-0.34195476764483496,-0.27986016484131826,-0.12459000680439548,-0.8118356434872271,1
0.05279758279323938,0.5279976724320483,-0.34283420437907763,-0.3720351949613681,-0.42477219371265235,-0.36947481927937725,-0.3005301353349685,-0.34562363251582434,-0.2787860242320479,-0.5046531526292226,-0.1889043044961856,-0.34195476764483496,-0.27986016484131826,-0.12459000680439548,0.06316909981819177,1
-0.7060063858499618,-0.3599988730018127,-0.34283420437907763,-0.3720351949613681,-0.42477219371265235,-0.36947481927937725,-0.3005301353349685,-1.1919052313729446,-0.2787860242320479,-0.5046531526292226,-0.1889043044961856,-0.34195476764483496,0.6107564396878027,-1.0401239783105054,-0.8118356434872271,1
0.05279758279323938,-1.2479954184356736,-0.34283420437907763,-0.3720351949613681,-1.300044394622908,-0.36947481927937725,0.5355088724952519,0.5006579663412959,-1.143498120670705,0.37154979438465885,0.7084336547222841,-1.1730410318439182,-0.27986016484131826,-1.0401239783105054,-0.8118356434872271,1
0.8116015514364405,-0.3599988730018127,1.4200691187042478,0.517784243929682,0.4505000071976035,0.5014865261694402,1.3715478803254724,1.346939565198416,0.5859260722066093,0.37154979438465885,1.6057716139407539,-1.1730410318439182,-1.1704767693704392,-1.0401239783105054,-0.8118356434872271,1
0.05279758279323938,-0.3599988730018127,-1.2242858659207403,-0.3720351949613681,0.4505000071976035,-0.36947481927937725,0.5355088724952519,0.5006579663412959,-0.2787860242320479,-0.5046531526292226,-1.0862422637146554,0.4891314965542483,-0.27986016484131826,0.7909439647017144,0.06316909981819177,1
0.8116015514364405,1.4159942178659093,1.4200691187042478,1.4076036828207321,1.3257722081078593,1.3724478716182575,0.5355088724952519,1.346939565198416,1.4506381686452665,0.37154979438465885,-0.1889043044961856,1.3202177607533314,0.6107564396878027,0.7909439647017144,0.9381738431236107,2
1.5704055200796414,0.5279976724320483,1.4200691187042478,-0.3720351949613681,0.4505000071976035,1.3724478716182575,1.3715478803254724,1.346939565198416,0.5859260722066093,0.37154979438465885,0.7084336547222841,1.3202177607533314,1.5013730442169235,-1.0401239783105054,-0.8118356434872271,2
0.8116015514364405,0.5279976724320483,0.538617457162585,0.517784243929682,0.4505000071976035,-0.36947481927937725,-0.3005301353349685,-0.34562363251582434,-0.2787860242320479,-0.5046531526292226,0.7084336547222841,0.4891314965542483,-0.27986016484131826,1.7064779362078242,-0.8118356434872271,1
0.8116015514364405,0.5279976724320483,1.4200691187042478,1.4076036828207321,1.3257722081078593,1.3724478716182575,1.3715478803254724,1.346939565198416,1.4506381686452665,1.2477527413985403,1.6057716139407539,1.3202177607533314,1.5013730442169235,-1.0401239783105054,0.9381738431236107,2
-0.7060063858499618,-0.3599988730018127,0.538617457162585,-0.3720351949613681,0.4505000071976035,0.5014865261694402,-0.3005301353349685,-0.34562363251582434,-0.2787860242320479,1.2477527413985403,1.6057716139407539,-0.34195476764483496,0.6107564396878027,0.7909439647017144,0.9381738431236107,1
-0.7060063858499618,-0.3599988730018127,0.538617457162585,0.517784243929682,0.4505000071976035,0.5014865261694402,0.5355088724952519,-0.34562363251582434,-1.143498120670705,-1.380856099643104,-1.0862422637146554,0.4891314965542483,-0.27986016484131826,-0.12459000680439548,-0.8118356434872271,1
1.5704055200796414,1.4159942178659093,1.4200691187042478,1.4076036828207321,1.3257722081078593,1.3724478716182575,0.5355088724952519,1.346939565198416,0.5859260722066093,1.2477527413985403,0.7084336547222841,1.3202177607533314,0.6107564396878027,-0.12459000680439548,0.06316909981819177,2
0.8116015514364405,1.4159942178659093,-0.34283420437907763,0.517784243929682,1.3257722081078593,1.3724478716182575,0.5355088724952519,-1.1919052313729446,-0.2787860242320479,1.2477527413985403,1.6057716139407539,1.3202177607533314,0.6107564396878027,1.7064779362078242,-0.8118356434872271,2
0.05279758279323938,-0.3599988730018127,0.538617457162585,0.517784243929682,1.3257722081078593,1.3724478716182575,-0.3005301353349685,1.346939565198416,1.4506381686452665,1.2477527413985403,1.6057716139407539,1.3202177607533314,-0.27986016484131826,-0.12459000680439548,0.06316909981819177,2
0.05279758279323938,-1.2479954184356736,-0.34283420437907763,-0.3720351949613681,-0.42477219371265235,-0.36947481927937725,-1.136569143165189,-1.1919052313729446,-0.2787860242320479,-0.5046531526292226,-0.1889043044961856,1.3202177607533314,-1.1704767693704392,-1.0401239783105054,-0.8118356434872271,1
0.05279758279323938,0.5279976724320483,-0.34283420437907763,-0.3720351949613681,-0.42477219371265235,-0.36947481927937725,-0.3005301353349685,-0.34562363251582434,-0.2787860242320479,-0.5046531526292226,-0.1889043044961856,-0.34195476764483496,-0.27986016484131826,-0.12459000680439548,0.06316909981819177,1
0.8116015514364405,0.5279976724320483,0.538617457162585,0.517784243929682,0.4505000071976035,0.5014865261694402,0.5355088724952519,-0.34562363251582434,-0.2787860242320479,1.2477527413985403,1.6057716139407539,1.3202177607533314,1.5013730442169235,0.7909439647017144,-0.8118356434872271,2
-1.4648103544931628,-0.3599988730018127,0.538617457162585,-0.3720351949613681,-1.300044394622908,0.5014865261694402,-1.136569143165189,-0.34562363251582434,1.4506381686452665,-0.5046531526292226,-1.0862422637146554,-1.1730410318439182,-0.27986016484131826,-0.12459000680439548,-0.8118356434872271,1
0.05279758279323938,-0.3599988730018127,-0.34283420437907763,-0.3720351949613681,-0.42477219371265235,-0.36947481927937725,-0.3005301353349685,-0.34562363251582434,-0.2787860242320479,-0.5046531526292226,-0.1889043044961856,-0.34195476764483496,-0.27986016484131826,-0.12459000680439548,0.06316909981819177,1
0.8116015514364405,0.5279976724320483,0.538617457162585,1.4076036828207321,0.4505000071976035,0.5014865261694402,1.3715478803254724,1.346939565198416,1.4506381686452665,1.2477527413985403,1.6057716139407539,1.3202177607533314,0.6107564396878027,0.7909439647017144,1.8131785864290297,1
0.05279758279323938,0.5279976724320483,-1.2242858659207403,1.4076036828207321,1.3257722081078593,1.3724478716182575,1.3715478803254724,-0.34562363251582434,1.4506381686452665,1.2477527413985403,1.6057716139407539,1.3202177607533314,-1.1704767693704392,0.7909439647017144,1.8131785864290297,2
-0.7060063858499618,-0.3599988730018127,0.538617457162585,-0.3720351949613681,0.4505000071976035,-0.36947481927937725,0.5355088724952519,-0.34562363251582434,0.5859260722066093,0.37154979438465885,-1.0862422637146554,0.4891314965542483,1.5013730442169235,-1.0401239783105054,0.06316909981819177,1
-1.4648103544931628,-0.3599988730018127,1.4200691187042478,-1.2618546338524181,-0.42477219371265235,-1.2404361647281947,-0.3005301353349685,-0.34562363251582434,0.5859260722066093,0.37154979438465885,-1.0862422637146554,0.4891314965542483,0.6107564396878027,-0.12459000680439548,0.06316909981819177,1
-0.7060063858499618,-0.3599988730018127,-0.34283420437907763,-1.2618546338524181,-0.42477219371265235,0.5014865261694402,0.5355088724952519,-0.34562363251582434,0.5859260722066093,-0.5046531526292226,-1.0862422637146554,-0.34195476764483496,0.6107564396878027,0.7909439647017144,0.9381738431236107,1
0.05279758279323938,0.5279976724320483,0.538617457162585,0.517784243929682,1.3257722081078593,0.5014865261694402,-0.3005301353349685,-0.34562363251582434,0.5859260722066093,1.2477527413985403,-0.1889043044961856,1.3202177607533314,-0.27986016484131826,-0.12459000680439548,-0.8118356434872271,1
-0.7060063858499618,-0.3599988730018127,-1.2242858659207403,0.517784243929682,1.3257722081078593,1.3724478716182575,1.3715478803254724,1.346939565198416,-0.2787860242320479,-0.5046531526292226,1.6057716139407539,-0.34195476764483496,-1.1704767693704392,1.7064779362078242,0.06316909981819177,2
1.5704055200796414,0.5279976724320483,-0.34283420437907763,-0.3720351949613681,-0.42477219371265235,-0.36947481927937725,0.5355088724952519,-0.34562363251582434,0.5859260722066093,-0.5046531526292226,-0.1889043044961856,0.4891314965542483,-0.27986016484131826,-0.12459000680439548,0.06316909981819177,1
0.05279758279323938,-0.3599988730018127,0.538617457162585,-0.3720351949613681,-0.42477219371265235,-0.36947481927937725,-0.3005301353349685,-0.34562363251582434,1.4506381686452665,1.2477527413985403,1.6057716139407539,-1.1730410318439182,-1.1704767693704392,-1.0401239783105054,0.9381738431236107,1
0.05279758279323938,-1.2479954184356736,-0.34283420437907763,-0.3720351949613681,-0.42477219371265235,-0.36947481927937725,-0.3005301353349685,-0.34562363251582434,-0.2787860242320479,-0.5046531526292226,-0.1889043044961856,-0.34195476764483496,-0.27986016484131826,-0.12459000680439548,0.06316909981819177,1
0.05279758279323938,-0.3599988730018127,-0.34283420437907763,-0.3720351949613681,-0.42477219371265235,-0.36947481927937725,-0.3005301353349685,-0.34562363251582434,-0.2787860242320479,-0.5046531526292226,-0.1889043044961856,-0.34195476764483496,-0.27986016484131826,-0.12459000680439548,0.06316909981819177,1
-0.7060063858499618,0.5279976724320483,-0.34283420437907763,-0.3720351949613681,-0.42477219371265235,-1.2404361647281947,-1.136569143165189,-0.34562363251582434,-1.143498120670705,0.37154979438465885,-1.0862422637146554,1.3202177607533314,1.5013730442169235,-0.12459000680439548,0.06316909981819177,1
-1.4648103544931628,-1.2479954184356736,-0.34283420437907763,-0.3720351949613681,-0.42477219371265235,-0.36947481927937725,-1.136569143165189,-0.34562363251582434,-1.143498120670705,1.2477527413985403,-1.0862422637146554,-1.1730410318439182,-1.1704767693704392,-1.0401239783105054,-0.8118356434872271,1
0.05279758279323938,-0.3599988730018127,-0.34283420437907763,-0.3720351949613681,-1.300044394622908,-0.36947481927937725,-1.136569143165189,-0.34562363251582434,-0.2787860242320479,-0.5046531526292226,-0.1889043044961856,-1.1730410318439182,-1.1704767693704392,-1.0401239783105054,-0.8118356434872271,1
-1.4648103544931628,-0.3599988730018127,-0.34283420437907763,-0.3720351949613681,-1.300044394622908,-1.2404361647281947,-1.136569143165189,-1.1919052313729446,-1.143498120670705,0.37154979438465885,-0.1889043044961856,-0.34195476764483496,-0.27986016484131826,-1.0401239783105054,-0.8118356434872271,1
1.5704055200796414,1.4159942178659093,1.4200691187042478,1.4076036828207321,1.3257722081078593,1.3724478716182575,1.3715478803254724,1.346939565198416,-1.143498120670705,1.2477527413985403,-1.0862422637146554,0.4891314965542483,0.6107564396878027,1.7064779362078242,1.8131785864290297,2
1.5704055200796414,-0.3599988730018127,1.4200691187042478,1.4076036828207321,-0.42477219371265235,-0.36947481927937725,0.5355088724952519,0.5006579663412959,-0.2787860242320479,-0.5046531526292226,-0.1889043044961856,-0.34195476764483496,-0.27986016484131826,0.7909439647017144,0.9381738431236107,1
0.05279758279323938,0.5279976724320483,0.538617457162585,0.517784243929682,-0.42477219371265235,-0.36947481927937725,0.5355088724952519,0.5006579663412959,0.5859260722066093,0.37154979438465885,0.7084336547222841,0.4891314965542483,-0.27986016484131826,1.7064779362078242,1.8131785864290297,1
1.5704055200796414,0.5279976724320483,0.538617457162585,0.517784243929682,0.4505000071976035,0.5014865261694402,1.3715478803254724,0.5006579663412959,1.4506381686452665,0.37154979438465885,-1.0862422637146554,0.4891314965542483,0.6107564396878027,0.7909439647017144,-0.8118356434872271,2
1.5704055200796414,1.4159942178659093,-1.2242858659207403,0.517784243929682,0.4505000071976035,1.3724478716182575,1.3715478803254724,1.346939565198416,1.4506381686452665,1.2477527413985403,1.6057716139407539,1.3202177607533314,1.5013730442169235,1.7064779362078242,1.8131785864290297,2
0.8116015514364405,0.5279976724320483,0.538617457162585,0.517784243929682,1.3257722081078593,0.5014865261694402,1.3715478803254724,0.5006579663412959,1.4506381686452665,0.37154979438465885,1.6057716139407539,1.3202177607533314,1.5013730442169235,1.7064779362078242,0.06316909981819177,2
1.5704055200796414,1.4159942178659093,1.4200691187042478,1.4076036828207321,1.3257722081078593,1.3724478716182575,1.3715478803254724,1.346939565198416,1.4506381686452665,1.2477527413985403,1.6057716139407539,1.3202177607533314,1.5013730442169235,1.7064779362078242,0.06316909981819177,2
1.5704055200796414,1.4159942178659093,1.4200691187042478,0.517784243929682,1.3257722081078593,1.3724478716182575,1.3715478803254724,1.346939565198416,-0.2787860242320479,0.37154979438465885,-0.1889043044961856,1.3202177607533314,-0.27986016484131826,1.7064779362078242,0.06316909981819177,2
-0.7060063858499618,-0.3599988730018127,-1.2242858659207403,-0.3720351949613681,-0.42477219371265235,-1.2404361647281947,-0.3005301353349685,0.5006579663412959,1.4506381686452665,-1.380856099643104,-0.1889043044961856,-1.1730410318439182,0.6107564396878027,-1.0401239783105054,-0.8118356434872271,1
0.8116015514364405,-0.3599988730018127,-0.34283420437907763,-0.3720351949613681,-0.42477219371265235,-1.2404361647281947,-0.3005301353349685,0.5006579663412959,-1.143498120670705,-0.5046531526292226,-1.0862422637146554,-0.34195476764483496,-1.1704767693704392,-1.0401239783105054,-0.8118356434872271,1
0.8116015514364405,0.5279976724320483,-0.34283420437907763,0.517784243929682,0.4505000071976035,-0.36947481927937725,-0.3005301353349685,0.5006579663412959,0.5859260722066093,0.37154979438465885,0.7084336547222841,-0.34195476764483496,0.6107564396878027,-0.12459000680439548,0.9381738431236107,1
0.8116015514364405,0.5279976724320483,1.4200691187042478,1.4076036828207321,1.3257722081078593,1.3724478716182575,0.5355088724952519,0.5006579663412959,-0.2787860242320479,1.2477527413985403,1.6057716139407539,1.3202177607533314,1.5013730442169235,-1.0401239783105054,-0.8118356434872271,2
0.8116015514364405,-0.3599988730018127,-1.2242858659207403,-0.3720351949613681,-0.42477219371265235,-0.36947481927937725,0.5355088724952519,-0.34562363251582434,1.4506381686452665,1.2477527413985403,-0.1889043044961856,1.3202177607533314,0.6107564396878027,0.7909439647017144,0.06316909981819177,1
0.8116015514364405,1.4159942178659093,1.4200691187042478,0.517784243929682,1.3257722081078593,0.5014865261694402,-0.3005301353349685,0.5006579663412959,1.4506381686452665,0.37154979438465885,0.7084336547222841,1.3202177607533314,1.5013730442169235,-0.12459000680439548,-0.8118356434872271,2
1.5704055200796414,0.5279976724320483,0.538617457162585,0.517784243929682,0.4505000071976035,0.5014865261694402,0.5355088724952519,1.346939565198416,0.5859260722066093,0.37154979438465885,1.6057716139407539,1.3202177607533314,0.6107564396878027,-0.12459000680439548,0.9381738431236107,2
1.5704055200796414,0.5279976724320483,1.4200691187042478,-0.3720351949613681,1.3257722081078593,-1.2404361647281947,1.3715478803254724,0.5006579663412959,0.5859260722066093,-0.5046531526292226,-1.0862422637146554,1.3202177607533314,-0.27986016484131826,-1.0401239783105054,-0.8118356434872271,2
0.05279758279323938,0.5279976724320483,1.4200691187042478,0.517784243929682,0.4505000071976035,0.5014865261694402,0.5355088724952519,1.346939565198416,1.4506381686452665,1.2477527413985403,1.6057716139407539,1.3202177607533314,1.5013730442169235,1.7064779362078242,0.06316909981819177,2
0.05279758279323938,-0.3599988730018127,-0.34283420437907763,-0.3720351949613681,-0.42477219371265235,-1.2404361647281947,-1.136569143165189,-0.34562363251582434,-0.2787860242320479,0.37154979438465885,-1.0862422637146554,-0.34195476764483496,-0.27986016484131826,0.7909439647017144,-0.8118356434872271,1
0.8116015514364405,1.4159942178659093,0.538617457162585,0.517784243929682,1.3257722081078593,0.5014865261694402,1.3715478803254724,0.5006579663412959,-0.2787860242320479,0.37154979438465885,-0.1889043044961856,0.4891314965542483,-0.27986016484131826,-0.12459000680439548,0.06316909981819177,1
0.05279758279323938,0.5279976724320483,-0.34283420437907763,-0.3720351949613681,-0.42477219371265235,-0.36947481927937725,-0.3005301353349685,-0.34562363251582434,-0.2787860242320479,-0.5046531526292226,-0.1889043044961856,-0.34195476764483496,-0.27986016484131826,-0.12459000680439548,0.06316909981819177,1
0.05279758279323938,-0.3599988730018127,-0.34283420437907763,-0.3720351949613681,-0.42477219371265235,-0.36947481927937725,-0.3005301353349685,-0.34562363251582434,-0.2787860242320479,-0.5046531526292226,-0.1889043044961856,-0.34195476764483496,-0.27986016484131826,-0.12459000680439548,-0.8118356434872271,1
0.8116015514364405,-0.3599988730018127,-0.34283420437907763,0.517784243929682,0.4505000071976035,0.5014865261694402,0.5355088724952519,-0.34562363251582434,-0.2787860242320479,-0.5046531526292226,1.6057716139407539,0.4891314965542483,0.6107564396878027,-0.12459000680439548,0.9381738431236107,1
-1.4648103544931628,0.5279976724320483,-0.34283420437907763,0.517784243929682,1.3257722081078593,1.3724478716182575,-0.3005301353349685,1.346939565198416,-1.143498120670705,1.2477527413985403,-0.1889043044961856,-0.34195476764483496,-0.27986016484131826,-1.0401239783105054,-0.8118356434872271,1
0.05279758279323938,-0.3599988730018127,1.4200691187042478,1.4076036828207321,0.4505000071976035,0.5014865261694402,0.5355088724952519,-1.1919052313729446,-1.143498120670705,-1.380856099643104,-0.1889043044961856,-0.34195476764483496,-0.27986016484131826,-1.0401239783105054,-0.8118356434872271,1
0.05279758279323938,0.5279976724320483,0.538617457162585,0.517784243929682,0.4505000071976035,0.5014865261694402,0.5355088724952519,1.346939565198416,1.4506381686452665,1.2477527413985403,1.6057716139407539,1.3202177607533314,0.6107564396878027,0.7909439647017144,0.9381738431236107,1
0.05279758279323938,-0.3599988730018127,-0.34283420437907763,0.517784243929682,-0.42477219371265235,-0.36947481927937725,-0.3005301353349685,-0.34562363251582434,-0.2787860242320479,-0.5046531526292226,-0.1889043044961856,-0.34195476764483496,-0.27986016484131826,-1.0401239783105054,0.06316909981819177,1
-1.4648103544931628,-0.3599988730018127,-0.34283420437907763,-0.3720351949613681,-0.42477219371265235,-0.36947481927937725,-0.3005301353349685,-1.1919052313729446,-1.143498120670705,-0.5046531526292226,-0.1889043044961856,-0.34195476764483496,-0.27986016484131826,-0.12459000680439548,-0.8118356434872271,1
0.05279758279323938,0.5279976724320483,1.4200691187042478,0.517784243929682,-0.42477219371265235,0.5014865261694402,-0.3005301353349685,-0.34562363251582434,-0.2787860242320479,0.37154979438465885,0.7084336547222841,-0.34195476764483496,-0.27986016484131826,-0.12459000680439548,-0.8118356434872271,1
0.8116015514364405,1.4159942178659093,1.4200691187042478,1.4076036828207321,0.4505000071976035,1.3724478716182575,1.3715478803254724,1.346939565198416,1.4506381686452665,1.2477527413985403,1.6057716139407539,1.3202177607533314,-1.1704767693704392,-1.0401239783105054,-0.8118356434872271,2
0.8116015514364405,1.4159942178659093,-1.2242858659207403,0.517784243929682,0.4505000071976035,0.5014865261694402,-0.3005301353349685,1.346939565198416,-1.143498120670705,1.2477527413985403,-0.1889043044961856,-0.34195476764483496,-0.27986016484131826,-0.12459000680439548,0.06316909981819177,1
0.05279758279323938,-0.3599988730018127,0.538617457162585,-0.3720351949613681,-0.42477219371265235,-0.36947481927937725,-0.3005301353349685,-0.34562363251582434,-0.2787860242320479,-0.5046531526292226,-0.1889043044961856,-0.34195476764483496,-0.27986016484131826,-0.12459000680439548,-0.8118356434872271,1
0.05279758279323938,0.5279976724320483,-0.34283420437907763,-0.3720351949613681,1.3257722081078593,0.5014865261694402,1.3715478803254724,-0.34562363251582434,-0.2787860242320479,1.2477527413985403,1.6057716139407539,1.3202177607533314,1.5013730442169235,1.7064779362078242,0.9381738431236107,1
0.05279758279323938,0.5279976724320483,0.538617457162585,-0.3720351949613681,0.4505000071976035,-0.36947481927937725,0.5355088724952519,-0.34562363251582434,-0.2787860242320479,-0.5046531526292226,-0.1889043044961856,-0.34195476764483496,-1.1704767693704392,-1.0401239783105054,0.06316909981819177,1
-1.4648103544931628,-1.2479954184356736,-1.2242858659207403,-1.2618546338524181,-1.300044394622908,-1.2404361647281947,-1.136569143165189,-1.1919052313729446,-1.143498120670705,-1.380856099643104,-1.0862422637146554,-1.1730410318439182,-1.1704767693704392,-1.0401239783105054,-0.8118356434872271,0
-0.7060063858499618,-0.3599988730018127,-0.34283420437907763,-1.2618546338524181,-1.300044394622908,-0.36947481927937725,-0.3005301353349685,-0.34562363251582434,-1.143498120670705,-0.5046531526292226,-0.1889043044961856,-1.1730410318439182,-0.27986016484131826,-1.0401239783105054,-0.8118356434872271,0
-0.7060063858499618,-1.2479954184356736,-0.34283420437907763,-0.3720351949613681,0.4505000071976035,-0.36947481927937725,-0.3005301353349685,-0.34562363251582434,0.5859260722066093,0.37154979438465885,-1.0862422637146554,0.4891314965542483,0.6107564396878027,-0.12459000680439548,-0.8118356434872271,1
0.05279758279323938,0.5279976724320483,0.538617457162585,-0.3720351949613681,0.4505000071976035,0.5014865261694402,-0.3005301353349685,0.5006579663412959,-0.2787860242320479,0.37154979438465885,-0.1889043044961856,-0.34195476764483496,-0.27986016484131826,-1.0401239783105054,-0.8118356434872271,1
0.8116015514364405,1.4159942178659093,1.4200691187042478,1.4076036828207321,1.3257722081078593,1.3724478716182575,1.3715478803254724,1.346939565198416,1.4506381686452665,1.2477527413985403,1.6057716139407539,1.3202177607533314,1.5013730442169235,1.7064779362078242,-0.8118356434872271,2
1.5704055200796414,1.4159942178659093,1.4200691187042478,1.4076036828207321,1.3257722081078593,1.3724478716182575,1.3715478803254724,1.346939565198416,1.4506381686452665,1.2477527413985403,1.6057716139407539,1.3202177607533314,1.5013730442169235,1.7064779362078242,1.8131785864290297,2
0.05279758279323938,-0.3599988730018127,-0.34283420437907763,-1.2618546338524181,0.4505000071976035,-0.36947481927937725,-0.3005301353349685,-0.34562363251582434,-0.2787860242320479,0.37154979438465885,-0.1889043044961856,0.4891314965542483,-0.27986016484131826,-0.12459000680439548,-0.8118356434872271,1
0.05279758279323938,-0.3599988730018127,-0.34283420437907763,-1.2618546338524181,-0.42477219371265235,0.5014865261694402,-0.3005301353349685,-0.34562363251582434,-0.2787860242320479,-0.5046531526292226,-0.1889043044961856,-1.1730410318439182,-1.1704767693704392,-1.0401239783105054,-0.8118356434872271,1
-1.4648103544931628,-0.3599988730018127,-0.34283420437907763,-0.3720351949613681,-0.42477219371265235,-0.36947481927937725,-0.3005301353349685,-0.34562363251582434,-0.2787860242320479,-0.5046531526292226,-0.1889043044961856,-0.34195476764483496,-0.27986016484131826,-0.12459000680439548,0.06316909981819177,1
0.05279758279323938,0.5279976724320483,0.538617457162585,-0.3720351949613681,0.4505000071976035,-0.36947481927937725,-0.3005301353349685,0.5006579663412959,-0.2787860242320479,-0.5046531526292226,-0.1889043044961856,0.4891314965542483,0.6107564396878027,0.7909439647017144,0.9381738431236107,2
-0.7060063858499618,-0.3599988730018127,-0.34283420437907763,-0.3720351949613681,0.4505000071976035,0.5014865261694402,-0.3005301353349685,-0.34562363251582434,-0.2787860242320479,0.37154979438465885,-1.0862422637146554,-0.34195476764483496,-0.27986016484131826,-0.12459000680439548,0.06316909981819177,1
0.05279758279323938,-0.3599988730018127,-0.34283420437907763,-0.3720351949613681,-0.42477219371265235,-0.36947481927937725,-0.3005301353349685,-1.1919052313729446,-1.143498120670705,1.2477527413985403,-0.1889043044961856,-0.34195476764483496,-0.27986016484131826,-0.12459000680439548,-0.8118356434872271,1
1.5704055200796414,0.5279976724320483,0.538617457162585,-0.3720351949613681,0.4505000071976035,-0.36947481927937725,1.3715478803254724,1.346939565198416,-0.2787860242320479,0.37154979438465885,0.7084336547222841,0.4891314965542483,-0.27986016484131826,-0.12459000680439548,1.8131785864290297,1
1.5704055200796414,1.4159942178659093,1.4200691187042478,0.517784243929682,0.4505000071976035,-0.36947481927937725,1.3715478803254724,1.346939565198416,1.4506381686452665,1.2477527413985403,-0.1889043044961856,1.3202177607533314,1.5013730442169235,1.7064779362078242,1.8131785864290297,2
1.5704055200796414,1.4159942178659093,1.4200691187042478,1.4076036828207321,1.3257722081078593,1.3724478716182575,1.3715478803254724,1.346939565198416,1.4506381686452665,1.2477527413985403,-0.1889043044961856,1.3202177607533314,1.5013730442169235,1.7064779362078242,1.8131785864290297,2
0.8116015514364405,-0.3599988730018127,0.538617457162585,0.517784243929682,0.4505000071976035,-0.36947481927937725,-0.3005301353349685,0.5006579663412959,0.5859260722066093,-0.5046531526292226,-1.0862422637146554,0.4891314965542483,-0.27986016484131826,-0.12459000680439548,-0.8118356434872271,1
1.5704055200796414,1.4159942178659093,1.4200691187042478,1.4076036828207321,1.3257722081078593,1.3724478716182575,1.3715478803254724,1.346939565198416,1.4506381686452665,1.2477527413985403,0.7084336547222841,1.3202177607533314,-0.27986016484131826,-0.12459000680439548,1.8131785864290297,2
0.05279758279323938,1.4159942178659093,1.4200691187042478,1.4076036828207321,0.4505000071976035,-0.36947481927937725,1.3715478803254724,1.346939565198416,-0.2787860242320479,1.2477527413985403,-0.1889043044961856,1.3202177607533314,-0.27986016484131826,0.7909439647017144,0.06316909981819177,2
0.05279758279323938,0.5279976724320483,-1.2242858659207403,-0.3720351949613681,-0.42477219371265235,-1.2404361647281947,-1.136569143165189,-0.34562363251582434,-1.143498120670705,0.37154979438465885,-1.0862422637146554,-1.1730410318439182,-0.27986016484131826,-1.0401239783105054,-0.8118356434872271,1
0.05279758279323938,-0.3599988730018127,0.538617457162585,1.4076036828207321,1.3257722081078593,0.5014865261694402,-0.3005301353349685,1.346939565198416,-1.143498120670705,0.37154979438465885,1.6057716139407539,1.3202177607533314,0.6107564396878027,-0.12459000680439548,1.8131785864290297,2
1.5704055200796414,1.4159942178659093,-1.2242858659207403,1.4076036828207321,1.3257722081078593,1.3724478716182575,-0.3005301353349685,1.346939565198416,1.4506381686452665,1.2477527413985403,0.7084336547222841,0.4891314965542483,1.5013730442169235,-1.0401239783105054,-0.8118356434872271,2
-0.7060063858499618,-0.3599988730018127,0.538617457162585,0.517784243929682,-0.42477219371265235,1.3724478716182575,-0.3005301353349685,-1.1919052313729446,-1.143498120670705,0.37154979438465885,-0.1889043044961856,-0.34195476764483496,-1.1704767693704392,-1.0401239783105054,-0.8118356434872271,1
0.05279758279323938,-0.3599988730018127,0.538617457162585,-0.3720351949613681,0.4505000071976035,0.5014865261694402,-0.3005301353349685,-0.34562363251582434,0.5859260722066093,0.37154979438465885,-0.1889043044961856,-0.34195476764483496,-1.1704767693704392,-1.0401239783105054,-0.8118356434872271,1
0.05279758279323938,0.5279976724320483,0.538617457162585,-1.2618546338524181,1.3257722081078593,-0.36947481927937725,0.5355088724952519,0.5006579663412959,-0.2787860242320479,0.37154979438465885,0.7084336547222841,0.4891314965542483,-0.27986016484131826,0.7909439647017144,0.06316909981819177,1
0.05279758279323938,0.5279976724320483,-0.34283420437907763,-0.3720351949613681,-0.42477219371265235,-0.36947481927937725,-0.3005301353349685,-0.34562363251582434,-0.2787860242320479,-0.5046531526292226,0.7084336547222841,0.4891314965542483,-0.27986016484131826,-0.12459000680439548,0.9381738431236107,1
-0.7060063858499618,-0.3599988730018127,1.4200691187042478,0.517784243929682,1.3257722081078593,0.5014865261694402,1.3715478803254724,0.5006579663412959,1.4506381686452665,1.2477527413985403,1.6057716139407539,-0.34195476764483496,1.5013730442169235,-0.12459000680439548,-0.8118356434872271,2
0.05279758279323938,1.4159942178659093,1.4200691187042478,1.4076036828207321,0.4505000071976035,-0.36947481927937725,1.3715478803254724,1.346939565198416,1.4506381686452665,1.2477527413985403,-0.1889043044961856,0.4891314965542483,1.5013730442169235,1.7064779362078242,-0.8118356434872271,2
0.05279758279323938,0.5279976724320483,-0.34283420437907763,-0.3720351949613681,0.4505000071976035,0.5014865261694402,-0.3005301353349685,1.346939565198416,-1.143498120670705,-0.5046531526292226,0.7084336547222841,1.3202177607533314,0.6107564396878027,-0.12459000680439548,-0.8118356434872271,1
1.5704055200796414,1.4159942178659093,1.4200691187042478,1.4076036828207321,1.3257722081078593,1.3724478716182575,1.3715478803254724,0.5006579663412959,1.4506381686452665,1.2477527413985403,1.6057716139407539,1.3202177607533314,1.5013730442169235,1.7064779362078242,-0.8118356434872271,2
0.8116015514364405,-0.3599988730018127,0.538617457162585,0.517784243929682,0.4505000071976035,-0.36947481927937725,-1.136569143165189,-1.1919052313729446,-1.143498120670705,-0.5046531526292226,-1.0862422637146554,-0.34195476764483496,-0.27986016484131826,-1.0401239783105054,-0.8118356434872271,0
0.8116015514364405,0.5279976724320483,1.4200691187042478,1.4076036828207321,1.3257722081078593,1.3724478716182575,0.5355088724952519,1.346939565198416,0.5859260722066093,0.37154979438465885,0.7084336547222841,0.4891314965542483,1.5013730442169235,-0.12459000680439548,-0.8118356434872271,2
-0.7060063858499618,-0.3599988730018127,-1.2242858659207403,-1.2618546338524181,-1.300044394622908,-1.2404361647281947,-1.136569143165189,-1.1919052313729446,-0.2787860242320479,-0.5046531526292226,-0.1889043044961856,-0.34195476764483496,-0.27986016484131826,-0.12459000680439548,0.06316909981819177,0
1.5704055200796414,1.4159942178659093,0.538617457162585,1.4076036828207321,-0.42477219371265235,0.5014865261694402,0.5355088724952519,0.5006579663412959,-1.143498120670705,1.2477527413985403,-1.0862422637146554,1.3202177607533314,-0.27986016484131826,1.7064779362078242,0.9381738431236107,2
-1.4648103544931628,-0.3599988730018127,-0.34283420437907763,-1.2618546338524181,-0.42477219371265235,-0.36947481927937725,-1.136569143165189,-0.34562363251582434,-0.2787860242320479,1.2477527413985403,-1.0862422637146554,-0.34195476764483496,-0.27986016484131826,-0.12459000680439548,0.06316909981819177,1
1.5704055200796414,0.5279976724320483,0.538617457162585,0.517784243929682,0.4505000071976035,1.3724478716182575,1.3715478803254724,1.346939565198416,0.5859260722066093,1.2477527413985403,-0.1889043044961856,1.3202177607533314,1.5013730442169235,0.7909439647017144,1.8131785864290297,2
0.05279758279323938,-1.2479954184356736,-1.2242858659207403,-1.2618546338524181,-1.300044394622908,-1.2404361647281947,-1.136569143165189,-1.1919052313729446,-1.143498120670705,-1.380856099643104,-1.0862422637146554,-1.1730410318439182,-1.1704767693704392,-1.0401239783105054,-0.8118356434872271,0
1.5704055200796414,1.4159942178659093,1.4200691187042478,1.4076036828207321,1.3257722081078593,1.3724478716182575,1.3715478803254724,1.346939565198416,-1.143498120670705,1.2477527413985403,-1.0862422637146554,0.4891314965542483,0.6107564396878027,0.7909439647017144,-0.8118356434872271,1
0.05279758279323938,0.5279976724320483,0.538617457162585,0.517784243929682,0.4505000071976035,0.5014865261694402,0.5355088724952519,0.5006579663412959,0.5859260722066093,0.37154979438465885,0.7084336547222841,0.4891314965542483,0.6107564396878027,0.7909439647017144,0.9381738431236107,1
1.5704055200796414,0.5279976724320483,0.538617457162585,0.517784243929682,0.4505000071976035,0.5014865261694402,0.5355088724952519,0.5006579663412959,0.5859260722066093,0.37154979438465885,0.7084336547222841,0.4891314965542483,0.6107564396878027,0.7909439647017144,0.9381738431236107,1
0.05279758279323938,0.5279976724320483,-1.2242858659207403,-0.3720351949613681,0.4505000071976035,0.5014865261694402,0.5355088724952519,0.5006579663412959,-0.2787860242320479,0.37154979438465885,-0.1889043044961856,0.4891314965542483,-0.27986016484131826,-0.12459000680439548,0.9381738431236107,1
0.05279758279323938,-0.3599988730018127,-0.34283420437907763,0.517784243929682,-1.300044394622908,-1.2404361647281947,-1.136569143165189,-0.34562363251582434,0.5859260722066093,-0.5046531526292226,-0.1889043044961856,-0.34195476764483496,0.6107564396878027,-1.0401239783105054,-0.8118356434872271,1
0.8116015514364405,0.5279976724320483,1.4200691187042478,0.517784243929682,1.3257722081078593,1.3724478716182575,0.5355088724952519,-0.34562363251582434,-1.143498120670705,1.2477527413985403,-0.1889043044961856,-0.34195476764483496,-0.27986016484131826,-0.12459000680439548,0.9381738431236107,1
0.8116015514364405,-0.3599988730018127,-0.34283420437907763,0.517784243929682,0.4505000071976035,0.5014865261694402,0.5355088724952519,0.5006579663412959,1.4506381686452665,0.37154979438465885,-0.1889043044961856,0.4891314965542483,0.6107564396878027,0.7909439647017144,0.06316909981819177,1
-0.7060063858499618,-0.3599988730018127,-0.34283420437907763,-0.3720351949613681,-0.42477219371265235,-0.36947481927937725,-0.3005301353349685,0.5006579663412959,-0.2787860242320479,1.2477527413985403,-0.1889043044961856,-1.1730410318439182,-0.27986016484131826,-0.12459000680439548,0.9381738431236107,1
0.05279758279323938,0.5279976724320483,0.538617457162585,0.517784243929682,0.4505000071976035,0.5014865261694402,0.5355088724952519,0.5006579663412959,0.5859260722066093,0.37154979438465885,0.7084336547222841,0.4891314965542483,0.6107564396878027,0.7909439647017144,0.9381738431236107,1
0.05279758279323938,0.5279976724320483,0.538617457162585,1.4076036828207321,0.4505000071976035,0.5014865261694402,1.3715478803254724,1.346939565198416,-0.2787860242320479,1.2477527413985403,1.6057716139407539,1.3202177607533314,0.6107564396878027,1.7064779362078242,1.8131785864290297,2
-0.7060063858499618,-0.3599988730018127,-0.34283420437907763,-1.2618546338524181,-1.300044394622908,-1.2404361647281947,-0.3005301353349685,-0.34562363251582434,-0.2787860242320479,-0.5046531526292226,-1.0862422637146554,-1.1730410318439182,-1.1704767693704392,-1.0401239783105054,0.06316909981819177,1
-0.7060063858499618,-0.3599988730018127,1.4200691187042478,1.4076036828207321,1.3257722081078593,1.3724478716182575,1.3715478803254724,-0.34562363251582434,-0.2787860242320479,0.37154979438465885,0.7084336547222841,0.4891314965542483,0.6107564396878027,0.7909439647017144,-0.8118356434872271,1
-0.7060063858499618,-0.3599988730018127,-0.34283420437907763,-1.2618546338524181,-0.42477219371265235,-0.36947481927937725,-1.136569143165189,-0.34562363251582434,-0.2787860242320479,-0.5046531526292226,-0.1889043044961856,0.4891314965542483,-0.27986016484131826,0.7909439647017144,0.9381738431236107,1
1.5704055200796414,1.4159942178659093,1.4200691187042478,1.4076036828207321,1.3257722081078593,1.3724478716182575,1.3715478803254724,1.346939565198416,1.4506381686452665,1.2477527413985403,1.6057716139407539,1.3202177607533314,1.5013730442169235,1.7064779362078242,0.06316909981819177,2
0.05279758279323938,-0.3599988730018127,-0.34283420437907763,-0.3720351949613681,-0.42477219371265235,-0.36947481927937725,-0.3005301353349685,-0.34562363251582434,-0.2787860242320479,-0.5046531526292226,-0.1889043044961856,-0.34195476764483496,-0.27986016484131826,-0.12459000680439548,0.06316909981819177,1
0.05279758279323938,0.5279976724320483,0.538617457162585,0.517784243929682,0.4505000071976035,0.5014865261694402,0.5355088724952519,0.5006579663412959,-0.2787860242320479,0.37154979438465885,0.7084336547222841,0.4891314965542483,0.6107564396878027,0.7909439647017144,0.06316909981819177,1
0.05279758279323938,1.4159942178659093,0.538617457162585,1.4076036828207321,1.3257722081078593,1.3724478716182575,1.3715478803254724,1.346939565198416,-0.2787860242320479,1.2477527413985403,1.6057716139407539,1.3202177607533314,1.5013730442169235,-0.12459000680439548,-0.8118356434872271,2
1.5704055200796414,0.5279976724320483,0.538617457162585,0.517784243929682,0.4505000071976035,0.5014865261694402,0.5355088724952519,0.5006579663412959,0.5859260722066093,0.37154979438465885,0.7084336547222841,0.4891314965542483,0.6107564396878027,0.7909439647017144,0.9381738431236107,2
0.8116015514364405,0.5279976724320483,0.538617457162585,0.517784243929682,-0.42477219371265235,-0.36947481927937725,-0.3005301353349685,0.5006579663412959,0.5859260722066093,0.37154979438465885,0.7084336547222841,0.4891314965542483,0.6107564396878027,-0.12459000680439548,0.9381738431236107,1
1.5704055200796414,1.4159942178659093,1.4200691187042478,1.4076036828207321,1.3257722081078593,1.3724478716182575,1.3715478803254724,1.346939565198416,1.4506381686452665,1.2477527413985403,1.6057716139407539,1.3202177607533314,1.5013730442169235,1.7064779362078242,1.8131785864290297,2
1.5704055200796414,1.4159942178659093,-1.2242858659207403,1.4076036828207321,1.3257722081078593,1.3724478716182575,1.3715478803254724,1.346939565198416,1.4506381686452665,1.2477527413985403,1.6057716139407539,1.3202177607533314,1.5013730442169235,1.7064779362078242,1.8131785864290297,2
1.5704055200796414,0.5279976724320483,-0.34283420437907763,0.517784243929682,0.4505000071976035,-0.36947481927937725,-0.3005301353349685,0.5006579663412959,0.5859260722066093,1.2477527413985403,0.7084336547222841,0.4891314965542483,0.6107564396878027,0.7909439647017144,0.06316909981819177,2
0.8116015514364405,0.5279976724320483,1.4200691187042478,1.4076036828207321,0.4505000071976035,0.5014865261694402,0.5355088724952519,0.5006579663412959,0.5859260722066093,-0.5046531526292226,-0.1889043044961856,-0.34195476764483496,-0.27986016484131826,-0.12459000680439548,0.06316909981819177,1
0.05279758279323938,0.5279976724320483,0.538617457162585,0.517784243929682,0.4505000071976035,0.5014865261694402,0.5355088724952519,0.5006579663412959,0.5859260722066093,0.37154979438465885,0.7084336547222841,0.4891314965542483,0.6107564396878027,0.7909439647017144,0.9381738431236107,1
0.05279758279323938,-0.3599988730018127,0.538617457162585,-0.3720351949613681,0.4505000071976035,-0.36947481927937725,-0.3005301353349685,-0.34562363251582434,-0.2787860242320479,-0.5046531526292226,-0.1889043044961856,-0.34195476764483496,-0.27986016484131826,-0.12459000680439548,0.06316909981819177,1
0.8116015514364405,0.5279976724320483,1.4200691187042478,0.517784243929682,1.3257722081078593,0.5014865261694402,1.3715478803254724,1.346939565198416,0.5859260722066093,1.2477527413985403,1.6057716139407539,1.3202177607533314,1.5013730442169235,1.7064779362078242,1.8131785864290297,2
1.5704055200796414,0.5279976724320483,0.538617457162585,-0.3720351949613681,1.3257722081078593,0.5014865261694402,1.3715478803254724,0.5006579663412959,1.4506381686452665,0.37154979438465885,0.7084336547222841,1.3202177607533314,1.5013730442169235,1.7064779362078242,0.06316909981819177,2
0.05279758279323938,0.5279976724320483,0.538617457162585,0.517784243929682,0.4505000071976035,-0.36947481927937725,0.5355088724952519,0.5006579663412959,-0.2787860242320479,0.37154979438465885,0.7084336547222841,-0.34195476764483496,-0.27986016484131826,0.7909439647017144,0.9381738431236107,1
0.05279758279323938,0.5279976724320483,1.4200691187042478,0.517784243929682,-0.42477219371265235,1.3724478716182575,1.3715478803254724,1.346939565198416,-1.143498120670705,1.2477527413985403,1.6057716139407539,-1.1730410318439182,-1.1704767693704392,-0.12459000680439548,0.06316909981819177,1
0.8116015514364405,-0.3599988730018127,0.538617457162585,0.517784243929682,0.4505000071976035,0.5014865261694402,0.5355088724952519,0.5006579663412959,0.5859260722066093,0.37154979438465885,0.7084336547222841,0.4891314965542483,-1.1704767693704392,0.7909439647017144,0.06316909981819177,1
0.8116015514364405,0.5279976724320483,0.538617457162585,1.4076036828207321,-0.42477219371265235,0.5014865261694402,1.3715478803254724,1.346939565198416,1.4506381686452665,0.37154979438465885,1.6057716139407539,0.4891314965542483,0.6107564396878027,-0.12459000680439548,0.06316909981819177,2
0.8116015514364405,0.5279976724320483,0.538617457162585,0.517784243929682,0.4505000071976035,-0.36947481927937725,-0.3005301353349685,0.5006579663412959,-0.2787860242320479,0.37154979438465885,-0.1889043044961856,-0.34195476764483496,0.6107564396878027,0.7909439647017144,0.06316909981819177,1
-1.4648103544931628,-0.3599988730018127,-0.34283420437907763,-0.3720351949613681,-0.42477219371265235,-0.36947481927937725,-0.3005301353349685,-1.1919052313729446,-0.2787860242320479,-0.5046531526292226,-1.0862422637146554,-1.1730410318439182,-1.1704767693704392,-1.0401239783105054,-0.8118356434872271,0
0.05279758279323938,0.5279976724320483,0.538617457162585,-0.3720351949613681,0.4505000071976035,-0.36947481927937725,-1.136569143165189,0.5006579663412959,0.5859260722066093,0.37154979438465885,0.7084336547222841,-1.1730410318439182,-0.27986016484131826,-0.12459000680439548,-0.8118356434872271,1
0.8116015514364405,1.4159942178659093,0.538617457162585,1.4076036828207321,1.3257722081078593,0.5014865261694402,0.5355088724952519,1.346939565198416,1.4506381686452665,1.2477527413985403,0.7084336547222841,1.3202177607533314,1.5013730442169235,0.7909439647017144,1.8131785864290297,2
0.8116015514364405,1.4159942178659093,1.4200691187042478,1.4076036828207321,1.3257722081078593,1.3724478716182575,1.3715478803254724,0.5006579663412959,1.4506381686452665,1.2477527413985403,0.7084336547222841,0.4891314965542483,1.5013730442169235,-0.12459000680439548,-0.8118356434872271,2
0.8116015514364405,1.4159942178659093,-1.2242858659207403,1.4076036828207321,1.3257722081078593,1.3724478716182575,0.5355088724952519,1.346939565198416,-0.2787860242320479,-0.5046531526292226,-0.1889043044961856,1.3202177607533314,-0.27986016484131826,1.7064779362078242,1.8131785864290297,2
-0.7060063858499618,-0.3599988730018127,-0.34283420437907763,-1.2618546338524181,-0.42477219371265235,-0.36947481927937725,-0.3005301353349685,-0.34562363251582434,-0.2787860242320479,0.37154979438465885,-1.0862422637146554,1.3202177607533314,-1.1704767693704392,-1.0401239783105054,0.9381738431236107,1
0.05279758279323938,-0.3599988730018127,-0.34283420437907763,-0.3720351949613681,-0.42477219371265235,-0.36947481927937725,-0.3005301353349685,-0.34562363251582434,-0.2787860242320479,-0.5046531526292226,-0.1889043044961856,-0.34195476764483496,-1.1704767693704392,-0.12459000680439548,-0.8118356434872271,1
0.05279758279323938,0.5279976724320483,0.538617457162585,0.517784243929682,0.4505000071976035,0.5014865261694402,0.5355088724952519,0.5006579663412959,0.5859260722066093,0.37154979438465885,0.7084336547222841,0.4891314965542483,0.6107564396878027,0.7909439647017144,0.9381738431236107,1
0.8116015514364405,1.4159942178659093,1.4200691187042478,0.517784243929682,0.4505000071976035,0.5014865261694402,1.3715478803254724,1.346939565198416,1.4506381686452665,1.2477527413985403,1.6057716139407539,0.4891314965542483,1.5013730442169235,1.7064779362078242,1.8131785864290297,2
-0.7060063858499618,-1.2479954184356736,-1.2242858659207403,-1.2618546338524181,-1.300044394622908,-1.2404361647281947,-1.136569143165189,-1.1919052313729446,-1.143498120670705,-1.380856099643104,-1.0862422637146554,-1.1730410318439182,-1.1704767693704392,-1.0401239783105054,-0.8118356434872271,0
1.5704055200796414,1.4159942178659093,0.538617457162585,-0.3720351949613681,0.4505000071976035,1.3724478716182575,1.3715478803254724,0.5006579663412959,1.4506381686452665,1.2477527413985403,1.6057716139407539,0.4891314965542483,0.6107564396878027,0.7909439647017144,0.06316909981819177,2
1.5704055200796414,1.4159942178659093,1.4200691187042478,1.4076036828207321,1.3257722081078593,0.5014865261694402,1.3715478803254724,1.346939565198416,1.4506381686452665,1.2477527413985403,1.6057716139407539,1.3202177607533314,-0.27986016484131826,1.7064779362078242,1.8131785864290297,2
0.8116015514364405,0.5279976724320483,-0.34283420437907763,1.4076036828207321,1.3257722081078593,1.3724478716182575,1.3715478803254724,1.346939565198416,1.4506381686452665,0.37154979438465885,1.6057716139407539,0.4891314965542483,1.5013730442169235,1.7064779362078242,0.9381738431236107,2
0.8116015514364405,0.5279976724320483,0.538617457162585,-0.3720351949613681,0.4505000071976035,-0.36947481927937725,-0.3005301353349685,-0.34562363251582434,0.5859260722066093,1.2477527413985403,1.6057716139407539,0.4891314965542483,0.6107564396878027,-0.12459000680439548,-0.8118356434872271,2
0.8116015514364405,-0.3599988730018127,1.4200691187042478,-0.3720351949613681,1.3257722081078593,1.3724478716182575,1.3715478803254724,1.346939565198416,-0.2787860242320479,1.2477527413985403,1.6057716139407539,1.3202177607533314,0.6107564396878027,0.7909439647017144,0.06316909981819177,2
0.05279758279323938,1.4159942178659093,-0.34283420437907763,1.4076036828207321,1.3257722081078593,0.5014865261694402,0.5355088724952519,0.5006579663412959,-1.143498120670705,0.37154979438465885,1.6057716139407539,1.3202177607533314,-1.1704767693704392,-0.12459000680439548,0.06316909981819177,1
1.5704055200796414,1.4159942178659093,1.4200691187042478,1.4076036828207321,1.3257722081078593,1.3724478716182575,1.3715478803254724,1.346939565198416,1.4506381686452665,1.2477527413985403,1.6057716139407539,1.3202177607533314,1.5013730442169235,1.7064779362078242,1.8131785864290297,2
0.05279758279323938,-0.3599988730018127,-0.34283420437907763,-0.3720351949613681,0.4505000071976035,0.5014865261694402,-0.3005301353349685,-0.34562363251582434,0.5859260722066093,-0.5046531526292226,-0.1889043044961856,0.4891314965542483,0.6107564396878027,-0.12459000680439548,0.9381738431236107,1
1.5704055200796414,1.4159942178659093,0.538617457162585,1.4076036828207321,1.3257722081078593,0.5014865261694402,-0.3005301353349685,1.346939565198416,-1.143498120670705,-0.5046531526292226,0.7084336547222841,1.3202177607533314,1.5013730442169235,0.7909439647017144,0.9381738431236107,2
1.5704055200796414,1.4159942178659093,-1.2242858659207403,1.4076036828207321,1.3257722081078593,1.3724478716182575,1.3715478803254724,1.346939565198416,-1.143498120670705,1.2477527413985403,-1.0862422637146554,1.3202177607533314,-1.1704767693704392,1.7064779362078242,-0.8118356434872271,1
1.5704055200796414,1.4159942178659093,1.4200691187042478,1.4076036828207321,1.3257722081078593,1.3724478716182575,1.3715478803254724,-0.34562363251582434,1.4506381686452665,1.2477527413985403,-1.0862422637146554,1.3202177607533314,0.6107564396878027,0.7909439647017144,1.8131785864290297,2
1.5704055200796414,1.4159942178659093,1.4200691187042478,0.517784243929682,1.3257722081078593,0.5014865261694402,1.3715478803254724,1.346939565198416,-0.2787860242320479,0.37154979438465885,-0.1889043044961856,1.3202177607533314,1.5013730442169235,1.7064779362078242,1.8131785864290297,2
0.8116015514364405,1.4159942178659093,1.4200691187042478,1.4076036828207321,1.3257722081078593,1.3724478716182575,1.3715478803254724,1.346939565198416,0.5859260722066093,1.2477527413985403,1.6057716139407539,1.3202177607533314,1.5013730442169235,1.7064779362078242,1.8131785864290297,2
1.5704055200796414,1.4159942178659093,0.538617457162585,1.4076036828207321,1.3257722081078593,1.3724478716182575,1.3715478803254724,1.346939565198416,-1.143498120670705,1.2477527413985403,-0.1889043044961856,1.3202177607533314,1.5013730442169235,-0.12459000680439548,0.9381738431236107,2
0.05279758279323938,0.5279976724320483,-0.34283420437907763,-0.3720351949613681,0.4505000071976035,-0.36947481927937725,-0.3005301353349685,-0.34562363251582434,-0.2787860242320479,-0.5046531526292226,-1.0862422637146554,-0.34195476764483496,-0.27986016484131826,-1.0401239783105054,-0.8118356434872271,1
1.5704055200796414,1.4159942178659093,-0.34283420437907763,0.517784243929682,0.4505000071976035,-0.36947481927937725,0.5355088724952519,0.5006579663412959,0.5859260722066093,0.37154979438465885,-0.1889043044961856,0.4891314965542483,0.6107564396878027,-0.12459000680439548,-0.8118356434872271,1
0.05279758279323938,0.5279976724320483,1.4200691187042478,1.4076036828207321,-0.42477219371265235,0.5014865261694402,0.5355088724952519,1.346939565198416,1.4506381686452665,1.2477527413985403,0.7084336547222841,0.4891314965542483,1.5013730442169235,1.7064779362078242,1.8131785864290297,2
0.8116015514364405,-0.3599988730018127,-0.34283420437907763,-0.3720351949613681,-0.42477219371265235,0.5014865261694402,-0.3005301353349685,-0.34562363251582434,-0.2787860242320479,-0.5046531526292226,-1.0862422637146554,-0.34195476764483496,-0.27986016484131826,-0.12459000680439548,-0.8118356434872271,1
-0.7060063858499618,-0.3599988730018127,-0.34283420437907763,-0.3720351949613681,-0.42477219371265235,-0.36947481927937725,-0.3005301353349685,-0.34562363251582434,-0.2787860242320479,-0.5046531526292226,-0.1889043044961856,-0.34195476764483496,-0.27986016484131826,-0.12459000680439548,0.06316909981819177,1
1.5704055200796414,0.5279976724320483,-0.34283420437907763,-0.3720351949613681,-1.300044394622908,-0.36947481927937725,-0.3005301353349685,-0.34562363251582434,-0.2787860242320479,-0.5046531526292226,-0.1889043044961856,-0.34195476764483496,-0.27986016484131826,0.7909439647017144,1.8131785864290297,1
0.05279758279323938,1.4159942178659093,-1.2242858659207403,-0.3720351949613681,-0.42477219371265235,1.3724478716182575,1.3715478803254724,-1.1919052313729446,-1.143498120670705,1.2477527413985403,-1.0862422637146554,-1.1730410318439182,-1.1704767693704392,-1.0401239783105054,-0.8118356434872271,1
0.05279758279323938,0.5279976724320483,1.4200691187042478,0.517784243929682,1.3257722081078593,1.3724478716182575,1.3715478803254724,0.5006579663412959,0.5859260722066093,0.37154979438465885,0.7084336547222841,0.4891314965542483,0.6107564396878027,0.7909439647017144,1.8131785864290297,2
0.05279758279323938,0.5279976724320483,-0.34283420437907763,0.517784243929682,1.3257722081078593,0.5014865261694402,1.3715478803254724,1.346939565198416,1.4506381686452665,1.2477527413985403,1.6057716139407539,0.4891314965542483,1.5013730442169235,-0.12459000680439548,0.9381738431236107,2
0.05279758279323938,1.4159942178659093,0.538617457162585,0.517784243929682,0.4505000071976035,0.5014865261694402,1.3715478803254724,1.346939565198416,1.4506381686452665,-0.5046531526292226,0.7084336547222841,0.4891314965542483,-1.1704767693704392,0.7909439647017144,0.06316909981819177,2
0.05279758279323938,-1.2479954184356736,-1.2242858659207403,-1.2618546338524181,-1.300044394622908,-1.2404361647281947,-1.136569143165189,-0.34562363251582434,-0.2787860242320479,-0.5046531526292226,-0.1889043044961856,-0.34195476764483496,-0.27986016484131826,-0.12459000680439548,0.06316909981819177,1
0.05279758279323938,-0.3599988730018127,-0.34283420437907763,-1.2618546338524181,-1.300044394622908,-0.36947481927937725,-0.3005301353349685,-1.1919052313729446,-1.143498120670705,-1.380856099643104,-1.0862422637146554,-0.34195476764483496,-1.1704767693704392,-1.0401239783105054,-0.8118356434872271,0
0.8116015514364405,0.5279976724320483,-0.34283420437907763,-0.3720351949613681,-0.42477219371265235,-0.36947481927937725,-1.136569143165189,-0.34562363251582434,-0.2787860242320479,0.37154979438465885,-0.1889043044961856,-1.1730410318439182,-1.1704767693704392,-1.0401239783105054,-0.8118356434872271,1
1.5704055200796414,1.4159942178659093,-0.34283420437907763,-0.3720351949613681,1.3257722081078593,1.3724478716182575,1.3715478803254724,-0.34562363251582434,-0.2787860242320479,1.2477527413985403,1.6057716139407539,-0.34195476764483496,-0.27986016484131826,-0.12459000680439548,-0.8118356434872271,1
1.5704055200796414,1.4159942178659093,1.4200691187042478,1.4076036828207321,1.3257722081078593,1.3724478716182575,1.3715478803254724,1.346939565198416,1.4506381686452665,1.2477527413985403,1.6057716139407539,0.4891314965542483,0.6107564396878027,-1.0401239783105054,1.8131785864290297,2
-1.4648103544931628,-1.2479954184356736,-1.2242858659207403,-1.2618546338524181,-1.300044394622908,-1.2404361647281947,-1.136569143165189,-1.1919052313729446,-0.2787860242320479,-1.380856099643104,-1.0862422637146554,-1.1730410318439182,-1.1704767693704392,-1.0401239783105054,-0.8118356434872271,0
-0.7060063858499618,-0.3599988730018127,-0.34283420437907763,0.517784243929682,0.4505000071976035,-0.36947481927937725,-0.3005301353349685,0.5006579663412959,0.5859260722066093,0.37154979438465885,-0.1889043044961856,0.4891314965542483,-0.27986016484131826,-0.12459000680439548,0.06316909981819177,1
-0.7060063858499618,1.4159942178659093,0.538617457162585,0.517784243929682,0.4505000071976035,0.5014865261694402,0.5355088724952519,1.346939565198416,0.5859260722066093,1.2477527413985403,0.7084336547222841,1.3202177607533314,1.5013730442169235,0.7909439647017144,0.9381738431236107,2
0.05279758279323938,0.5279976724320483,0.538617457162585,0.517784243929682,1.3257722081078593,0.5014865261694402,-0.3005301353349685,0.5006579663412959,0.5859260722066093,0.37154979438465885,-0.1889043044961856,-0.34195476764483496,0.6107564396878027,0.7909439647017144,-0.8118356434872271,1
0.05279758279323938,-1.2479954184356736,-0.34283420437907763,-0.3720351949613681,-0.42477219371265235,-0.36947481927937725,-0.3005301353349685,-0.34562363251582434,-0.2787860242320479,-0.5046531526292226,-0.1889043044961856,-0.34195476764483496,-0.27986016484131826,-0.12459000680439548,0.06316909981819177,1
-0.7060063858499618,1.4159942178659093,-0.34283420437907763,1.4076036828207321,1.3257722081078593,1.3724478716182575,1.3715478803254724,1.346939565198416,1.4506381686452665,1.2477527413985403,0.7084336547222841,0.4891314965542483,0.6107564396878027,1.7064779362078242,1.8131785864290297,2
0.8116015514364405,-0.3599988730018127,0.538617457162585,0.517784243929682,0.4505000071976035,-0.36947481927937725,-0.3005301353349685,0.5006579663412959,0.5859260722066093,-0.5046531526292226,-1.0862422637146554,-0.34195476764483496,0.6107564396878027,-0.12459000680439548,0.06316909981819177,1
1.5704055200796414,0.5279976724320483,0.538617457162585,1.4076036828207321,1.3257722081078593,0.5014865261694402,-0.3005301353349685,-0.34562363251582434,0.5859260722066093,1.2477527413985403,0.7084336547222841,1.3202177607533314,0.6107564396878027,-1.0401239783105054,0.06316909981819177,2
0.8116015514364405,1.4159942178659093,0.538617457162585,1.4076036828207321,1.3257722081078593,0.5014865261694402,1.3715478803254724,1.346939565198416,0.5859260722066093,1.2477527413985403,0.7084336547222841,1.3202177607533314,0.6107564396878027,-0.12459000680439548,1.8131785864290297,2
0.8116015514364405,-0.3599988730018127,-0.34283420437907763,-0.3720351949613681,-0.42477219371265235,-0.36947481927937725,-0.3005301353349685,-0.34562363251582434,0.5859260722066093,0.37154979438465885,0.7084336547222841,-1.1730410318439182,-0.27986016484131826,-1.0401239783105054,-0.8118356434872271,1
-1.4648103544931628,-0.3599988730018127,-0.34283420437907763,-0.3720351949613681,1.3257722081078593,-0.36947481927937725,-0.3005301353349685,1.346939565198416,-1.143498120670705,1.2477527413985403,-1.0862422637146554,-1.1730410318439182,-1.1704767693704392,-1.0401239783105054,-0.8118356434872271,1
0.05279758279323938,-0.3599988730018127,-0.34283420437907763,-0.3720351949613681,-0.42477219371265235,-0.36947481927937725,-0.3005301353349685,-0.34562363251582434,-0.2787860242320479,-0.5046531526292226,-0.1889043044961856,-0.34195476764483496,-0.27986016484131826,-0.12459000680439548,-0.8118356434872271,1
0.05279758279323938,1.4159942178659093,1.4200691187042478,1.4076036828207321,1.3257722081078593,1.3724478716182575,1.3715478803254724,-1.1919052313729446,0.5859260722066093,1.2477527413985403,-1.0862422637146554,1.3202177607533314,1.5013730442169235,-1.0401239783105054,-0.8118356434872271,1
-0.7060063858499618,-1.2479954184356736,-0.34283420437907763,-0.3720351949613681,-1.300044394622908,-1.2404361647281947,-1.136569143165189,-1.1919052313729446,-1.143498120670705,-0.5046531526292226,0.7084336547222841,-1.1730410318439182,-1.1704767693704392,-1.0401239783105054,-0.8118356434872271,0
0.05279758279323938,-0.3599988730018127,1.4200691187042478,1.4076036828207321,1.3257722081078593,-0.36947481927937725,1.3715478803254724,-0.34562363251582434,-0.2787860242320479,0.37154979438465885,1.6057716139407539,1.3202177607533314,0.6107564396878027,1.7064779362078242,1.8131785864290297,2
1.5704055200796414,1.4159942178659093,1.4200691187042478,1.4076036828207321,1.3257722081078593,1.3724478716182575,1.3715478803254724,1.346939565198416,1.4506381686452665,1.2477527413985403,1.6057716139407539,1.3202177607533314,1.5013730442169235,-0.12459000680439548,-0.8118356434872271,2
0.05279758279323938,0.5279976724320483,0.538617457162585,-0.3720351949613681,0.4505000071976035,0.5014865261694402,-1.136569143165189,-0.34562363251582434,0.5859260722066093,0.37154979438465885,-0.1889043044961856,0.4891314965542483,0.6107564396878027,-0.12459000680439548,0.06316909981819177,1
-0.7060063858499618,-0.3599988730018127,-0.34283420437907763,-0.3720351949613681,-0.42477219371265235,1.3724478716182575,-1.136569143165189,-1.1919052313729446,-1.143498120670705,-0.5046531526292226,-1.0862422637146554,-1.1730410318439182,-0.27986016484131826,-0.12459000680439548,-0.8118356434872271,1
0.05279758279323938,-0.3599988730018127,-0.34283420437907763,-0.3720351949613681,-0.42477219371265235,-0.36947481927937725,-0.3005301353349685,-0.34562363251582434,-0.2787860242320479,-0.5046531526292226,-0.1889043044961856,-0.34195476764483496,-0.27986016484131826,-0.12459000680439548,0.06316909981819177,1
1.5704055200796414,1.4159942178659093,1.4200691187042478,1.4076036828207321,1.3257722081078593,1.3724478716182575,1.3715478803254724,1.346939565198416,1.4506381686452665,1.2477527413985403,1.6057716139407539,1.3202177607533314,1.5013730442169235,1.7064779362078242,1.8131785864290297,2
-0.7060063858499618,-0.3599988730018127,-1.2242858659207403,-1.2618546338524181,1.3257722081078593,1.3724478716182575,1.3715478803254724,-0.34562363251582434,-0.2787860242320479,0.37154979438465885,-1.0862422637146554,-1.1730410318439182,-1.1704767693704392,-1.0401239783105054,0.06316909981819177,1
0.05279758279323938,1.4159942178659093,1.4200691187042478,0.517784243929682,0.4505000071976035,0.5014865261694402,1.3715478803254724,-1.1919052313729446,0.5859260722066093,0.37154979438465885,-0.1889043044961856,-0.34195476764483496,-0.27986016484131826,-0.12459000680439548,0.06316909981819177,1
-0.7060063858499618,-1.2479954184356736,0.538617457162585,-0.3720351949613681,-0.42477219371265235,-0.36947481927937725,-1.136569143165189,-1.1919052313729446,-1.143498120670705,-1.380856099643104,-1.0862422637146554,-0.34195476764483496,-1.1704767693704392,-1.0401239783105054,-0.8118356434872271,0
0.8116015514364405,1.4159942178659093,-0.34283420437907763,0.517784243929682,-0.42477219371265235,0.5014865261694402,-0.3005301353349685,-0.34562363251582434,1.4506381686452665,1.2477527413985403,0.7084336547222841,1.3202177607533314,1.5013730442169235,0.7909439647017144,1.8131785864290297,2
-0.7060063858499618,-0.3599988730018127,-1.2242858659207403,0.517784243929682,-0.42477219371265235,-1.2404361647281947,-1.136569143165189,-1.1919052313729446,-1.143498120670705,-1.380856099643104,-1.0862422637146554,-1.1730410318439182,-1.1704767693704392,-1.0401239783105054,-0.8118356434872271,1
-1.4648103544931628,-1.2479954184356736,1.4200691187042478,-1.2618546338524181,-0.42477219371265235,1.3724478716182575,-0.3005301353349685,1.346939565198416,1.4506381686452665,1.2477527413985403,1.6057716139407539,1.3202177607533314,0.6107564396878027,-1.0401239783105054,-0.8118356434872271,1
1.5704055200796414,0.5279976724320483,1.4200691187042478,1.4076036828207321,1.3257722081078593,1.3724478716182575,1.3715478803254724,1.346939565198416,1.4506381686452665,1.2477527413985403,0.7084336547222841,1.3202177607533314,1.5013730442169235,-1.0401239783105054,1.8131785864290297,2
0.05279758279323938,0.5279976724320483,0.538617457162585,0.517784243929682,-0.42477219371265235,-0.36947481927937725,0.5355088724952519,0.5006579663412959,-0.2787860242320479,-0.5046531526292226,-0.1889043044961856,0.4891314965542483,-0.27986016484131826,0.7909439647017144,0.9381738431236107,1
0.05279758279323938,-1.2479954184356736,-1.2242858659207403,-1.2618546338524181,-1.300044394622908,-1.2404361647281947,-1.136569143165189,-1.1919052313729446,-0.2787860242320479,-0.5046531526292226,-0.1889043044961856,-1.1730410318439182,1.5013730442169235,-0.12459000680439548,0.06316909981819177,1
-0.7060063858499618,0.5279976724320483,0.538617457162585,-0.3720351949613681,-0.42477219371265235,0.5014865261694402,-0.3005301353349685,0.5006579663412959,-0.2787860242320479,0.37154979438465885,-0.1889043044961856,-1.1730410318439182,-0.27986016484131826,-0.12459000680439548,-0.8118356434872271,1
0.8116015514364405,-0.3599988730018127,1.4200691187042478,-0.3720351949613681,-0.42477219371265235,-0.36947481927937725,-0.3005301353349685,1.346939565198416,-0.2787860242320479,-0.5046531526292226,-0.1889043044961856,-1.1730410318439182,-0.27986016484131826,-1.0401239783105054,-0.8118356434872271,1
0.05279758279323938,0.5279976724320483,1.4200691187042478,-0.3720351949613681,-0.42477219371265235,-0.36947481927937725,-0.3005301353349685,-0.34562363251582434,-1.143498120670705,-0.5046531526292226,-1.0862422637146554,-0.34195476764483496,-0.27986016484131826,-1.0401239783105054,0.06316909981819177,1
-0.7060063858499618,0.5279976724320483,0.538617457162585,-0.3720351949613681,0.4505000071976035,1.3724478716182575,1.3715478803254724,-0.34562363251582434,1.4506381686452665,1.2477527413985403,-1.0862422637146554,0.4891314965542483,-1.1704767693704392,-1.0401239783105054,-0.8118356434872271,1
0.8116015514364405,1.4159942178659093,0.538617457162585,1.4076036828207321,1.3257722081078593,1.3724478716182575,1.3715478803254724,-0.34562363251582434,-0.2787860242320479,0.37154979438465885,0.7084336547222841,1.3202177607533314,1.5013730442169235,-0.12459000680439548,1.8131785864290297,2
1.5704055200796414,0.5279976724320483,0.538617457162585,0.517784243929682,-0.42477219371265235,1.3724478716182575,-0.3005301353349685,0.5006579663412959,1.4506381686452665,1.2477527413985403,0.7084336547222841,-0.34195476764483496,-1.1704767693704392,-1.0401239783105054,-0.8118356434872271,1
-0.7060063858499618,-0.3599988730018127,-0.34283420437907763,-0.3720351949613681,-0.42477219371265235,-0.36947481927937725,-0.3005301353349685,-0.34562363251582434,1.4506381686452665,0.37154979438465885,-0.1889043044961856,-0.34195476764483496,0.6107564396878027,-1.0401239783105054,0.06316909981819177,1
0.8116015514364405,-0.3599988730018127,-1.2242858659207403,0.517784243929682,0.4505000071976035,0.5014865261694402,-0.3005301353349685,-0.34562363251582434,1.4506381686452665,1.2477527413985403,1.6057716139407539,-0.34195476764483496,1.5013730442169235,0.7909439647017144,-0.8118356434872271,1
0.05279758279323938,-0.3599988730018127,-0.34283420437907763,-0.3720351949613681,-0.42477219371265235,-0.36947481927937725,-1.136569143165189,-1.1919052313729446,-0.2787860242320479,-0.5046531526292226,-0.1889043044961856,-1.1730410318439182,-0.27986016484131826,-0.12459000680439548,-0.8118356434872271,1
0.8116015514364405,0.5279976724320483,-0.34283420437907763,-0.3720351949613681,0.4505000071976035,0.5014865261694402,-0.3005301353349685,-0.34562363251582434,-0.2787860242320479,1.2477527413985403,0.7084336547222841,-0.34195476764483496,-0.27986016484131826,-0.12459000680439548,-0.8118356434872271,1
1.5704055200796414,1.4159942178659093,0.538617457162585,-1.2618546338524181,-0.42477219371265235,0.5014865261694402,0.5355088724952519,0.5006579663412959,0.5859260722066093,-0.5046531526292226,-0.1889043044961856,0.4891314965542483,-0.27986016484131826,-0.12459000680439548,1.8131785864290297,1
1.5704055200796414,0.5279976724320483,1.4200691187042478,1.4076036828207321,1.3257722081078593,1.3724478716182575,1.3715478803254724,1.346939565198416,1.4506381686452665,1.2477527413985403,1.6057716139407539,1.3202177607533314,1.5013730442169235,-0.12459000680439548,1.8131785864290297,2
0.8116015514364405,1.4159942178659093,1.4200691187042478,1.4076036828207321,1.3257722081078593,1.3724478716182575,1.3715478803254724,1.346939565198416,1.4506381686452665,1.2477527413985403,1.6057716139407539,1.3202177607533314,1.5013730442169235,-0.12459000680439548,0.06316909981819177,2
-0.7060063858499618,-0.3599988730018127,0.538617457162585,-0.3720351949613681,-0.42477219371265235,0.5014865261694402,-0.3005301353349685,-0.34562363251582434,-0.2787860242320479,-0.5046531526292226,-0.1889043044961856,-0.34195476764483496,-0.27986016484131826,-0.12459000680439548,0.06316909981819177,1
0.05279758279323938,-0.3599988730018127,0.538617457162585,-0.3720351949613681,-0.42477219371265235,0.5014865261694402,1.3715478803254724,-0.34562363251582434,1.4506381686452665,0.37154979438465885,0.7084336547222841,-1.1730410318439182,-0.27986016484131826,0.7909439647017144,0.06316909981819177,1
1.5704055200796414,1.4159942178659093,1.4200691187042478,1.4076036828207321,1.3257722081078593,1.3724478716182575,1.3715478803254724,1.346939565198416,1.4506381686452665,1.2477527413985403,1.6057716139407539,1.3202177607533314,1.5013730442169235,1.7064779362078242,1.8131785864290297,2
1.5704055200796414,1.4159942178659093,-1.2242858659207403,1.4076036828207321,1.3257722081078593,1.3724478716182575,1.3715478803254724,1.346939565198416,1.4506381686452665,1.2477527413985403,1.6057716139407539,1.3202177607533314,1.5013730442169235,1.7064779362078242,-0.8118356434872271,2
1.5704055200796414,1.4159942178659093,1.4200691187042478,1.4076036828207321,1.3257722081078593,1.3724478716182575,0.5355088724952519,0.5006579663412959,0.5859260722066093,0.37154979438465885,0.7084336547222841,1.3202177607533314,0.6107564396878027,1.7064779362078242,0.9381738431236107,2
0.8116015514364405,0.5279976724320483,-0.34283420437907763,0.517784243929682,0.4505000071976035,-0.36947481927937725,-0.3005301353349685,-0.34562363251582434,-0.2787860242320479,0.37154979438465885,1.6057716139407539,0.4891314965542483,0.6107564396878027,-0.12459000680439548,-0.8118356434872271,1
0.05279758279323938,0.5279976724320483,0.538617457162585,0.517784243929682,0.4505000071976035,0.5014865261694402,0.5355088724952519,1.346939565198416,0.5859260722066093,1.2477527413985403,0.7084336547222841,1.3202177607533314,0.6107564396878027,1.7064779362078242,0.9381738431236107,1
-0.7060063858499618,-1.2479954184356736,0.538617457162585,-0.3720351949613681,-0.42477219371265235,-0.36947481927937725,-1.136569143165189,-0.34562363251582434,-0.2787860242320479,1.2477527413985403,0.7084336547222841,-0.34195476764483496,-0.27986016484131826,-1.0401239783105054,-0.8118356434872271,1
0.05279758279323938,0.5279976724320483,0.538617457162585,0.517784243929682,-0.42477219371265235,-0.36947481927937725,0.5355088724952519,-0.34562363251582434,-0.2787860242320479,-0.5046531526292226,0.7084336547222841,0.4891314965542483,-0.27986016484131826,0.7909439647017144,-0.8118356434872271,1
-0.7060063858499618,-1.2479954184356736,-1.2242858659207403,-1.2618546338524181,-1.300044394622908,-1.2404361647281947,-1.136569143165189,-1.1919052313729446,-1.143498120670705,-0.5046531526292226,-1.0862422637146554,-1.1730410318439182,-1.1704767693704392,-1.0401239783105054,-0.8118356434872271,0
1.5704055200796414,1.4159942178659093,1.4200691187042478,1.4076036828207321,1.3257722081078593,1.3724478716182575,1.3715478803254724,0.5006579663412959,1.4506381686452665,1.2477527413985403,1.6057716139407539,1.3202177607533314,-0.27986016484131826,1.7064779362078242,1.8131785864290297,2
0.05279758279323938,0.5279976724320483,1.4200691187042478,1.4076036828207321,1.3257722081078593,1.3724478716182575,1.3715478803254724,0.5006579663412959,1.4506381686452665,1.2477527413985403,-0.1889043044961856,1.3202177607533314,1.5013730442169235,-0.12459000680439548,0.06316909981819177,2
1.5704055200796414,0.5279976724320483,1.4200691187042478,0.517784243929682,0.4505000071976035,1.3724478716182575,0.5355088724952519,1.346939565198416,0.5859260722066093,1.2477527413985403,-0.1889043044961856,0.4891314965542483,1.5013730442169235,0.7909439647017144,-0.8118356434872271,2
-0.7060063858499618,-1.2479954184356736,-0.34283420437907763,-0.3720351949613681,-1.300044394622908,-1.2404361647281947,-1.136569143165189,-1.1919052313729446,-1.143498120670705,-0.5046531526292226,-1.0862422637146554,-0.34195476764483496,-0.27986016484131826,-1.0401239783105054,0.06316909981819177,1
0.05279758279323938,-0.3599988730018127,0.538617457162585,-0.3720351949613681,-0.42477219371265235,-1.2404361647281947,-1.136569143165189,-1.1919052313729446,-1.143498120670705,-0.5046531526292226,-1.0862422637146554,-1.1730410318439182,-1.1704767693704392,-1.0401239783105054,-0.8118356434872271,1
0.05279758279323938,-0.3599988730018127,-0.34283420437907763,-0.3720351949613681,-0.42477219371265235,0.5014865261694402,0.5355088724952519,0.5006579663412959,-1.143498120670705,0.37154979438465885,-1.0862422637146554,-1.1730410318439182,-0.27986016484131826,-1.0401239783105054,-0.8118356434872271,1
0.8116015514364405,0.5279976724320483,0.538617457162585,1.4076036828207321,0.4505000071976035,-0.36947481927937725,-0.3005301353349685,-0.34562363251582434,-0.2787860242320479,-0.5046531526292226,0.7084336547222841,-0.34195476764483496,-0.27986016484131826,-0.12459000680439548,-0.8118356434872271,1
-1.4648103544931628,-1.2479954184356736,-1.2242858659207403,-0.3720351949613681,-0.42477219371265235,-1.2404361647281947,-1.136569143165189,-1.1919052313729446,-1.143498120670705,-0.5046531526292226,-1.0862422637146554,-1.1730410318439182,-1.1704767693704392,-1.0401239783105054,-0.8118356434872271,0
0.05279758279323938,0.5279976724320483,-0.34283420437907763,-0.3720351949613681,0.4505000071976035,0.5014865261694402,0.5355088724952519,-0.34562363251582434,0.5859260722066093,-0.5046531526292226,-0.1889043044961856,0.4891314965542483,-0.27986016484131826,-0.12459000680439548,0.06316909981819177,1
0.05279758279323938,1.4159942178659093,1.4200691187042478,0.517784243929682,1.3257722081078593,1.3724478716182575,-0.3005301353349685,1.346939565198416,0.5859260722066093,-0.5046531526292226,1.6057716139407539,0.4891314965542483,-0.27986016484131826,0.7909439647017144,1.8131785864290297,2
1.5704055200796414,1.4159942178659093,1.4200691187042478,1.4076036828207321,1.3257722081078593,1.3724478716182575,1.3715478803254724,1.346939565198416,1.4506381686452665,1.2477527413985403,1.6057716139407539,1.3202177607533314,1.5013730442169235,1.7064779362078242,1.8131785864290297,2
0.8116015514364405,0.5279976724320483,1.4200691187042478,1.4076036828207321,1.3257722081078593,1.3724478716182575,0.5355088724952519,1.346939565198416,0.5859260722066093,1.2477527413985403,0.7084336547222841,1.3202177607533314,1.5013730442169235,1.7064779362078242,1.8131785864290297,2
0.05279758279323938,0.5279976724320483,0.538617457162585,-0.3720351949613681,1.3257722081078593,-0.36947481927937725,-0.3005301353349685,1.346939565198416,-0.2787860242320479,0.37154979438465885,0.7084336547222841,-0.34195476764483496,-0.27986016484131826,-0.12459000680439548,0.06316909981819177,1
1.5704055200796414,1.4159942178659093,0.538617457162585,1.4076036828207321,1.3257722081078593,1.3724478716182575,0.5355088724952519,1.346939565198416,1.4506381686452665,0.37154979438465885,-1.0862422637146554,1.3202177607533314,0.6107564396878027,-1.0401239783105054,1.8131785864290297,2
0.8116015514364405,-0.3599988730018127,-0.34283420437907763,-0.3720351949613681,-0.42477219371265235,-0.36947481927937725,0.5355088724952519,0.5006579663412959,0.5859260722066093,-0.5046531526292226,0.7084336547222841,0.4891314965542483,0.6107564396878027,0.7909439647017144,-0.8118356434872271,1
-0.7060063858499618,1.4159942178659093,-0.34283420437907763,0.517784243929682,-0.42477219371265235,0.5014865261694402,-0.3005301353349685,0.5006579663412959,-0.2787860242320479,-0.5046531526292226,-0.1889043044961856,-0.34195476764483496,-0.27986016484131826,-1.0401239783105054,-0.8118356434872271,1
0.05279758279323938,-0.3599988730018127,0.538617457162585,-0.3720351949613681,0.4505000071976035,-1.2404361647281947,1.3715478803254724,1.346939565198416,1.4506381686452665,1.2477527413985403,0.7084336547222841,1.3202177607533314,0.6107564396878027,-0.12459000680439548,0.06316909981819177,1
-0.7060063858499618,0.5279976724320483,1.4200691187042478,1.4076036828207321,1.3257722081078593,0.5014865261694402,0.5355088724952519,-0.34562363251582434,1.4506381686452665,1.2477527413985403,1.6057716139407539,1.3202177607533314,1.5013730442169235,-1.0401239783105054,0.06316909981819177,2
-1.4648103544931628,1.4159942178659093,1.4200691187042478,1.4076036828207321,1.3257722081078593,1.3724478716182575,1.3715478803254724,1.346939565198416,1.4506381686452665,1.2477527413985403,1.6057716139407539,1.3202177607533314,1.5013730442169235,1.7064779362078242,-0.8118356434872271,2
0.05279758279323938,-0.3599988730018127,0.538617457162585,-0.3720351949613681,-0.42477219371265235,0.5014865261694402,-1.136569143165189,-0.34562363251582434,1.4506381686452665,1.2477527413985403,-0.1889043044961856,-0.34195476764483496,0.6107564396878027,-1.0401239783105054,-0.8118356434872271,1
0.05279758279323938,-1.2479954184356736,1.4200691187042478,-1.2618546338524181,-0.42477219371265235,-0.36947481927937725,-0.3005301353349685,-1.1919052313729446,-1.143498120670705,-1.380856099643104,-1.0862422637146554,-1.1730410318439182,-1.1704767693704392,-1.0401239783105054,-0.8118356434872271,1
-0.7060063858499618,0.5279976724320483,0.538617457162585,0.517784243929682,0.4505000071976035,-0.36947481927937725,-0.3005301353349685,-0.34562363251582434,-1.143498120670705,-0.5046531526292226,-0.1889043044961856,-1.1730410318439182,-0.27986016484131826,-1.0401239783105054,-0.8118356434872271,1
1.5704055200796414,1.4159942178659093,-0.34283420437907763,0.517784243929682,1.3257722081078593,1.3724478716182575,1.3715478803254724,0.5006579663412959,-0.2787860242320479,-0.5046531526292226,-0.1889043044961856,1.3202177607533314,-1.1704767693704392,1.7064779362078242,0.06316909981819177,2
0.05279758279323938,0.5279976724320483,-1.2242858659207403,1.4076036828207321,0.4505000071976035,-0.36947481927937725,-1.136569143165189,1.346939565198416,-0.2787860242320479,-0.5046531526292226,-1.0862422637146554,0.4891314965542483,0.6107564396878027,-1.0401239783105054,-0.8118356434872271,1
1.5704055200796414,-0.3599988730018127,-0.34283420437907763,-0.3720351949613681,0.4505000071976035,0.5014865261694402,1.3715478803254724,1.346939565198416,1.4506381686452665,1.2477527413985403,1.6057716139407539,1.3202177607533314,0.6107564396878027,0.7909439647017144,1.8131785864290297,2
0.8116015514364405,0.5279976724320483,1.4200691187042478,1.4076036828207321,1.3257722081078593,1.3724478716182575,1.3715478803254724,1.346939565198416,1.4506381686452665,1.2477527413985403,-1.0862422637146554,1.3202177607533314,0.6107564396878027,-1.0401239783105054,1.8131785864290297,2
1.5704055200796414,1.4159942178659093,0.538617457162585,1.4076036828207321,1.3257722081078593,1.3724478716182575,1.3715478803254724,0.5006579663412959,1.4506381686452665,-0.5046531526292226,-0.1889043044961856,0.4891314965542483,-0.27986016484131826,-1.0401239783105054,0.06316909981819177,2
1.5704055200796414,1.4159942178659093,1.4200691187042478,1.4076036828207321,1.3257722081078593,1.3724478716182575,1.3715478803254724,1.346939565198416,1.4506381686452665,1.2477527413985403,1.6057716139407539,1.3202177607533314,1.5013730442169235,1.7064779362078242,1.8131785864290297,2
1.5704055200796414,0.5279976724320483,0.538617457162585,1.4076036828207321,1.3257722081078593,0.5014865261694402,0.5355088724952519,0.5006579663412959,0.5859260722066093,0.37154979438465885,0.7084336547222841,0.4891314965542483,0.6107564396878027,0.7909439647017144,0.9381738431236107,2
-1.4648103544931628,-0.3599988730018127,-0.34283420437907763,1.4076036828207321,-0.42477219371265235,-0.36947481927937725,-0.3005301353349685,0.5006579663412959,0.5859260722066093,-0.5046531526292226,0.7084336547222841,-0.34195476764483496,-0.27986016484131826,0.7909439647017144,0.06316909981819177,1
0.8116015514364405,-0.3599988730018127,0.538617457162585,-0.3720351949613681,-0.42477219371265235,0.5014865261694402,-1.136569143165189,-0.34562363251582434,0.5859260722066093,0.37154979438465885,-0.1889043044961856,-1.1730410318439182,-1.1704767693704392,-1.0401239783105054,-0.8118356434872271,1
0.8116015514364405,0.5279976724320483,1.4200691187042478,1.4076036828207321,1.3257722081078593,0.5014865261694402,1.3715478803254724,0.5006579663412959,-0.2787860242320479,-1.380856099643104,1.6057716139407539,1.3202177607533314,-1.1704767693704392,-0.12459000680439548,1.8131785864290297,2
-1.4648103544931628,-0.3599988730018127,-1.2242858659207403,-1.2618546338524181,-1.300044394622908,-0.36947481927937725,-1.136569143165189,-1.1919052313729446,-1.143498120670705,-1.380856099643104,-1.0862422637146554,-0.34195476764483496,-0.27986016484131826,-1.0401239783105054,-0.8118356434872271,0
0.05279758279323938,-0.3599988730018127,-0.34283420437907763,-0.3720351949613681,-0.42477219371265235,-0.36947481927937725,-1.136569143165189,-0.34562363251582434,-0.2787860242320479,-0.5046531526292226,-0.1889043044961856,-0.34195476764483496,-0.27986016484131826,-1.0401239783105054,-0.8118356434872271,1
0.05279758279323938,0.5279976724320483,0.538617457162585,0.517784243929682,0.4505000071976035,-0.36947481927937725,0.5355088724952519,0.5006579663412959,0.5859260722066093,0.37154979438465885,0.7084336547222841,0.4891314965542483,0.6107564396878027,0.7909439647017144,0.9381738431236107,1
-0.7060063858499618,-0.3599988730018127,0.538617457162585,-0.3720351949613681,-0.42477219371265235,0.5014865261694402,0.5355088724952519,0.5006579663412959,-1.143498120670705,1.2477527413985403,-0.1889043044961856,1.3202177607533314,1.5013730442169235,0.7909439647017144,1.8131785864290297,1
0.8116015514364405,-0.3599988730018127,-0.34283420437907763,-0.3720351949613681,-0.42477219371265235,-0.36947481927937725,0.5355088724952519,0.5006579663412959,0.5859260722066093,0.37154979438465885,0.7084336547222841,-0.34195476764483496,-0.27986016484131826,-0.12459000680439548,0.9381738431236107,1
0.05279758279323938,-0.3599988730018127,0.538617457162585,0.517784243929682,-0.42477219371265235,-0.36947481927937725,-0.3005301353349685,0.5006579663412959,1.4506381686452665,-0.5046531526292226,-0.1889043044961856,-0.34195476764483496,0.6107564396878027,-0.12459000680439548,-0.8118356434872271,1
0.05279758279323938,0.5279976724320483,-0.34283420437907763,0.517784243929682,0.4505000071976035,0.5014865261694402,0.5355088724952519,0.5006579663412959,0.5859260722066093,0.37154979438465885,0.7084336547222841,0.4891314965542483,-0.27986016484131826,0.7909439647017144,0.9381738431236107,1
-0.7060063858499618,0.5279976724320483,-0.34283420437907763,-0.3720351949613681,0.4505000071976035,1.3724478716182575,0.5355088724952519,1.346939565198416,1.4506381686452665,0.37154979438465885,-0.1889043044961856,-0.34195476764483496,0.6107564396878027,-0.12459000680439548,0.06316909981819177,1
1.5704055200796414,1.4159942178659093,1.4200691187042478,1.4076036828207321,1.3257722081078593,1.3724478716182575,1.3715478803254724,1.346939565198416,1.4506381686452665,1.2477527413985403,1.6057716139407539,1.3202177607533314,0.6107564396878027,0.7909439647017144,1.8131785864290297,2
0.8116015514364405,1.4159942178659093,0.538617457162585,1.4076036828207321,1.3257722081078593,0.5014865261694402,1.3715478803254724,1.346939565198416,0.5859260722066093,0.37154979438465885,-0.1889043044961856,1.3202177607533314,0.6107564396878027,-0.12459000680439548,0.06316909981819177,2
0.8116015514364405,0.5279976724320483,0.538617457162585,0.517784243929682,0.4505000071976035,-0.36947481927937725,-0.3005301353349685,0.5006579663412959,-0.2787860242320479,1.2477527413985403,-0.1889043044961856,-0.34195476764483496,0.6107564396878027,0.7909439647017144,0.9381738431236107,1
1.5704055200796414,1.4159942178659093,1.4200691187042478,1.4076036828207321,1.3257722081078593,1.3724478716182575,1.3715478803254724,1.346939565198416,0.5859260722066093,1.2477527413985403,-0.1889043044961856,1.3202177607533314,1.5013730442169235,0.7909439647017144,0.06316909981819177,2
0.05279758279323938,0.5279976724320483,-0.34283420437907763,-0.3720351949613681,-0.42477219371265235,-0.36947481927937725,-0.3005301353349685,-0.34562363251582434,-0.2787860242320479,-0.5046531526292226,-0.1889043044961856,-0.34195476764483496,-0.27986016484131826,-0.12459000680439548,0.06316909981819177,1
0.05279758279323938,-0.3599988730018127,-0.34283420437907763,-0.3720351949613681,-0.42477219371265235,-1.2404361647281947,-0.3005301353349685,-0.34562363251582434,-1.143498120670705,-0.5046531526292226,-0.1889043044961856,-0.34195476764483496,-0.27986016484131826,1.7064779362078242,0.06316909981819177,1
1.5704055200796414,0.5279976724320483,1.4200691187042478,1.4076036828207321,1.3257722081078593,1.3724478716182575,1.3715478803254724,1.346939565198416,-0.2787860242320479,0.37154979438465885,-1.0862422637146554,1.3202177607533314,1.5013730442169235,1.7064779362078242,0.9381738431236107,2
-1.4648103544931628,1.4159942178659093,1.4200691187042478,1.4076036828207321,-0.42477219371265235,-0.36947481927937725,1.3715478803254724,-1.1919052313729446,-0.2787860242320479,-0.5046531526292226,-0.1889043044961856,-0.34195476764483496,0.6107564396878027,-0.12459000680439548,-0.8118356434872271,1
-0.7060063858499618,-1.2479954184356736,-1.2242858659207403,-0.3720351949613681,-0.42477219371265235,-1.2404361647281947,0.5355088724952519,0.5006579663412959,0.5859260722066093,-1.380856099643104,-1.0862422637146554,-1.1730410318439182,-1.1704767693704392,-0.12459000680439548,0.06316909981819177,1
0.05279758279323938,-0.3599988730018127,-0.34283420437907763,-0.3720351949613681,-0.42477219371265235,-0.36947481927937725,-0.3005301353349685,-0.34562363251582434,-0.2787860242320479,-0.5046531526292226,-0.1889043044961856,-0.34195476764483496,-0.27986016484131826,-0.12459000680439548,0.06316909981819177,1
1.5704055200796414,0.5279976724320483,0.538617457162585,1.4076036828207321,-0.42477219371265235,0.5014865261694402,-0.3005301353349685,-0.34562363251582434,-0.2787860242320479,0.37154979438465885,0.7084336547222841,-1.1730410318439182,1.5013730442169235,-1.0401239783105054,-0.8118356434872271,1
0.05279758279323938,1.4159942178659093,1.4200691187042478,-0.3720351949613681,0.4505000071976035,1.3724478716182575,1.3715478803254724,0.5006579663412959,0.5859260722066093,0.37154979438465885,0.7084336547222841,1.3202177607533314,0.6107564396878027,-0.12459000680439548,-0.8118356434872271,2
1.5704055200796414,1.4159942178659093,-0.34283420437907763,-0.3720351949613681,1.3257722081078593,1.3724478716182575,1.3715478803254724,1.346939565198416,1.4506381686452665,1.2477527413985403,1.6057716139407539,1.3202177607533314,1.5013730442169235,1.7064779362078242,1.8131785864290297,2
0.05279758279323938,0.5279976724320483,-0.34283420437907763,-0.3720351949613681,-1.300044394622908,-0.36947481927937725,-0.3005301353349685,-0.34562363251582434,0.5859260722066093,0.37154979438465885,-0.1889043044961856,-0.34195476764483496,0.6107564396878027,-0.12459000680439548,0.9381738431236107,1
1.5704055200796414,1.4159942178659093,0.538617457162585,1.4076036828207321,1.3257722081078593,1.3724478716182575,1.3715478803254724,1.346939565198416,1.4506381686452665,1.2477527413985403,1.6057716139407539,1.3202177607533314,1.5013730442169235,1.7064779362078242,1.8131785864290297,2
-0.7060063858499618,-1.2479954184356736,0.538617457162585,0.517784243929682,0.4505000071976035,0.5014865261694402,0.5355088724952519,0.5006579663412959,0.5859260722066093,0.37154979438465885,0.7084336547222841,-0.34195476764483496,-0.27986016484131826,-0.12459000680439548,-0.8118356434872271,1
0.8116015514364405,1.4159942178659093,1.4200691187042478,1.4076036828207321,1.3257722081078593,1.3724478716182575,1.3715478803254724,1.346939565198416,1.4506381686452665,1.2477527413985403,1.6057716139407539,1.3202177607533314,0.6107564396878027,0.7909439647017144,1.8131785864290297,2
0.05279758279323938,-0.3599988730018127,-0.34283420437907763,-0.3720351949613681,-0.42477219371265235,-0.36947481927937725,0.5355088724952519,0.5006579663412959,0.5859260722066093,0.37154979438465885,-0.1889043044961856,-0.34195476764483496,-0.27986016484131826,-0.12459000680439548,-0.8118356434872271,1
0.05279758279323938,-1.2479954184356736,-0.34283420437907763,-0.3720351949613681,-1.300044394622908,0.5014865261694402,-1.136569143165189,-1.1919052313729446,-0.2787860242320479,-0.5046531526292226,-1.0862422637146554,-1.1730410318439182,-0.27986016484131826,-0.12459000680439548,-0.8118356434872271,1
0.8116015514364405,0.5279976724320483,0.538617457162585,0.517784243929682,1.3257722081078593,0.5014865261694402,1.3715478803254724,0.5006579663412959,0.5859260722066093,0.37154979438465885,0.7084336547222841,1.3202177607533314,-1.1704767693704392,-1.0401239783105054,-0.8118356434872271,2
-0.7060063858499618,-1.2479954184356736,-0.34283420437907763,-0.3720351949613681,-0.42477219371265235,1.3724478716182575,0.5355088724952519,-0.34562363251582434,-1.143498120670705,1.2477527413985403,-0.1889043044961856,-1.1730410318439182,-1.1704767693704392,-0.12459000680439548,0.06316909981819177,1
1.5704055200796414,1.4159942178659093,1.4200691187042478,1.4076036828207321,1.3257722081078593,0.5014865261694402,1.3715478803254724,1.346939565198416,1.4506381686452665,1.2477527413985403,-0.1889043044961856,1.3202177607533314,0.6107564396878027,1.7064779362078242,-0.8118356434872271,2
0.8116015514364405,-0.3599988730018127,-0.34283420437907763,0.517784243929682,0.4505000071976035,0.5014865261694402,0.5355088724952519,-0.34562363251582434,-0.2787860242320479,0.37154979438465885,1.6057716139407539,1.3202177607533314,0.6107564396878027,-1.0401239783105054,-0.8118356434872271,1
0.05279758279323938,1.4159942178659093,1.4200691187042478,1.4076036828207321,1.3257722081078593,1.3724478716182575,0.5355088724952519,0.5006579663412959,-1.143498120670705,1.2477527413985403,-0.1889043044961856,-0.34195476764483496,1.5013730442169235,-1.0401239783105054,0.9381738431236107,1
0.05279758279323938,0.5279976724320483,0.538617457162585,0.517784243929682,0.4505000071976035,0.5014865261694402,0.5355088724952519,0.5006579663412959,0.5859260722066093,0.37154979438465885,0.7084336547222841,0.4891314965542483,0.6107564396878027,0.7909439647017144,0.9381738431236107,1
0.05279758279323938,-0.3599988730018127,-0.34283420437907763,0.517784243929682,0.4505000071976035,-0.36947481927937725,-0.3005301353349685,0.5006579663412959,-1.143498120670705,-0.5046531526292226,-0.1889043044961856,0.4891314965542483,-0.27986016484131826,1.7064779362078242,0.06316909981819177,1
0.05279758279323938,-0.3599988730018127,-0.34283420437907763,0.517784243929682,0.4505000071976035,0.5014865261694402,0.5355088724952519,-0.34562363251582434,-0.2787860242320479,-0.5046531526292226,1.6057716139407539,0.4891314965542483,0.6107564396878027,0.7909439647017144,0.9381738431236107,1
0.05279758279323938,-0.3599988730018127,0.538617457162585,-0.3720351949613681,0.4505000071976035,0.5014865261694402,0.5355088724952519,0.5006579663412959,0.5859260722066093,-0.5046531526292226,-0.1889043044961856,-0.34195476764483496,-0.27986016484131826,-0.12459000680439548,0.06316909981819177,1
0.8116015514364405,1.4159942178659093,1.4200691187042478,1.4076036828207321,1.3257722081078593,1.3724478716182575,1.3715478803254724,0.5006579663412959,1.4506381686452665,1.2477527413985403,1.6057716139407539,1.3202177607533314,1.5013730442169235,0.7909439647017144,1.8131785864290297,2
-0.7060063858499618,-1.2479954184356736,-1.2242858659207403,-1.2618546338524181,-1.300044394622908,-1.2404361647281947,-1.136569143165189,-1.1919052313729446,-1.143498120670705,-0.5046531526292226,-1.0862422637146554,-1.1730410318439182,-0.27986016484131826,-1.0401239783105054,-0.8118356434872271,1
0.8116015514364405,1.4159942178659093,1.4200691187042478,0.517784243929682,1.3257722081078593,1.3724478716182575,1.3715478803254724,1.346939565198416,1.4506381686452665,1.2477527413985403,1.6057716139407539,1.3202177607533314,1.5013730442169235,1.7064779362078242,0.9381738431236107,2
-0.7060063858499618,-0.3599988730018127,0.538617457162585,-0.3720351949613681,0.4505000071976035,0.5014865261694402,-0.3005301353349685,-0.34562363251582434,-0.2787860242320479,-0.5046531526292226,-0.1889043044961856,-0.34195476764483496,-0.27986016484131826,-1.0401239783105054,0.06316909981819177,1
0.05279758279323938,0.5279976724320483,1.4200691187042478,0.517784243929682,0.4505000071976035,0.5014865261694402,0.5355088724952519,0.5006579663412959,-0.2787860242320479,-0.5046531526292226,-0.1889043044961856,-0.34195476764483496,-0.27986016484131826,-0.12459000680439548,-0.8118356434872271,1
0.8116015514364405,0.5279976724320483,0.538617457162585,-0.3720351949613681,-0.42477219371265235,0.5014865261694402,0.5355088724952519,1.346939565198416,0.5859260722066093,0.37154979438465885,0.7084336547222841,1.3202177607533314,1.5013730442169235,-0.12459000680439548,0.06316909981819177,1
0.05279758279323938,1.4159942178659093,-1.2242858659207403,0.517784243929682,-0.42477219371265235,-0.36947481927937725,0.5355088724952519,0.5006579663412959,-0.2787860242320479,-0.5046531526292226,-1.0862422637146554,-0.34195476764483496,-0.27986016484131826,0.7909439647017144,-0.8118356434872271,1
-0.7060063858499618,-0.3599988730018127,-1.2242858659207403,-0.3720351949613681,-0.42477219371265235,-1.2404361647281947,-1.136569143165189,-0.34562363251582434,-0.2787860242320479,1.2477527413985403,-1.0862422637146554,-1.1730410318439182,-0.27986016484131826,-0.12459000680439548,-0.8118356434872271,1
1.5704055200796414,1.4159942178659093,1.4200691187042478,1.4076036828207321,1.3257722081078593,1.3724478716182575,1.3715478803254724,0.5006579663412959,1.4506381686452665,1.2477527413985403,0.7084336547222841,-0.34195476764483496,0.6107564396878027,-0.12459000680439548,-0.8118356434872271,2
0.05279758279323938,-0.3599988730018127,0.538617457162585,0.517784243929682,-0.42477219371265235,-0.36947481927937725,-0.3005301353349685,-0.34562363251582434,-0.2787860242320479,0.37154979438465885,0.7084336547222841,0.4891314965542483,-0.27986016484131826,-0.12459000680439548,-0.8118356434872271,1
0.8116015514364405,-0.3599988730018127,-1.2242858659207403,0.517784243929682,-0.42477219371265235,1.3724478716182575,-0.3005301353349685,-0.34562363251582434,1.4506381686452665,0.37154979438465885,-0.1889043044961856,-0.34195476764483496,-1.1704767693704392,-1.0401239783105054,-0.8118356434872271,1
0.05279758279323938,-0.3599988730018127,0.538617457162585,-0.3720351949613681,0.4505000071976035,0.5014865261694402,-0.3005301353349685,-0.34562363251582434,-1.143498120670705,-0.5046531526292226,-1.0862422637146554,-0.34195476764483496,-1.1704767693704392,-0.12459000680439548,-0.8118356434872271,1
-0.7060063858499618,-0.3599988730018127,-1.2242858659207403,-0.3720351949613681,-0.42477219371265235,-1.2404361647281947,-0.3005301353349685,-1.1919052313729446,-0.2787860242320479,-0.5046531526292226,-0.1889043044961856,-0.34195476764483496,-0.27986016484131826,-0.12459000680439548,-0.8118356434872271,1
0.05279758279323938,0.5279976724320483,-0.34283420437907763,0.517784243929682,0.4505000071976035,0.5014865261694402,0.5355088724952519,0.5006579663412959,-0.2787860242320479,0.37154979438465885,0.7084336547222841,-0.34195476764483496,0.6107564396878027,-0.12459000680439548,0.9381738431236107,1
0.8116015514364405,0.5279976724320483,-0.34283420437907763,-0.3720351949613681,1.3257722081078593,1.3724478716182575,1.3715478803254724,-0.34562363251582434,0.5859260722066093,1.2477527413985403,0.7084336547222841,1.3202177607533314,0.6107564396878027,0.7909439647017144,0.06316909981819177,2
0.05279758279323938,-0.3599988730018127,-0.34283420437907763,-0.3720351949613681,0.4505000071976035,0.5014865261694402,-0.3005301353349685,-0.34562363251582434,0.5859260722066093,-0.5046531526292226,-0.1889043044961856,0.4891314965542483,0.6107564396878027,-0.12459000680439548,0.9381738431236107,1
-0.7060063858499618,0.5279976724320483,-0.34283420437907763,-0.3720351949613681,-0.42477219371265235,-0.36947481927937725,-0.3005301353349685,-0.34562363251582434,-0.2787860242320479,0.37154979438465885,-0.1889043044961856,-0.34195476764483496,0.6107564396878027,-1.0401239783105054,-0.8118356434872271,1
0.8116015514364405,0.5279976724320483,0.538617457162585,0.517784243929682,0.4505000071976035,0.5014865261694402,1.3715478803254724,1.346939565198416,1.4506381686452665,1.2477527413985403,1.6057716139407539,1.3202177607533314,1.5013730442169235,1.7064779362078242,1.8131785864290297,2
0.8116015514364405,0.5279976724320483,0.538617457162585,0.517784243929682,0.4505000071976035,-0.36947481927937725,1.3715478803254724,0.5006579663412959,0.5859260722066093,0.37154979438465885,-0.1889043044961856,0.4891314965542483,0.6107564396878027,0.7909439647017144,0.06316909981819177,1
0.05279758279323938,0.5279976724320483,-0.34283420437907763,-0.3720351949613681,1.3257722081078593,1.3724478716182575,-0.3005301353349685,0.5006579663412959,-0.2787860242320479,-0.5046531526292226,-0.1889043044961856,0.4891314965542483,-0.27986016484131826,-0.12459000680439548,0.06316909981819177,1
0.05279758279323938,1.4159942178659093,0.538617457162585,0.517784243929682,1.3257722081078593,1.3724478716182575,0.5355088724952519,0.5006579663412959,0.5859260722066093,1.2477527413985403,0.7084336547222841,0.4891314965542483,1.5013730442169235,-0.12459000680439548,0.06316909981819177,2
1.5704055200796414,1.4159942178659093,0.538617457162585,1.4076036828207321,1.3257722081078593,1.3724478716182575,1.3715478803254724,1.346939565198416,1.4506381686452665,0.37154979438465885,-0.1889043044961856,-0.34195476764483496,1.5013730442169235,1.7064779362078242,0.9381738431236107,2
0.05279758279323938,-1.2479954184356736,-0.34283420437907763,-0.3720351949613681,-1.300044394622908,-0.36947481927937725,-0.3005301353349685,-1.1919052313729446,-1.143498120670705,-0.5046531526292226,-1.0862422637146554,-1.1730410318439182,-1.1704767693704392,-0.12459000680439548,-0.8118356434872271,1
0.8116015514364405,1.4159942178659093,1.4200691187042478,1.4076036828207321,1.3257722081078593,1.3724478716182575,1.3715478803254724,1.346939565198416,1.4506381686452665,1.2477527413985403,0.7084336547222841,1.3202177607533314,1.5013730442169235,-1.0401239783105054,0.06316909981819177,2
0.05279758279323938,0.5279976724320483,0.538617457162585,0.517784243929682,0.4505000071976035,1.3724478716182575,1.3715478803254724,0.5006579663412959,1.4506381686452665,0.37154979438465885,1.6057716139407539,1.3202177607533314,1.5013730442169235,1.7064779362078242,1.8131785864290297,2
0.05279758279323938,0.5279976724320483,1.4200691187042478,0.517784243929682,1.3257722081078593,0.5014865261694402,-1.136569143165189,-1.1919052313729446,-1.143498120670705,-1.380856099643104,-1.0862422637146554,-1.1730410318439182,-1.1704767693704392,-1.0401239783105054,-0.8118356434872271,1
0.05279758279323938,1.4159942178659093,1.4200691187042478,1.4076036828207321,0.4505000071976035,0.5014865261694402,-0.3005301353349685,0.5006579663412959,-0.2787860242320479,0.37154979438465885,0.7084336547222841,0.4891314965542483,-0.27986016484131826,-0.12459000680439548,0.06316909981819177,2
1.5704055200796414,1.4159942178659093,1.4200691187042478,1.4076036828207321,1.3257722081078593,1.3724478716182575,1.3715478803254724,1.346939565198416,1.4506381686452665,-0.5046531526292226,1.6057716139407539,1.3202177607533314,0.6107564396878027,-0.12459000680439548,1.8131785864290297,2
0.05279758279323938,-1.2479954184356736,-1.2242858659207403,-1.2618546338524181,-1.300044394622908,-1.2404361647281947,-1.136569143165189,-1.1919052313729446,-1.143498120670705,-1.380856099643104,-1.0862422637146554,-1.1730410318439182,-1.1704767693704392,-1.0401239783105054,-0.8118356434872271,0
1.5704055200796414,0.5279976724320483,0.538617457162585,1.4076036828207321,1.3257722081078593,0.5014865261694402,1.3715478803254724,1.346939565198416,0.5859260722066093,1.2477527413985403,0.7084336547222841,1.3202177607533314,1.5013730442169235,0.7909439647017144,1.8131785864290297,2
0.05279758279323938,-0.3599988730018127,0.538617457162585,-0.3720351949613681,-0.42477219371265235,1.3724478716182575,0.5355088724952519,-0.34562363251582434,0.5859260722066093,0.37154979438465885,1.6057716139407539,0.4891314965542483,-0.27986016484131826,-0.12459000680439548,0.06316909981819177,1
1.5704055200796414,1.4159942178659093,1.4200691187042478,1.4076036828207321,1.3257722081078593,0.5014865261694402,1.3715478803254724,1.346939565198416,0.5859260722066093,1.2477527413985403,1.6057716139407539,1.3202177607533314,1.5013730442169235,0.7909439647017144,1.8131785864290297,2
0.05279758279323938,0.5279976724320483,0.538617457162585,0.517784243929682,0.4505000071976035,1.3724478716182575,1.3715478803254724,0.5006579663412959,1.4506381686452665,0.37154979438465885,1.6057716139407539,1.3202177607533314,1.5013730442169235,1.7064779362078242,1.8131785864290297,2
-1.4648103544931628,-1.2479954184356736,1.4200691187042478,1.4076036828207321,1.3257722081078593,1.3724478716182575,-0.3005301353349685,-0.34562363251582434,-0.2787860242320479,-0.5046531526292226,-1.0862422637146554,-1.1730410318439182,1.5013730442169235,-0.12459000680439548,-0.8118356434872271,1
1.5704055200796414,1.4159942178659093,-1.2242858659207403,1.4076036828207321,1.3257722081078593,1.3724478716182575,1.3715478803254724,1.346939565198416,1.4506381686452665,1.2477527413985403,1.6057716139407539,1.3202177607533314,1.5013730442169235,1.7064779362078242,0.9381738431236107,2
-1.4648103544931628,-1.2479954184356736,-1.2242858659207403,-1.2618546338524181,-1.300044394622908,-0.36947481927937725,-1.136569143165189,-0.34562363251582434,-0.2787860242320479,0.37154979438465885,-0.1889043044961856,-0.34195476764483496,-0.27986016484131826,-0.12459000680439548,0.06316909981819177,0
0.05279758279323938,1.4159942178659093,1.4200691187042478,1.4076036828207321,1.3257722081078593,1.3724478716182575,1.3715478803254724,-0.34562363251582434,-1.143498120670705,1.2477527413985403,1.6057716139407539,-0.34195476764483496,-1.1704767693704392,-1.0401239783105054,-0.8118356434872271,1
1.5704055200796414,-0.3599988730018127,-0.34283420437907763,-0.3720351949613681,-0.42477219371265235,-0.36947481927937725,-0.3005301353349685,-0.34562363251582434,-0.2787860242320479,-0.5046531526292226,-0.1889043044961856,-0.34195476764483496,-0.27986016484131826,-0.12459000680439548,0.06316909981819177,1
1.5704055200796414,1.4159942178659093,1.4200691187042478,1.4076036828207321,1.3257722081078593,1.3724478716182575,1.3715478803254724,1.346939565198416,1.4506381686452665,1.2477527413985403,1.6057716139407539,1.3202177607533314,1.5013730442169235,1.7064779362078242,1.8131785864290297,2
1.5704055200796414,1.4159942178659093,1.4200691187042478,1.4076036828207321,1.3257722081078593,1.3724478716182575,1.3715478803254724,1.346939565198416,1.4506381686452665,1.2477527413985403,1.6057716139407539,1.3202177607533314,1.5013730442169235,1.7064779362078242,1.8131785864290297,2
0.8116015514364405,0.5279976724320483,-0.34283420437907763,-0.3720351949613681,-0.42477219371265235,-0.36947481927937725,-0.3005301353349685,-0.34562363251582434,-0.2787860242320479,-0.5046531526292226,-0.1889043044961856,-0.34195476764483496,-0.27986016484131826,-0.12459000680439548,0.06316909981819177,1
0.8116015514364405,-0.3599988730018127,-0.34283420437907763,-0.3720351949613681,-0.42477219371265235,-0.36947481927937725,-0.3005301353349685,-0.34562363251582434,-0.2787860242320479,-0.5046531526292226,-0.1889043044961856,-0.34195476764483496,-0.27986016484131826,-0.12459000680439548,0.06316909981819177,1
0.8116015514364405,0.5279976724320483,-0.34283420437907763,1.4076036828207321,1.3257722081078593,0.5014865261694402,0.5355088724952519,1.346939565198416,-0.2787860242320479,1.2477527413985403,-0.1889043044961856,1.3202177607533314,1.5013730442169235,-0.12459000680439548,1.8131785864290297,2
0.8116015514364405,1.4159942178659093,1.4200691187042478,1.4076036828207321,1.3257722081078593,1.3724478716182575,1.3715478803254724,1.346939565198416,1.4506381686452665,1.2477527413985403,-1.0862422637146554,1.3202177607533314,0.6107564396878027,-0.12459000680439548,0.06316909981819177,2
0.05279758279323938,0.5279976724320483,0.538617457162585,0.517784243929682,0.4505000071976035,-0.36947481927937725,0.5355088724952519,1.346939565198416,-0.2787860242320479,0.37154979438465885,-0.1889043044961856,-0.34195476764483496,-0.27986016484131826,0.7909439647017144,0.9381738431236107,1
1.5704055200796414,0.5279976724320483,1.4200691187042478,0.517784243929682,0.4505000071976035,0.5014865261694402,1.3715478803254724,1.346939565198416,1.4506381686452665,1.2477527413985403,1.6057716139407539,0.4891314965542483,0.6107564396878027,-0.12459000680439548,1.8131785864290297,2
0.8116015514364405,1.4159942178659093,1.4200691187042478,1.4076036828207321,1.3257722081078593,0.5014865261694402,1.3715478803254724,1.346939565198416,-0.2787860242320479,-0.5046531526292226,-1.0862422637146554,1.3202177607533314,1.5013730442169235,-0.12459000680439548,0.9381738431236107,2
1.5704055200796414,1.4159942178659093,1.4200691187042478,1.4076036828207321,1.3257722081078593,1.3724478716182575,1.3715478803254724,1.346939565198416,1.4506381686452665,1.2477527413985403,0.7084336547222841,1.3202177607533314,0.6107564396878027,-0.12459000680439548,1.8131785864290297,2
-0.7060063858499618,-1.2479954184356736,-1.2242858659207403,-1.2618546338524181,-1.300044394622908,-1.2404361647281947,-1.136569143165189,-1.1919052313729446,-1.143498120670705,-1.380856099643104,-1.0862422637146554,-1.1730410318439182,-1.1704767693704392,-1.0401239783105054,-0.8118356434872271,0
-1.4648103544931628,1.4159942178659093,1.4200691187042478,-1.2618546338524181,-1.300044394622908,-1.2404361647281947,-0.3005301353349685,1.346939565198416,-1.143498120670705,-1.380856099643104,0.7084336547222841,-1.1730410318439182,-0.27986016484131826,-1.0401239783105054,-0.8118356434872271,1
0.05279758279323938,0.5279976724320483,1.4200691187042478,1.4076036828207321,0.4505000071976035,1.3724478716182575,1.3715478803254724,1.346939565198416,1.4506381686452665,1.2477527413985403,1.6057716139407539,-1.1730410318439182,-1.1704767693704392,-0.12459000680439548,-0.8118356434872271,2
-0.7060063858499618,-0.3599988730018127,-0.34283420437907763,-1.2618546338524181,-0.42477219371265235,1.3724478716182575,-0.3005301353349685,-0.34562363251582434,-1.143498120670705,1.2477527413985403,-0.1889043044961856,-0.34195476764483496,-1.1704767693704392,-0.12459000680439548,0.06316909981819177,1
0.8116015514364405,1.4159942178659093,1.4200691187042478,1.4076036828207321,1.3257722081078593,0.5014865261694402,1.3715478803254724,1.346939565198416,0.5859260722066093,1.2477527413985403,0.7084336547222841,1.3202177607533314,1.5013730442169235,0.7909439647017144,1.8131785864290297,2
0.05279758279323938,0.5279976724320483,0.538617457162585,-0.3720351949613681,0.4505000071976035,-0.36947481927937725,1.3715478803254724,0.5006579663412959,0.5859260722066093,-0.5046531526292226,0.7084336547222841,1.3202177607533314,0.6107564396878027,-0.12459000680439548,-0.8118356434872271,1
1.5704055200796414,1.4159942178659093,1.4200691187042478,1.4076036828207321,1.3257722081078593,1.3724478716182575,1.3715478803254724,1.346939565198416,1.4506381686452665,1.2477527413985403,1.6057716139407539,-0.34195476764483496,-0.27986016484131826,-1.0401239783105054,-0.8118356434872271,2
-1.4648103544931628,-1.2479954184356736,-1.2242858659207403,-1.2618546338524181,-1.300044394622908,-1.2404361647281947,-1.136569143165189,-1.1919052313729446,-1.143498120670705,-1.380856099643104,-1.0862422637146554,-1.1730410318439182,-1.1704767693704392,-1.0401239783105054,-0.8118356434872271,0
0.05279758279323938,-1.2479954184356736,0.538617457162585,-0.3720351949613681,-0.42477219371265235,-0.36947481927937725,-0.3005301353349685,-1.1919052313729446,1.4506381686452665,1.2477527413985403,1.6057716139407539,0.4891314965542483,-0.27986016484131826,1.7064779362078242,-0.8118356434872271,1
0.05279758279323938,-0.3599988730018127,-0.34283420437907763,-0.3720351949613681,-0.42477219371265235,-0.36947481927937725,-0.3005301353349685,0.5006579663412959,0.5859260722066093,0.37154979438465885,0.7084336547222841,0.4891314965542483,0.6107564396878027,0.7909439647017144,0.9381738431236107,1
0.05279758279323938,0.5279976724320483,-0.34283420437907763,-1.2618546338524181,0.4505000071976035,0.5014865261694402,0.5355088724952519,-1.1919052313729446,0.5859260722066093,1.2477527413985403,0.7084336547222841,0.4891314965542483,0.6107564396878027,0.7909439647017144,0.06316909981819177,1
0.8116015514364405,1.4159942178659093,1.4200691187042478,1.4076036828207321,1.3257722081078593,1.3724478716182575,1.3715478803254724,1.346939565198416,0.5859260722066093,1.2477527413985403,0.7084336547222841,1.3202177607533314,1.5013730442169235,1.7064779362078242,1.8131785864290297,2
0.8116015514364405,0.5279976724320483,0.538617457162585,0.517784243929682,0.4505000071976035,1.3724478716182575,1.3715478803254724,0.5006579663412959,0.5859260722066093,1.2477527413985403,-0.1889043044961856,0.4891314965542483,0.6107564396878027,-0.12459000680439548,-0.8118356434872271,2
0.05279758279323938,0.5279976724320483,1.4200691187042478,1.4076036828207321,1.3257722081078593,1.3724478716182575,1.3715478803254724,1.346939565198416,1.4506381686452665,1.2477527413985403,1.6057716139407539,1.3202177607533314,1.5013730442169235,1.7064779362078242,1.8131785864290297,2
0.8116015514364405,0.5279976724320483,1.4200691187042478,1.4076036828207321,1.3257722081078593,1.3724478716182575,1.3715478803254724,0.5006579663412959,1.4506381686452665,1.2477527413985403,0.7084336547222841,0.4891314965542483,1.5013730442169235,1.7064779362078242,1.8131785864290297,2
0.8116015514364405,1.4159942178659093,-0.34283420437907763,1.4076036828207321,1.3257722081078593,1.3724478716182575,1.3715478803254724,-0.34562363251582434,0.5859260722066093,0.37154979438465885,-0.1889043044961856,1.3202177607533314,1.5013730442169235,0.7909439647017144,1.8131785864290297,2
-0.7060063858499618,0.5279976724320483,0.538617457162585,0.517784243929682,0.4505000071976035,1.3724478716182575,1.3715478803254724,1.346939565198416,1.4506381686452665,1.2477527413985403,1.6057716139407539,0.4891314965542483,1.5013730442169235,1.7064779362078242,1.8131785864290297,2
0.05279758279323938,1.4159942178659093,-1.2242858659207403,-0.3720351949613681,1.3257722081078593,1.3724478716182575,1.3715478803254724,1.346939565198416,-1.143498120670705,-0.5046531526292226,-1.0862422637146554,1.3202177607533314,0.6107564396878027,1.7064779362078242,-0.8118356434872271,1
0.05279758279323938,0.5279976724320483,0.538617457162585,0.517784243929682,0.4505000071976035,0.5014865261694402,0.5355088724952519,0.5006579663412959,0.5859260722066093,0.37154979438465885,0.7084336547222841,0.4891314965542483,0.6107564396878027,0.7909439647017144,0.9381738431236107,1
0.05279758279323938,1.4159942178659093,0.538617457162585,0.517784243929682,0.4505000071976035,0.5014865261694402,0.5355088724952519,0.5006579663412959,0.5859260722066093,0.37154979438465885,0.7084336547222841,0.4891314965542483,0.6107564396878027,0.7909439647017144,0.9381738431236107,2
0.8116015514364405,1.4159942178659093,1.4200691187042478,1.4076036828207321,1.3257722081078593,1.3724478716182575,1.3715478803254724,1.346939565198416,1.4506381686452665,1.2477527413985403,0.7084336547222841,1.3202177607533314,1.5013730442169235,0.7909439647017144,1.8131785864290297,2
0.05279758279323938,-0.3599988730018127,-0.34283420437907763,0.517784243929682,0.4505000071976035,1.3724478716182575,0.5355088724952519,0.5006579663412959,-0.2787860242320479,0.37154979438465885,1.6057716139407539,1.3202177607533314,-1.1704767693704392,-1.0401239783105054,1.8131785864290297,1
0.8116015514364405,-0.3599988730018127,-0.34283420437907763,-0.3720351949613681,0.4505000071976035,0.5014865261694402,-0.3005301353349685,0.5006579663412959,-0.2787860242320479,-0.5046531526292226,0.7084336547222841,0.4891314965542483,-0.27986016484131826,0.7909439647017144,0.9381738431236107,1
-1.4648103544931628,-0.3599988730018127,-0.34283420437907763,-0.3720351949613681,-0.42477219371265235,-0.36947481927937725,-1.136569143165189,-0.34562363251582434,-1.143498120670705,-0.5046531526292226,-0.1889043044961856,-0.34195476764483496,-0.27986016484131826,-1.0401239783105054,-0.8118356434872271,1
0.05279758279323938,1.4159942178659093,1.4200691187042478,-0.3720351949613681,1.3257722081078593,1.3724478716182575,1.3715478803254724,1.346939565198416,-0.2787860242320479,-0.5046531526292226,1.6057716139407539,-0.34195476764483496,-0.27986016484131826,-0.12459000680439548,0.06316909981819177,1
0.8116015514364405,1.4159942178659093,1.4200691187042478,1.4076036828207321,1.3257722081078593,1.3724478716182575,1.3715478803254724,1.346939565198416,1.4506381686452665,1.2477527413985403,1.6057716139407539,1.3202177607533314,1.5013730442169235,0.7909439647017144,1.8131785864290297,2
0.05279758279323938,-0.3599988730018127,-0.34283420437907763,0.517784243929682,-0.42477219371265235,0.5014865261694402,-0.3005301353349685,-0.34562363251582434,-0.2787860242320479,0.37154979438465885,-0.1889043044961856,-0.34195476764483496,-0.27986016484131826,-0.12459000680439548,0.9381738431236107,1
0.05279758279323938,0.5279976724320483,-0.34283420437907763,-0.3720351949613681,-0.42477219371265235,-0.36947481927937725,-0.3005301353349685,-0.34562363251582434,-0.2787860242320479,-0.5046531526292226,-0.1889043044961856,-1.1730410318439182,-0.27986016484131826,-1.0401239783105054,-0.8118356434872271,1
0.05279758279323938,0.5279976724320483,-0.34283420437907763,0.517784243929682,-1.300044394622908,-1.2404361647281947,-1.136569143165189,-1.1919052313729446,-0.2787860242320479,-0.5046531526292226,0.7084336547222841,0.4891314965542483,-0.27986016484131826,-0.12459000680439548,-0.8118356434872271,1
0.8116015514364405,0.5279976724320483,0.538617457162585,0.517784243929682,1.3257722081078593,1.3724478716182575,1.3715478803254724,1.346939565198416,1.4506381686452665,1.2477527413985403,1.6057716139407539,1.3202177607533314,1.5013730442169235,1.7064779362078242,1.8131785864290297,2
0.8116015514364405,0.5279976724320483,0.538617457162585,1.4076036828207321,1.3257722081078593,0.5014865261694402,1.3715478803254724,0.5006579663412959,1.4506381686452665,1.2477527413985403,0.7084336547222841,0.4891314965542483,1.5013730442169235,0.7909439647017144,-0.8118356434872271,2
0.8116015514364405,0.5279976724320483,-0.34283420437907763,-0.3720351949613681,-0.42477219371265235,-0.36947481927937725,0.5355088724952519,0.5006579663412959,-0.2787860242320479,0.37154979438465885,-0.1889043044961856,-0.34195476764483496,-0.27986016484131826,-0.12459000680439548,0.06316909981819177,1
-0.7060063858499618,0.5279976724320483,1.4200691187042478,0.517784243929682,-0.42477219371265235,-0.36947481927937725,-0.3005301353349685,1.346939565198416,1.4506381686452665,1.2477527413985403,-1.0862422637146554,-0.34195476764483496,-1.1704767693704392,-1.0401239783105054,-0.8118356434872271,1
1.5704055200796414,1.4159942178659093,-0.34283420437907763,0.517784243929682,0.4505000071976035,0.5014865261694402,-0.3005301353349685,0.5006579663412959,-0.2787860242320479,-0.5046531526292226,-0.1889043044961856,0.4891314965542483,-0.27986016484131826,-0.12459000680439548,0.06316909981819177,1
1.5704055200796414,1.4159942178659093,1.4200691187042478,1.4076036828207321,1.3257722081078593,1.3724478716182575,1.3715478803254724,1.346939565198416,1.4506381686452665,0.37154979438465885,0.7084336547222841,0.4891314965542483,1.5013730442169235,1.7064779362078242,1.8131785864290297,2
1.5704055200796414,1.4159942178659093,0.538617457162585,0.517784243929682,-0.42477219371265235,0.5014865261694402,0.5355088724952519,0.5006579663412959,1.4506381686452665,0.37154979438465885,1.6057716139407539,0.4891314965542483,-1.1704767693704392,-1.0401239783105054,-0.8118356434872271,1
0.8116015514364405,1.4159942178659093,0.538617457162585,0.517784243929682,1.3257722081078593,1.3724478716182575,1.3715478803254724,1.346939565198416,1.4506381686452665,1.2477527413985403,1.6057716139407539,1.3202177607533314,1.5013730442169235,0.7909439647017144,0.06316909981819177,2
-1.4648103544931628,-0.3599988730018127,-1.2242858659207403,-0.3720351949613681,-0.42477219371265235,-0.36947481927937725,-1.136569143165189,-1.1919052313729446,-1.143498120670705,-1.380856099643104,-1.0862422637146554,-1.1730410318439182,-1.1704767693704392,-1.0401239783105054,-0.8118356434872271,0
0.05279758279323938,0.5279976724320483,-0.34283420437907763,-0.3720351949613681,0.4505000071976035,0.5014865261694402,-0.3005301353349685,-0.34562363251582434,-0.2787860242320479,-0.5046531526292226,-0.1889043044961856,-0.34195476764483496,-0.27986016484131826,-0.12459000680439548,-0.8118356434872271,1
0.05279758279323938,1.4159942178659093,1.4200691187042478,1.4076036828207321,1.3257722081078593,1.3724478716182575,1.3715478803254724,1.346939565198416,1.4506381686452665,1.2477527413985403,1.6057716139407539,1.3202177607533314,1.5013730442169235,1.7064779362078242,1.8131785864290297,2
0.8116015514364405,1.4159942178659093,1.4200691187042478,1.4076036828207321,1.3257722081078593,-1.2404361647281947,-0.3005301353349685,1.346939565198416,1.4506381686452665,1.2477527413985403,1.6057716139407539,1.3202177607533314,1.5013730442169235,1.7064779362078242,0.06316909981819177,2
0.05279758279323938,-0.3599988730018127,-0.34283420437907763,-1.2618546338524181,-1.300044394622908,1.3724478716182575,-0.3005301353349685,-0.34562363251582434,-0.2787860242320479,1.2477527413985403,-1.0862422637146554,-0.34195476764483496,-0.27986016484131826,-1.0401239783105054,0.06316909981819177,1
-0.7060063858499618,-0.3599988730018127,0.538617457162585,0.517784243929682,0.4505000071976035,0.5014865261694402,-1.136569143165189,1.346939565198416,1.4506381686452665,1.2477527413985403,-1.0862422637146554,0.4891314965542483,1.5013730442169235,-1.0401239783105054,0.06316909981819177,1
-1.4648103544931628,-0.3599988730018127,1.4200691187042478,-0.3720351949613681,0.4505000071976035,-1.2404361647281947,-0.3005301353349685,-1.1919052313729446,-0.2787860242320479,1.2477527413985403,0.7084336547222841,-0.34195476764483496,-1.1704767693704392,-1.0401239783105054,-0.8118356434872271,1
-0.7060063858499618,-0.3599988730018127,0.538617457162585,0.517784243929682,0.4505000071976035,0.5014865261694402,0.5355088724952519,0.5006579663412959,1.4506381686452665,0.37154979438465885,0.7084336547222841,0.4891314965542483,-1.1704767693704392,0.7909439647017144,-0.8118356434872271,1
1.5704055200796414,1.4159942178659093,1.4200691187042478,1.4076036828207321,0.4505000071976035,1.3724478716182575,1.3715478803254724,0.5006579663412959,0.5859260722066093,1.2477527413985403,-0.1889043044961856,1.3202177607533314,1.5013730442169235,-1.0401239783105054,0.06316909981819177,2
-1.4648103544931628,-0.3599988730018127,0.538617457162585,-0.3720351949613681,0.4505000071976035,-0.36947481927937725,0.5355088724952519,-1.1919052313729446,0.5859260722066093,0.37154979438465885,-1.0862422637146554,-0.34195476764483496,-0.27986016484131826,0.7909439647017144,-0.8118356434872271,1
0.05279758279323938,-0.3599988730018127,-0.34283420437907763,-0.3720351949613681,-1.300044394622908,-1.2404361647281947,-1.136569143165189,-0.34562363251582434,-0.2787860242320479,-0.5046531526292226,-0.1889043044961856,-1.1730410318439182,-0.27986016484131826,-1.0401239783105054,-0.8118356434872271,1
0.8116015514364405,1.4159942178659093,1.4200691187042478,1.4076036828207321,0.4505000071976035,0.5014865261694402,-0.3005301353349685,0.5006579663412959,1.4506381686452665,1.2477527413985403,-0.1889043044961856,0.4891314965542483,0.6107564396878027,0.7909439647017144,0.9381738431236107,2
0.05279758279323938,0.5279976724320483,-0.34283420437907763,-0.3720351949613681,-0.42477219371265235,-0.36947481927937725,-1.136569143165189,0.5006579663412959,0.5859260722066093,-1.380856099643104,-0.1889043044961856,0.4891314965542483,-1.1704767693704392,0.7909439647017144,0.06316909981819177,1
1.5704055200796414,1.4159942178659093,1.4200691187042478,1.4076036828207321,1.3257722081078593,1.3724478716182575,1.3715478803254724,1.346939565198416,1.4506381686452665,1.2477527413985403,1.6057716139407539,1.3202177607533314,1.5013730442169235,1.7064779362078242,-0.8118356434872271,2
-0.7060063858499618,-0.3599988730018127,-0.34283420437907763,-0.3720351949613681,-0.42477219371265235,-0.36947481927937725,-0.3005301353349685,-0.34562363251582434,-0.2787860242320479,-0.5046531526292226,-0.1889043044961856,-0.34195476764483496,-0.27986016484131826,-0.12459000680439548,0.06316909981819177,1
0.8116015514364405,-0.3599988730018127,-0.34283420437907763,0.517784243929682,-0.42477219371265235,-0.36947481927937725,-1.136569143165189,-0.34562363251582434,-0.2787860242320479,-0.5046531526292226,0.7084336547222841,-0.34195476764483496,-0.27986016484131826,-0.12459000680439548,0.06316909981819177,1
0.8116015514364405,1.4159942178659093,1.4200691187042478,1.4076036828207321,0.4505000071976035,1.3724478716182575,-0.3005301353349685,1.346939565198416,1.4506381686452665,1.2477527413985403,1.6057716139407539,1.3202177607533314,1.5013730442169235,-0.12459000680439548,1.8131785864290297,2
0.8116015514364405,-0.3599988730018127,0.538617457162585,0.517784243929682,1.3257722081078593,0.5014865261694402,1.3715478803254724,-0.34562363251582434,0.5859260722066093,0.37154979438465885,-0.1889043044961856,-0.34195476764483496,-0.27986016484131826,-0.12459000680439548,0.06316909981819177,1
0.8116015514364405,0.5279976724320483,0.538617457162585,0.517784243929682,1.3257722081078593,1.3724478716182575,0.5355088724952519,1.346939565198416,0.5859260722066093,1.2477527413985403,0.7084336547222841,-1.1730410318439182,-0.27986016484131826,-0.12459000680439548,0.9381738431236107,2
0.05279758279323938,-0.3599988730018127,-0.34283420437907763,-0.3720351949613681,-0.42477219371265235,-0.36947481927937725,-0.3005301353349685,-0.34562363251582434,-0.2787860242320479,-0.5046531526292226,-0.1889043044961856,-0.34195476764483496,-0.27986016484131826,-0.12459000680439548,0.06316909981819177,1
0.8116015514364405,-0.3599988730018127,-0.34283420437907763,-0.3720351949613681,0.4505000071976035,1.3724478716182575,1.3715478803254724,0.5006579663412959,-0.2787860242320479,-0.5046531526292226,0.7084336547222841,-0.34195476764483496,-0.27986016484131826,-0.12459000680439548,1.8131785864290297,1
0.05279758279323938,1.4159942178659093,-1.2242858659207403,-1.2618546338524181,1.3257722081078593,1.3724478716182575,1.3715478803254724,-1.1919052313729446,-1.143498120670705,-1.380856099643104,-1.0862422637146554,-0.34195476764483496,-0.27986016484131826,-0.12459000680439548,0.06316909981819177,1
1.5704055200796414,1.4159942178659093,1.4200691187042478,1.4076036828207321,1.3257722081078593,1.3724478716182575,1.3715478803254724,1.346939565198416,1.4506381686452665,1.2477527413985403,1.6057716139407539,0.4891314965542483,1.5013730442169235,1.7064779362078242,1.8131785864290297,2
-0.7060063858499618,-1.2479954184356736,-1.2242858659207403,0.517784243929682,-0.42477219371265235,-0.36947481927937725,-1.136569143165189,-1.1919052313729446,-0.2787860242320479,-0.5046531526292226,-0.1889043044961856,-0.34195476764483496,0.6107564396878027,-1.0401239783105054,-0.8118356434872271,1
0.05279758279323938,0.5279976724320483,0.538617457162585,-0.3720351949613681,-0.42477219371265235,0.5014865261694402,-0.3005301353349685,1.346939565198416,-1.143498120670705,1.2477527413985403,-0.1889043044961856,-0.34195476764483496,-0.27986016484131826,1.7064779362078242,0.06316909981819177,1
0.05279758279323938,1.4159942178659093,0.538617457162585,0.517784243929682,-0.42477219371265235,-0.36947481927937725,0.5355088724952519,1.346939565198416,0.5859260722066093,-0.5046531526292226,0.7084336547222841,0.4891314965542483,0.6107564396878027,-0.12459000680439548,0.06316909981819177,1
0.05279758279323938,-0.3599988730018127,-0.34283420437907763,-0.3720351949613681,0.4505000071976035,-0.36947481927937725,0.5355088724952519,0.5006579663412959,-0.2787860242320479,-1.380856099643104,-1.0862422637146554,-0.34195476764483496,-1.1704767693704392,-1.0401239783105054,0.06316909981819177,1
0.8116015514364405,-0.3599988730018127,-0.34283420437907763,0.517784243929682,-0.42477219371265235,-0.36947481927937725,0.5355088724952519,0.5006579663412959,0.5859260722066093,1.2477527413985403,1.6057716139407539,-0.34195476764483496,-0.27986016484131826,0.7909439647017144,1.8131785864290297,1
0.05279758279323938,-1.2479954184356736,-0.34283420437907763,0.517784243929682,-0.42477219371265235,-0.36947481927937725,-0.3005301353349685,-0.34562363251582434,-0.2787860242320479,-1.380856099643104,-0.1889043044961856,-0.34195476764483496,-1.1704767693704392,-0.12459000680439548,0.06316909981819177,1
1.5704055200796414,1.4159942178659093,1.4200691187042478,1.4076036828207321,1.3257722081078593,1.3724478716182575,1.3715478803254724,1.346939565198416,1.4506381686452665,1.2477527413985403,1.6057716139407539,1.3202177607533314,1.5013730442169235,1.7064779362078242,1.8131785864290297,2
0.05279758279323938,0.5279976724320483,1.4200691187042478,0.517784243929682,0.4505000071976035,0.5014865261694402,1.3715478803254724,0.5006579663412959,0.5859260722066093,0.37154979438465885,0.7084336547222841,0.4891314965542483,0.6107564396878027,0.7909439647017144,0.9381738431236107,2
0.05279758279323938,-0.3599988730018127,-0.34283420437907763,-0.3720351949613681,-0.42477219371265235,-0.36947481927937725,-0.3005301353349685,-0.34562363251582434,-0.2787860242320479,-0.5046531526292226,-1.0862422637146554,-0.34195476764483496,-0.27986016484131826,-0.12459000680439548,-0.8118356434872271,1
0.05279758279323938,-0.3599988730018127,-0.34283420437907763,-0.3720351949613681,0.4505000071976035,-0.36947481927937725,-0.3005301353349685,-0.34562363251582434,-0.2787860242320479,0.37154979438465885,0.7084336547222841,1.3202177607533314,-0.27986016484131826,-0.12459000680439548,0.06316909981819177,1
0.8116015514364405,0.5279976724320483,0.538617457162585,0.517784243929682,1.3257722081078593,1.3724478716182575,1.3715478803254724,0.5006579663412959,0.5859260722066093,0.37154979438465885,0.7084336547222841,0.4891314965542483,0.6107564396878027,0.7909439647017144,0.9381738431236107,2
1.5704055200796414,1.4159942178659093,1.4200691187042478,1.4076036828207321,1.3257722081078593,1.3724478716182575,1.3715478803254724,1.346939565198416,1.4506381686452665,1.2477527413985403,1.6057716139407539,1.3202177607533314,1.5013730442169235,1.7064779362078242,1.8131785864290297,2
0.05279758279323938,0.5279976724320483,1.4200691187042478,1.4076036828207321,0.4505000071976035,0.5014865261694402,1.3715478803254724,1.346939565198416,1.4506381686452665,1.2477527413985403,1.6057716139407539,1.3202177607533314,1.5013730442169235,1.7064779362078242,0.9381738431236107,2
-1.4648103544931628,-1.2479954184356736,-1.2242858659207403,-0.3720351949613681,-1.300044394622908,-1.2404361647281947,-1.136569143165189,-1.1919052313729446,-1.143498120670705,-1.380856099643104,-1.0862422637146554,-1.1730410318439182,-1.1704767693704392,-1.0401239783105054,-0.8118356434872271,0
0.05279758279323938,-0.3599988730018127,-0.34283420437907763,-0.3720351949613681,-0.42477219371265235,-0.36947481927937725,-0.3005301353349685,-0.34562363251582434,-0.2787860242320479,-0.5046531526292226,-0.1889043044961856,-0.34195476764483496,-0.27986016484131826,-0.12459000680439548,-0.8118356434872271,1
-0.7060063858499618,0.5279976724320483,-1.2242858659207403,-0.3720351949613681,-0.42477219371265235,1.3724478716182575,-0.3005301353349685,-0.34562363251582434,0.5859260722066093,1.2477527413985403,-1.0862422637146554,-0.34195476764483496,-0.27986016484131826,-0.12459000680439548,-0.8118356434872271,1
1.5704055200796414,1.4159942178659093,0.538617457162585,1.4076036828207321,1.3257722081078593,-0.36947481927937725,1.3715478803254724,1.346939565198416,1.4506381686452665,1.2477527413985403,1.6057716139407539,1.3202177607533314,0.6107564396878027,1.7064779362078242,1.8131785864290297,2
0.05279758279323938,-0.3599988730018127,0.538617457162585,-0.3720351949613681,-0.42477219371265235,-0.36947481927937725,-1.136569143165189,-1.1919052313729446,-0.2787860242320479,0.37154979438465885,-1.0862422637146554,-1.1730410318439182,-0.27986016484131826,0.7909439647017144,-0.8118356434872271,1
0.05279758279323938,-0.3599988730018127,-0.34283420437907763,-0.3720351949613681,-0.42477219371265235,-1.2404361647281947,-0.3005301353349685,-0.34562363251582434,-0.2787860242320479,-0.5046531526292226,-0.1889043044961856,-0.34195476764483496,-0.27986016484131826,-0.12459000680439548,0.06316909981819177,1
0.05279758279323938,-1.2479954184356736,1.4200691187042478,1.4076036828207321,-0.42477219371265235,1.3724478716182575,1.3715478803254724,0.5006579663412959,0.5859260722066093,-0.5046531526292226,-0.1889043044961856,-1.1730410318439182,-1.1704767693704392,-0.12459000680439548,-0.8118356434872271,1
1.5704055200796414,0.5279976724320483,0.538617457162585,1.4076036828207321,0.4505000071976035,1.3724478716182575,0.5355088724952519,0.5006579663412959,1.4506381686452665,1.2477527413985403,1.6057716139407539,0.4891314965542483,0.6107564396878027,0.7909439647017144,0.06316909981819177,2
0.8116015514364405,-0.3599988730018127,-0.34283420437907763,-0.3720351949613681,-0.42477219371265235,-0.36947481927937725,-0.3005301353349685,-0.34562363251582434,-0.2787860242320479,0.37154979438465885,-0.1889043044961856,-0.34195476764483496,-0.27986016484131826,-0.12459000680439548,0.06316909981819177,1
0.8116015514364405,1.4159942178659093,-0.34283420437907763,1.4076036828207321,1.3257722081078593,1.3724478716182575,1.3715478803254724,1.346939565198416,1.4506381686452665,1.2477527413985403,1.6057716139407539,1.3202177607533314,1.5013730442169235,1.7064779362078242,1.8131785864290297,2
0.8116015514364405,0.5279976724320483,-1.2242858659207403,0.517784243929682,1.3257722081078593,0.5014865261694402,-0.3005301353349685,0.5006579663412959,1.4506381686452665,1.2477527413985403,0.7084336547222841,0.4891314965542483,1.5013730442169235,1.7064779362078242,-0.8118356434872271,2
1.5704055200796414,0.5279976724320483,-1.2242858659207403,-1.2618546338524181,0.4505000071976035,1.3724478716182575,-0.3005301353349685,0.5006579663412959,-0.2787860242320479,0.37154979438465885,-0.1889043044961856,0.4891314965542483,-0.27986016484131826,0.7909439647017144,0.06316909981819177,1
-0.7060063858499618,0.5279976724320483,-0.34283420437907763,0.517784243929682,1.3257722081078593,0.5014865261694402,0.5355088724952519,-0.34562363251582434,0.5859260722066093,-0.5046531526292226,-0.1889043044961856,-0.34195476764483496,0.6107564396878027,0.7909439647017144,-0.8118356434872271,1
1.5704055200796414,0.5279976724320483,0.538617457162585,1.4076036828207321,0.4505000071976035,-0.36947481927937725,0.5355088724952519,0.5006579663412959,-1.143498120670705,1.2477527413985403,1.6057716139407539,0.4891314965542483,-0.27986016484131826,-0.12459000680439548,0.06316909981819177,2
0.8116015514364405,1.4159942178659093,1.4200691187042478,1.4076036828207321,1.3257722081078593,1.3724478716182575,1.3715478803254724,0.5006579663412959,-0.2787860242320479,0.37154979438465885,1.6057716139407539,1.3202177607533314,1.5013730442169235,1.7064779362078242,-0.8118356434872271,2
0.05279758279323938,0.5279976724320483,0.538617457162585,0.517784243929682,0.4505000071976035,0.5014865261694402,0.5355088724952519,0.5006579663412959,0.5859260722066093,0.37154979438465885,0.7084336547222841,0.4891314965542483,0.6107564396878027,0.7909439647017144,-0.8118356434872271,1
0.05279758279323938,1.4159942178659093,1.4200691187042478,1.4076036828207321,1.3257722081078593,1.3724478716182575,1.3715478803254724,0.5006579663412959,-0.2787860242320479,1.2477527413985403,1.6057716139407539,1.3202177607533314,-0.27986016484131826,1.7064779362078242,1.8131785864290297,2
0.05279758279323938,-0.3599988730018127,-0.34283420437907763,0.517784243929682,1.3257722081078593,-1.2404361647281947,-0.3005301353349685,-0.34562363251582434,-0.2787860242320479,-0.5046531526292226,-1.0862422637146554,-1.1730410318439182,-0.27986016484131826,-0.12459000680439548,-0.8118356434872271,1
0.05279758279323938,-0.3599988730018127,-0.34283420437907763,-0.3720351949613681,-0.42477219371265235,-0.36947481927937725,-0.3005301353349685,-0.34562363251582434,0.5859260722066093,0.37154979438465885,-0.1889043044961856,-1.1730410318439182,-0.27986016484131826,-1.0401239783105054,-0.8118356434872271,1
0.05279758279323938,-0.3599988730018127,0.538617457162585,0.517784243929682,0.4505000071976035,0.5014865261694402,0.5355088724952519,-0.34562363251582434,-0.2787860242320479,-0.5046531526292226,-0.1889043044961856,-0.34195476764483496,-0.27986016484131826,-0.12459000680439548,0.06316909981819177,1
0.05279758279323938,1.4159942178659093,-0.34283420437907763,-0.3720351949613681,-0.42477219371265235,-0.36947481927937725,-1.136569143165189,-0.34562363251582434,-0.2787860242320479,-0.5046531526292226,-0.1889043044961856,-1.1730410318439182,-1.1704767693704392,-1.0401239783105054,-0.8118356434872271,1
0.05279758279323938,-1.2479954184356736,-1.2242858659207403,-1.2618546338524181,-1.300044394622908,-1.2404361647281947,-1.136569143165189,-0.34562363251582434,-0.2787860242320479,-0.5046531526292226,-0.1889043044961856,-0.34195476764483496,-0.27986016484131826,-0.12459000680439548,0.06316909981819177,1
-0.7060063858499618,-0.3599988730018127,-0.34283420437907763,-0.3720351949613681,-0.42477219371265235,-0.36947481927937725,-0.3005301353349685,-0.34562363251582434,-0.2787860242320479,-0.5046531526292226,-0.1889043044961856,-0.34195476764483496,-0.27986016484131826,-0.12459000680439548,-0.8118356434872271,1
0.05279758279323938,-1.2479954184356736,-0.34283420437907763,-1.2618546338524181,-0.42477219371265235,0.5014865261694402,-1.136569143165189,-1.1919052313729446,-1.143498120670705,-0.5046531526292226,-1.0862422637146554,-1.1730410318439182,-0.27986016484131826,-1.0401239783105054,-0.8118356434872271,0
0.05279758279323938,0.5279976724320483,0.538617457162585,0.517784243929682,1.3257722081078593,-0.36947481927937725,-0.3005301353349685,1.346939565198416,-0.2787860242320479,-0.5046531526292226,-0.1889043044961856,-0.34195476764483496,0.6107564396878027,-0.12459000680439548,-0.8118356434872271,1
0.05279758279323938,0.5279976724320483,1.4200691187042478,1.4076036828207321,1.3257722081078593,0.5014865261694402,-0.3005301353349685,0.5006579663412959,0.5859260722066093,0.37154979438465885,0.7084336547222841,0.4891314965542483,0.6107564396878027,0.7909439647017144,0.06316909981819177,2
0.8116015514364405,-0.3599988730018127,1.4200691187042478,0.517784243929682,0.4505000071976035,1.3724478716182575,0.5355088724952519,0.5006579663412959,-0.2787860242320479,1.2477527413985403,1.6057716139407539,1.3202177607533314,0.6107564396878027,0.7909439647017144,-0.8118356434872271,2
1.5704055200796414,1.4159942178659093,1.4200691187042478,1.4076036828207321,1.3257722081078593,1.3724478716182575,1.3715478803254724,1.346939565198416,1.4506381686452665,1.2477527413985403,1.6057716139407539,1.3202177607533314,1.5013730442169235,1.7064779362078242,1.8131785864290297,2
0.05279758279323938,0.5279976724320483,0.538617457162585,0.517784243929682,0.4505000071976035,0.5014865261694402,0.5355088724952519,0.5006579663412959,0.5859260722066093,0.37154979438465885,0.7084336547222841,0.4891314965542483,0.6107564396878027,0.7909439647017144,0.9381738431236107,1
1.5704055200796414,1.4159942178659093,1.4200691187042478,1.4076036828207321,1.3257722081078593,1.3724478716182575,1.3715478803254724,1.346939565198416,-0.2787860242320479,1.2477527413985403,1.6057716139407539,1.3202177607533314,1.5013730442169235,1.7064779362078242,-0.8118356434872271,2
0.05279758279323938,-0.3599988730018127,0.538617457162585,0.517784243929682,-0.42477219371265235,0.5014865261694402,0.5355088724952519,-0.34562363251582434,-0.2787860242320479,-0.5046531526292226,-0.1889043044961856,-0.34195476764483496,-0.27986016484131826,-0.12459000680439548,0.06316909981819177,1
0.8116015514364405,1.4159942178659093,1.4200691187042478,0.517784243929682,1.3257722081078593,1.3724478716182575,1.3715478803254724,1.346939565198416,0.5859260722066093,0.37154979438465885,0.7084336547222841,1.3202177607533314,0.6107564396878027,0.7909439647017144,1.8131785864290297,2
0.05279758279323938,-0.3599988730018127,-0.34283420437907763,-0.3720351949613681,-0.42477219371265235,-0.36947481927937725,-0.3005301353349685,-1.1919052313729446,-1.143498120670705,-1.380856099643104,-1.0862422637146554,-1.1730410318439182,-1.1704767693704392,-1.0401239783105054,-0.8118356434872271,1
0.8116015514364405,1.4159942178659093,1.4200691187042478,1.4076036828207321,1.3257722081078593,0.5014865261694402,1.3715478803254724,1.346939565198416,-0.2787860242320479,0.37154979438465885,-0.1889043044961856,0.4891314965542483,1.5013730442169235,-0.12459000680439548,-0.8118356434872271,2
1.5704055200796414,1.4159942178659093,1.4200691187042478,1.4076036828207321,0.4505000071976035,-0.36947481927937725,1.3715478803254724,1.346939565198416,1.4506381686452665,1.2477527413985403,1.6057716139407539,1.3202177607533314,-1.1704767693704392,1.7064779362078242,0.9381738431236107,2
0.05279758279323938,0.5279976724320483,0.538617457162585,0.517784243929682,0.4505000071976035,0.5014865261694402,0.5355088724952519,0.5006579663412959,1.4506381686452665,1.2477527413985403,-0.1889043044961856,1.3202177607533314,1.5013730442169235,0.7909439647017144,1.8131785864290297,1
1.5704055200796414,1.4159942178659093,1.4200691187042478,0.517784243929682,1.3257722081078593,1.3724478716182575,1.3715478803254724,1.346939565198416,-0.2787860242320479,1.2477527413985403,-0.1889043044961856,1.3202177607533314,-0.27986016484131826,-0.12459000680439548,0.9381738431236107,2
0.05279758279323938,-0.3599988730018127,0.538617457162585,0.517784243929682,0.4505000071976035,0.5014865261694402,0.5355088724952519,-0.34562363251582434,0.5859260722066093,0.37154979438465885,-0.1889043044961856,0.4891314965542483,0.6107564396878027,0.7909439647017144,-0.8118356434872271,1
1.5704055200796414,1.4159942178659093,1.4200691187042478,1.4076036828207321,1.3257722081078593,1.3724478716182575,1.3715478803254724,1.346939565198416,1.4506381686452665,1.2477527413985403,1.6057716139407539,1.3202177607533314,1.5013730442169235,1.7064779362078242,-0.8118356434872271,2
-0.7060063858499618,-1.2479954184356736,-1.2242858659207403,-0.3720351949613681,-0.42477219371265235,0.5014865261694402,-0.3005301353349685,-1.1919052313729446,-1.143498120670705,-1.380856099643104,-0.1889043044961856,-0.34195476764483496,0.6107564396878027,-0.12459000680439548,-0.8118356434872271,1
0.05279758279323938,1.4159942178659093,1.4200691187042478,1.4076036828207321,1.3257722081078593,1.3724478716182575,1.3715478803254724,1.346939565198416,1.4506381686452665,1.2477527413985403,1.6057716139407539,1.3202177607533314,1.5013730442169235,1.7064779362078242,0.06316909981819177,2
1.5704055200796414,1.4159942178659093,1.4200691187042478,0.517784243929682,1.3257722081078593,1.3724478716182575,0.5355088724952519,0.5006579663412959,0.5859260722066093,0.37154979438465885,0.7084336547222841,1.3202177607533314,-0.27986016484131826,-0.12459000680439548,1.8131785864290297,2
1.5704055200796414,1.4159942178659093,0.538617457162585,1.4076036828207321,1.3257722081078593,1.3724478716182575,1.3715478803254724,1.346939565198416,0.5859260722066093,1.2477527413985403,0.7084336547222841,1.3202177607533314,1.5013730442169235,1.7064779362078242,0.9381738431236107,2
0.05279758279323938,0.5279976724320483,0.538617457162585,0.517784243929682,0.4505000071976035,-0.36947481927937725,-0.3005301353349685,-0.34562363251582434,0.5859260722066093,0.37154979438465885,0.7084336547222841,-1.1730410318439182,-0.27986016484131826,-1.0401239783105054,-0.8118356434872271,1
0.05279758279323938,-0.3599988730018127,0.538617457162585,-0.3720351949613681,0.4505000071976035,0.5014865261694402,0.5355088724952519,-0.34562363251582434,-0.2787860242320479,0.37154979438465885,0.7084336547222841,0.4891314965542483,0.6107564396878027,0.7909439647017144,0.9381738431236107,1
-0.7060063858499618,-0.3599988730018127,-0.34283420437907763,-0.3720351949613681,1.3257722081078593,-0.36947481927937725,-0.3005301353349685,-0.34562363251582434,0.5859260722066093,1.2477527413985403,-0.1889043044961856,-0.34195476764483496,-0.27986016484131826,-0.12459000680439548,-0.8118356434872271,1
0.8116015514364405,1.4159942178659093,0.538617457162585,0.517784243929682,0.4505000071976035,-0.36947481927937725,-0.3005301353349685,-0.34562363251582434,0.5859260722066093,0.37154979438465885,1.6057716139407539,-0.34195476764483496,0.6107564396878027,0.7909439647017144,0.06316909981819177,2
0.8116015514364405,-0.3599988730018127,-0.34283420437907763,0.517784243929682,0.4505000071976035,-1.2404361647281947,-1.136569143165189,-0.34562363251582434,-1.143498120670705,0.37154979438465885,-1.0862422637146554,-1.1730410318439182,-1.1704767693704392,-1.0401239783105054,-0.8118356434872271,1
0.8116015514364405,-0.3599988730018127,0.538617457162585,0.517784243929682,1.3257722081078593,-0.36947481927937725,0.5355088724952519,0.5006579663412959,1.4506381686452665,0.37154979438465885,0.7084336547222841,1.3202177607533314,-0.27986016484131826,0.7909439647017144,-0.8118356434872271,2
0.8116015514364405,0.5279976724320483,0.538617457162585,0.517784243929682,0.4505000071976035,0.5014865261694402,0.5355088724952519,0.5006579663412959,1.4506381686452665,0.37154979438465885,0.7084336547222841,1.3202177607533314,0.6107564396878027,0.7909439647017144,1.8131785864290297,1
1.5704055200796414,1.4159942178659093,1.4200691187042478,1.4076036828207321,1.3257722081078593,1.3724478716182575,1.3715478803254724,1.346939565198416,1.4506381686452665,1.2477527413985403,1.6057716139407539,1.3202177607533314,-0.27986016484131826,1.7064779362078242,-0.8118356434872271,2
0.05279758279323938,-1.2479954184356736,1.4200691187042478,0.517784243929682,-0.42477219371265235,1.3724478716182575,-0.3005301353349685,-0.34562363251582434,-0.2787860242320479,0.37154979438465885,-0.1889043044961856,1.3202177607533314,-0.27986016484131826,0.7909439647017144,1.8131785864290297,1
0.05279758279323938,0.5279976724320483,0.538617457162585,0.517784243929682,0.4505000071976035,0.5014865261694402,0.5355088724952519,-0.34562363251582434,-0.2787860242320479,-0.5046531526292226,-0.1889043044961856,-0.34195476764483496,-0.27986016484131826,-0.12459000680439548,0.06316909981819177,1
1.5704055200796414,0.5279976724320483,-0.34283420437907763,0.517784243929682,0.4505000071976035,-0.36947481927937725,1.3715478803254724,1.346939565198416,0.5859260722066093,1.2477527413985403,-0.1889043044961856,1.3202177607533314,0.6107564396878027,-0.12459000680439548,1.8131785864290297,2
0.05279758279323938,-0.3599988730018127,-0.34283420437907763,-0.3720351949613681,0.4505000071976035,-0.36947481927937725,0.5355088724952519,-0.34562363251582434,-1.143498120670705,-0.5046531526292226,-0.1889043044961856,-0.34195476764483496,0.6107564396878027,-0.12459000680439548,-0.8118356434872271,1
0.05279758279323938,0.5279976724320483,0.538617457162585,0.517784243929682,1.3257722081078593,1.3724478716182575,1.3715478803254724,1.346939565198416,-0.2787860242320479,1.2477527413985403,1.6057716139407539,1.3202177607533314,0.6107564396878027,0.7909439647017144,0.06316909981819177,2
0.8116015514364405,0.5279976724320483,1.4200691187042478,1.4076036828207321,1.3257722081078593,1.3724478716182575,1.3715478803254724,1.346939565198416,-0.2787860242320479,1.2477527413985403,1.6057716139407539,1.3202177607533314,1.5013730442169235,-0.12459000680439548,1.8131785864290297,2
-0.7060063858499618,0.5279976724320483,0.538617457162585,1.4076036828207321,0.4505000071976035,0.5014865261694402,-0.3005301353349685,0.5006579663412959,0.5859260722066093,0.37154979438465885,1.6057716139407539,0.4891314965542483,-0.27986016484131826,-0.12459000680439548,-0.8118356434872271,1
1.5704055200796414,1.4159942178659093,0.538617457162585,1.4076036828207321,0.4505000071976035,0.5014865261694402,0.5355088724952519,0.5006579663412959,-0.2787860242320479,0.37154979438465885,-0.1889043044961856,1.3202177607533314,-1.1704767693704392,-1.0401239783105054,-0.8118356434872271,2
0.05279758279323938,1.4159942178659093,1.4200691187042478,-0.3720351949613681,0.4505000071976035,0.5014865261694402,0.5355088724952519,0.5006579663412959,1.4506381686452665,1.2477527413985403,1.6057716139407539,1.3202177607533314,1.5013730442169235,1.7064779362078242,1.8131785864290297,2
0.05279758279323938,-0.3599988730018127,0.538617457162585,-0.3720351949613681,0.4505000071976035,-0.36947481927937725,0.5355088724952519,-0.34562363251582434,-0.2787860242320479,0.37154979438465885,0.7084336547222841,0.4891314965542483,-0.27986016484131826,-0.12459000680439548,-0.8118356434872271,1
-0.7060063858499618,1.4159942178659093,1.4200691187042478,1.4076036828207321,0.4505000071976035,-0.36947481927937725,1.3715478803254724,1.346939565198416,1.4506381686452665,1.2477527413985403,1.6057716139407539,1.3202177607533314,1.5013730442169235,1.7064779362078242,1.8131785864290297,2
-1.4648103544931628,1.4159942178659093,1.4200691187042478,1.4076036828207321,1.3257722081078593,1.3724478716182575,1.3715478803254724,1.346939565198416,1.4506381686452665,1.2477527413985403,1.6057716139407539,1.3202177607533314,1.5013730442169235,1.7064779362078242,1.8131785864290297,2
0.05279758279323938,-0.3599988730018127,-0.34283420437907763,0.517784243929682,-0.42477219371265235,0.5014865261694402,-0.3005301353349685,-0.34562363251582434,-0.2787860242320479,0.37154979438465885,0.7084336547222841,-0.34195476764483496,0.6107564396878027,0.7909439647017144,-0.8118356434872271,1
0.05279758279323938,-0.3599988730018127,-0.34283420437907763,-0.3720351949613681,-0.42477219371265235,-0.36947481927937725,-0.3005301353349685,-1.1919052313729446,-1.143498120670705,-1.380856099643104,-1.0862422637146554,-0.34195476764483496,-1.1704767693704392,-1.0401239783105054,-0.8118356434872271,1
-1.4648103544931628,-1.2479954184356736,-1.2242858659207403,-1.2618546338524181,-1.300044394622908,-1.2404361647281947,-1.136569143165189,-1.1919052313729446,-1.143498120670705,-1.380856099643104,-1.0862422637146554,-1.1730410318439182,-0.27986016484131826,-1.0401239783105054,-0.8118356434872271,0
0.8116015514364405,0.5279976724320483,1.4200691187042478,1.4076036828207321,1.3257722081078593,1.3724478716182575,1.3715478803254724,1.346939565198416,1.4506381686452665,1.2477527413985403,-1.0862422637146554,1.3202177607533314,1.5013730442169235,1.7064779362078242,1.8131785864290297,2
0.05279758279323938,-1.2479954184356736,-1.2242858659207403,-1.2618546338524181,-1.300044394622908,-1.2404361647281947,-1.136569143165189,1.346939565198416,1.4506381686452665,1.2477527413985403,1.6057716139407539,1.3202177607533314,1.5013730442169235,1.7064779362078242,1.8131785864290297,2
1.5704055200796414,1.4159942178659093,1.4200691187042478,1.4076036828207321,1.3257722081078593,1.3724478716182575,1.3715478803254724,1.346939565198416,1.4506381686452665,1.2477527413985403,-0.1889043044961856,1.3202177607533314,1.5013730442169235,0.7909439647017144,0.9381738431236107,2
0.05279758279323938,-0.3599988730018127,0.538617457162585,0.517784243929682,0.4505000071976035,0.5014865261694402,-1.136569143165189,0.5006579663412959,-0.2787860242320479,0.37154979438465885,0.7084336547222841,-1.1730410318439182,-1.1704767693704392,-1.0401239783105054,-0.8118356434872271,1
0.05279758279323938,-0.3599988730018127,1.4200691187042478,-0.3720351949613681,1.3257722081078593,-0.36947481927937725,1.3715478803254724,-0.34562363251582434,1.4506381686452665,1.2477527413985403,0.7084336547222841,0.4891314965542483,-0.27986016484131826,-1.0401239783105054,-0.8118356434872271,1
1.5704055200796414,1.4159942178659093,1.4200691187042478,1.4076036828207321,1.3257722081078593,1.3724478716182575,1.3715478803254724,1.346939565198416,1.4506381686452665,1.2477527413985403,1.6057716139407539,1.3202177607533314,1.5013730442169235,1.7064779362078242,1.8131785864290297,2
0.8116015514364405,0.5279976724320483,-1.2242858659207403,1.4076036828207321,1.3257722081078593,1.3724478716182575,-0.3005301353349685,1.346939565198416,-0.2787860242320479,0.37154979438465885,-0.1889043044961856,1.3202177607533314,1.5013730442169235,1.7064779362078242,0.06316909981819177,2
0.8116015514364405,1.4159942178659093,0.538617457162585,1.4076036828207321,1.3257722081078593,0.5014865261694402,0.5355088724952519,1.346939565198416,0.5859260722066093,0.37154979438465885,-0.1889043044961856,0.4891314965542483,0.6107564396878027,-0.12459000680439548,0.9381738431236107,2
1.5704055200796414,1.4159942178659093,0.538617457162585,1.4076036828207321,1.3257722081078593,0.5014865261694402,1.3715478803254724,1.346939565198416,1.4506381686452665,1.2477527413985403,1.6057716139407539,1.3202177607533314,0.6107564396878027,1.7064779362078242,1.8131785864290297,2
0.05279758279323938,-0.3599988730018127,-0.34283420437907763,-0.3720351949613681,-0.42477219371265235,-0.36947481927937725,-0.3005301353349685,-0.34562363251582434,-0.2787860242320479,-0.5046531526292226,-0.1889043044961856,-0.34195476764483496,-0.27986016484131826,-0.12459000680439548,0.06316909981819177,1
1.5704055200796414,0.5279976724320483,0.538617457162585,0.517784243929682,0.4505000071976035,1.3724478716182575,1.3715478803254724,1.346939565198416,1.4506381686452665,1.2477527413985403,1.6057716139407539,1.3202177607533314,1.5013730442169235,1.7064779362078242,1.8131785864290297,2
1.5704055200796414,1.4159942178659093,1.4200691187042478,1.4076036828207321,1.3257722081078593,1.3724478716182575,1.3715478803254724,1.346939565198416,-0.2787860242320479,1.2477527413985403,0.7084336547222841,1.3202177607533314,1.5013730442169235,0.7909439647017144,1.8131785864290297,2
1.5704055200796414,0.5279976724320483,0.538617457162585,0.517784243929682,0.4505000071976035,0.5014865261694402,0.5355088724952519,0.5006579663412959,1.4506381686452665,1.2477527413985403,-1.0862422637146554,1.3202177607533314,1.5013730442169235,-1.0401239783105054,-0.8118356434872271,2
-1.4648103544931628,0.5279976724320483,-0.34283420437907763,0.517784243929682,-0.42477219371265235,-0.36947481927937725,0.5355088724952519,-0.34562363251582434,-0.2787860242320479,-0.5046531526292226,-0.1889043044961856,-0.34195476764483496,-0.27986016484131826,-0.12459000680439548,0.06316909981819177,1
1.5704055200796414,0.5279976724320483,0.538617457162585,-0.3720351949613681,0.4505000071976035,-0.36947481927937725,0.5355088724952519,0.5006579663412959,-0.2787860242320479,0.37154979438465885,-0.1889043044961856,0.4891314965542483,-0.27986016484131826,0.7909439647017144,0.06316909981819177,1
0.8116015514364405,0.5279976724320483,1.4200691187042478,1.4076036828207321,1.3257722081078593,0.5014865261694402,1.3715478803254724,1.346939565198416,1.4506381686452665,1.2477527413985403,-0.1889043044961856,1.3202177607533314,-0.27986016484131826,1.7064779362078242,0.9381738431236107,2
0.8116015514364405,0.5279976724320483,-0.34283420437907763,-0.3720351949613681,1.3257722081078593,-0.36947481927937725,1.3715478803254724,-0.34562363251582434,0.5859260722066093,0.37154979438465885,-1.0862422637146554,1.3202177607533314,1.5013730442169235,-0.12459000680439548,-0.8118356434872271,1
0.8116015514364405,1.4159942178659093,1.4200691187042478,1.4076036828207321,0.4505000071976035,0.5014865261694402,1.3715478803254724,1.346939565198416,1.4506381686452665,1.2477527413985403,1.6057716139407539,1.3202177607533314,1.5013730442169235,1.7064779362078242,1.8131785864290297,2
0.05279758279323938,-0.3599988730018127,-0.34283420437907763,-0.3720351949613681,-0.42477219371265235,-0.36947481927937725,-0.3005301353349685,-1.1919052313729446,-1.143498120670705,-0.5046531526292226,-0.1889043044961856,-1.1730410318439182,-0.27986016484131826,-0.12459000680439548,-0.8118356434872271,1
0.8116015514364405,-0.3599988730018127,1.4200691187042478,1.4076036828207321,1.3257722081078593,1.3724478716182575,1.3715478803254724,1.346939565198416,1.4506381686452665,1.2477527413985403,0.7084336547222841,1.3202177607533314,0.6107564396878027,1.7064779362078242,0.06316909981819177,2
-1.4648103544931628,0.5279976724320483,-0.34283420437907763,-0.3720351949613681,-0.42477219371265235,-0.36947481927937725,-0.3005301353349685,-0.34562363251582434,-0.2787860242320479,-0.5046531526292226,-0.1889043044961856,-0.34195476764483496,-1.1704767693704392,-0.12459000680439548,-0.8118356434872271,1
-0.7060063858499618,-0.3599988730018127,0.538617457162585,0.517784243929682,0.4505000071976035,0.5014865261694402,-0.3005301353349685,-0.34562363251582434,0.5859260722066093,-0.5046531526292226,-0.1889043044961856,-0.34195476764483496,-0.27986016484131826,-0.12459000680439548,-0.8118356434872271,1
0.05279758279323938,-0.3599988730018127,0.538617457162585,0.517784243929682,0.4505000071976035,0.5014865261694402,0.5355088724952519,-0.34562363251582434,-0.2787860242320479,0.37154979438465885,0.7084336547222841,0.4891314965542483,0.6107564396878027,0.7909439647017144,0.9381738431236107,1
0.8116015514364405,1.4159942178659093,1.4200691187042478,1.4076036828207321,1.3257722081078593,1.3724478716182575,1.3715478803254724,1.346939565198416,1.4506381686452665,1.2477527413985403,-0.1889043044961856,1.3202177607533314,1.5013730442169235,-0.12459000680439548,0.06316909981819177,2
0.05279758279323938,-0.3599988730018127,0.538617457162585,-0.3720351949613681,0.4505000071976035,1.3724478716182575,0.5355088724952519,-0.34562363251582434,0.5859260722066093,-0.5046531526292226,0.7084336547222841,-0.34195476764483496,1.5013730442169235,-1.0401239783105054,-0.8118356434872271,1
-0.7060063858499618,-1.2479954184356736,-0.34283420437907763,0.517784243929682,-0.42477219371265235,-0.36947481927937725,-1.136569143165189,-0.34562363251582434,-0.2787860242320479,0.37154979438465885,0.7084336547222841,-0.34195476764483496,0.6107564396878027,-1.0401239783105054,-0.8118356434872271,1
0.05279758279323938,-1.2479954184356736,1.4200691187042478,-0.3720351949613681,-0.42477219371265235,1.3724478716182575,-0.3005301353349685,-0.34562363251582434,-1.143498120670705,-0.5046531526292226,-0.1889043044961856,-1.1730410318439182,-0.27986016484131826,-1.0401239783105054,-0.8118356434872271,1
0.8116015514364405,1.4159942178659093,1.4200691187042478,1.4076036828207321,1.3257722081078593,1.3724478716182575,1.3715478803254724,0.5006579663412959,1.4506381686452665,1.2477527413985403,0.7084336547222841,1.3202177607533314,1.5013730442169235,1.7064779362078242,1.8131785864290297,2
1.5704055200796414,1.4159942178659093,1.4200691187042478,1.4076036828207321,1.3257722081078593,1.3724478716182575,1.3715478803254724,1.346939565198416,1.4506381686452665,-1.380856099643104,1.6057716139407539,0.4891314965542483,1.5013730442169235,0.7909439647017144,0.9381738431236107,2
0.05279758279323938,-0.3599988730018127,-0.34283420437907763,-0.3720351949613681,-0.42477219371265235,-0.36947481927937725,-0.3005301353349685,-0.34562363251582434,-0.2787860242320479,-0.5046531526292226,-0.1889043044961856,-0.34195476764483496,-0.27986016484131826,-0.12459000680439548,0.06316909981819177,1
0.05279758279323938,0.5279976724320483,0.538617457162585,0.517784243929682,-0.42477219371265235,0.5014865261694402,0.5355088724952519,0.5006579663412959,-0.2787860242320479,-0.5046531526292226,-1.0862422637146554,0.4891314965542483,-0.27986016484131826,-0.12459000680439548,0.06316909981819177,1
0.8116015514364405,0.5279976724320483,0.538617457162585,0.517784243929682,0.4505000071976035,0.5014865261694402,0.5355088724952519,1.346939565198416,-1.143498120670705,1.2477527413985403,-0.1889043044961856,1.3202177607533314,1.5013730442169235,0.7909439647017144,1.8131785864290297,1
-1.4648103544931628,1.4159942178659093,-0.34283420437907763,-0.3720351949613681,-0.42477219371265235,-0.36947481927937725,-0.3005301353349685,-0.34562363251582434,-0.2787860242320479,-0.5046531526292226,-0.1889043044961856,-0.34195476764483496,-0.27986016484131826,-0.12459000680439548,0.06316909981819177,1
0.8116015514364405,-1.2479954184356736,-1.2242858659207403,-1.2618546338524181,-1.300044394622908,-1.2404361647281947,-1.136569143165189,0.5006579663412959,1.4506381686452665,-0.5046531526292226,1.6057716139407539,0.4891314965542483,1.5013730442169235,1.7064779362078242,0.9381738431236107,2
0.05279758279323938,1.4159942178659093,1.4200691187042478,1.4076036828207321,1.3257722081078593,1.3724478716182575,1.3715478803254724,1.346939565198416,1.4506381686452665,1.2477527413985403,1.6057716139407539,1.3202177607533314,1.5013730442169235,1.7064779362078242,1.8131785864290297,2
-0.7060063858499618,0.5279976724320483,0.538617457162585,0.517784243929682,-0.42477219371265235,-0.36947481927937725,-0.3005301353349685,-0.34562363251582434,-0.2787860242320479,-0.5046531526292226,0.7084336547222841,0.4891314965542483,-0.27986016484131826,-0.12459000680439548,0.06316909981819177,1
0.05279758279323938,-0.3599988730018127,0.538617457162585,-0.3720351949613681,0.4505000071976035,0.5014865261694402,-1.136569143165189,-0.34562363251582434,0.5859260722066093,1.2477527413985403,0.7084336547222841,0.4891314965542483,0.6107564396878027,-0.12459000680439548,-0.8118356434872271,1
0.05279758279323938,-0.3599988730018127,0.538617457162585,0.517784243929682,0.4505000071976035,0.5014865261694402,1.3715478803254724,0.5006579663412959,0.5859260722066093,0.37154979438465885,-0.1889043044961856,1.3202177607533314,0.6107564396878027,0.7909439647017144,-0.8118356434872271,2
1.5704055200796414,1.4159942178659093,1.4200691187042478,0.517784243929682,1.3257722081078593,1.3724478716182575,1.3715478803254724,1.346939565198416,-0.2787860242320479,0.37154979438465885,-0.1889043044961856,1.3202177607533314,-0.27986016484131826,1.7064779362078242,0.06316909981819177,2
0.05279758279323938,-0.3599988730018127,-0.34283420437907763,-0.3720351949613681,-0.42477219371265235,-0.36947481927937725,-0.3005301353349685,-0.34562363251582434,-0.2787860242320479,-0.5046531526292226,-0.1889043044961856,-0.34195476764483496,-0.27986016484131826,-0.12459000680439548,0.06316909981819177,1
1.5704055200796414,1.4159942178659093,-1.2242858659207403,1.4076036828207321,1.3257722081078593,1.3724478716182575,1.3715478803254724,1.346939565198416,-1.143498120670705,1.2477527413985403,1.6057716139407539,1.3202177607533314,1.5013730442169235,1.7064779362078242,-0.8118356434872271,2
0.05279758279323938,-0.3599988730018127,-0.34283420437907763,-1.2618546338524181,-1.300044394622908,-1.2404361647281947,-1.136569143165189,-1.1919052313729446,0.5859260722066093,0.37154979438465885,-0.1889043044961856,-1.1730410318439182,-0.27986016484131826,-0.12459000680439548,-0.8118356434872271,1
0.05279758279323938,-0.3599988730018127,-0.34283420437907763,-0.3720351949613681,-0.42477219371265235,-0.36947481927937725,-0.3005301353349685,-0.34562363251582434,-0.2787860242320479,-0.5046531526292226,-0.1889043044961856,-0.34195476764483496,-0.27986016484131826,-0.12459000680439548,0.06316909981819177,1
0.05279758279323938,0.5279976724320483,-1.2242858659207403,-1.2618546338524181,-1.300044394622908,-0.36947481927937725,-0.3005301353349685,1.346939565198416,-1.143498120670705,1.2477527413985403,-0.1889043044961856,-0.34195476764483496,-1.1704767693704392,1.7064779362078242,1.8131785864290297,2
-1.4648103544931628,0.5279976724320483,-1.2242858659207403,-0.3720351949613681,-1.300044394622908,-1.2404361647281947,-1.136569143165189,-0.34562363251582434,-1.143498120670705,0.37154979438465885,-1.0862422637146554,0.4891314965542483,-1.1704767693704392,-1.0401239783105054,0.9381738431236107,1
0.8116015514364405,-1.2479954184356736,-0.34283420437907763,-0.3720351949613681,-0.42477219371265235,-0.36947481927937725,-0.3005301353349685,-1.1919052313729446,-0.2787860242320479,-0.5046531526292226,-1.0862422637146554,-1.1730410318439182,-1.1704767693704392,-0.12459000680439548,-0.8118356434872271,1
0.8116015514364405,1.4159942178659093,0.538617457162585,1.4076036828207321,1.3257722081078593,1.3724478716182575,1.3715478803254724,-1.1919052313729446,0.5859260722066093,1.2477527413985403,1.6057716139407539,1.3202177607533314,-0.27986016484131826,-1.0401239783105054,-0.8118356434872271,1
-0.7060063858499618,-1.2479954184356736,-0.34283420437907763,-0.3720351949613681,1.3257722081078593,0.5014865261694402,1.3715478803254724,-0.34562363251582434,-1.143498120670705,0.37154979438465885,-1.0862422637146554,-0.34195476764483496,-1.1704767693704392,-0.12459000680439548,-0.8118356434872271,1
0.05279758279323938,1.4159942178659093,1.4200691187042478,1.4076036828207321,-0.42477219371265235,1.3724478716182575,1.3715478803254724,1.346939565198416,1.4506381686452665,1.2477527413985403,-1.0862422637146554,-0.34195476764483496,0.6107564396878027,1.7064779362078242,-0.8118356434872271,2
-0.7060063858499618,-0.3599988730018127,0.538617457162585,-1.2618546338524181,-0.42477219371265235,-0.36947481927937725,-0.3005301353349685,-0.34562363251582434,-0.2787860242320479,-0.5046531526292226,-0.1889043044961856,-0.34195476764483496,-0.27986016484131826,-0.12459000680439548,0.06316909981819177,1
-1.4648103544931628,-1.2479954184356736,-1.2242858659207403,-1.2618546338524181,-1.300044394622908,-1.2404361647281947,-1.136569143165189,-1.1919052313729446,1.4506381686452665,-0.5046531526292226,-1.0862422637146554,-1.1730410318439182,-1.1704767693704392,-1.0401239783105054,-0.8118356434872271,0
0.8116015514364405,0.5279976724320483,0.538617457162585,-0.3720351949613681,-0.42477219371265235,-0.36947481927937725,-1.136569143165189,-0.34562363251582434,0.5859260722066093,0.37154979438465885,-0.1889043044961856,0.4891314965542483,0.6107564396878027,-0.12459000680439548,0.06316909981819177,1
0.8116015514364405,1.4159942178659093,1.4200691187042478,1.4076036828207321,1.3257722081078593,1.3724478716182575,0.5355088724952519,0.5006579663412959,0.5859260722066093,1.2477527413985403,-1.0862422637146554,1.3202177607533314,-0.27986016484131826,1.7064779362078242,-0.8118356434872271,2
0.8116015514364405,-0.3599988730018127,0.538617457162585,1.4076036828207321,1.3257722081078593,1.3724478716182575,0.5355088724952519,0.5006579663412959,-0.2787860242320479,-0.5046531526292226,-0.1889043044961856,0.4891314965542483,-0.27986016484131826,-0.12459000680439548,-0.8118356434872271,1
-0.7060063858499618,-0.3599988730018127,-0.34283420437907763,-0.3720351949613681,-0.42477219371265235,-0.36947481927937725,-0.3005301353349685,-0.34562363251582434,-0.2787860242320479,-0.5046531526292226,-0.1889043044961856,-0.34195476764483496,-0.27986016484131826,-0.12459000680439548,0.06316909981819177,1
-0.7060063858499618,0.5279976724320483,-0.34283420437907763,-0.3720351949613681,0.4505000071976035,0.5014865261694402,-0.3005301353349685,-0.34562363251582434,0.5859260722066093,-0.5046531526292226,-0.1889043044961856,0.4891314965542483,0.6107564396878027,-0.12459000680439548,0.9381738431236107,1
0.05279758279323938,0.5279976724320483,0.538617457162585,0.517784243929682,0.4505000071976035,0.5014865261694402,0.5355088724952519,0.5006579663412959,0.5859260722066093,0.37154979438465885,0.7084336547222841,0.4891314965542483,0.6107564396878027,0.7909439647017144,0.9381738431236107,1
0.8116015514364405,0.5279976724320483,1.4200691187042478,1.4076036828207321,1.3257722081078593,1.3724478716182575,1.3715478803254724,1.346939565198416,1.4506381686452665,1.2477527413985403,1.6057716139407539,1.3202177607533314,1.5013730442169235,1.7064779362078242,1.8131785864290297,2
0.05279758279323938,1.4159942178659093,-0.34283420437907763,1.4076036828207321,1.3257722081078593,1.3724478716182575,1.3715478803254724,1.346939565198416,0.5859260722066093,0.37154979438465885,0.7084336547222841,1.3202177607533314,1.5013730442169235,-0.12459000680439548,1.8131785864290297,2
0.05279758279323938,-0.3599988730018127,-0.34283420437907763,-0.3720351949613681,-0.42477219371265235,-0.36947481927937725,-0.3005301353349685,-0.34562363251582434,-0.2787860242320479,-0.5046531526292226,-0.1889043044961856,-0.34195476764483496,-0.27986016484131826,-0.12459000680439548,-0.8118356434872271,1
0.05279758279323938,-0.3599988730018127,-0.34283420437907763,-0.3720351949613681,-0.42477219371265235,-0.36947481927937725,0.5355088724952519,-0.34562363251582434,0.5859260722066093,0.37154979438465885,0.7084336547222841,0.4891314965542483,-1.1704767693704392,-0.12459000680439548,-0.8118356434872271,1
0.05279758279323938,1.4159942178659093,-1.2242858659207403,1.4076036828207321,1.3257722081078593,1.3724478716182575,1.3715478803254724,-0.34562363251582434,-0.2787860242320479,1.2477527413985403,0.7084336547222841,1.3202177607533314,0.6107564396878027,1.7064779362078242,1.8131785864290297,2
1.5704055200796414,1.4159942178659093,1.4200691187042478,1.4076036828207321,1.3257722081078593,1.3724478716182575,1.3715478803254724,1.346939565198416,-1.143498120670705,1.2477527413985403,0.7084336547222841,1.3202177607533314,0.6107564396878027,0.7909439647017144,1.8131785864290297,2
0.05279758279323938,0.5279976724320483,-1.2242858659207403,0.517784243929682,0.4505000071976035,-0.36947481927937725,-0.3005301353349685,-0.34562363251582434,1.4506381686452665,0.37154979438465885,-0.1889043044961856,1.3202177607533314,1.5013730442169235,0.7909439647017144,-0.8118356434872271,1
0.05279758279323938,0.5279976724320483,1.4200691187042478,0.517784243929682,1.3257722081078593,0.5014865261694402,-1.136569143165189,-0.34562363251582434,0.5859260722066093,1.2477527413985403,1.6057716139407539,-1.1730410318439182,-1.1704767693704392,-1.0401239783105054,-0.8118356434872271,1
1.5704055200796414,1.4159942178659093,1.4200691187042478,1.4076036828207321,1.3257722081078593,1.3724478716182575,1.3715478803254724,1.346939565198416,1.4506381686452665,1.2477527413985403,1.6057716139407539,1.3202177607533314,1.5013730442169235,1.7064779362078242,1.8131785864290297,2
-0.7060063858499618,0.5279976724320483,-0.34283420437907763,-0.3720351949613681,-0.42477219371265235,-0.36947481927937725,-1.136569143165189,-1.1919052313729446,-0.2787860242320479,-0.5046531526292226,-0.1889043044961856,-0.34195476764483496,-1.1704767693704392,0.7909439647017144,0.06316909981819177,1
-0.7060063858499618,0.5279976724320483,1.4200691187042478,1.4076036828207321,1.3257722081078593,1.3724478716182575,1.3715478803254724,1.346939565198416,1.4506381686452665,1.2477527413985403,1.6057716139407539,1.3202177607533314,1.5013730442169235,1.7064779362078242,1.8131785864290297,2
1.5704055200796414,0.5279976724320483,1.4200691187042478,1.4076036828207321,1.3257722081078593,0.5014865261694402,1.3715478803254724,1.346939565198416,-1.143498120670705,1.2477527413985403,-0.1889043044961856,1.3202177607533314,1.5013730442169235,0.7909439647017144,1.8131785864290297,2
-1.4648103544931628,-1.2479954184356736,-1.2242858659207403,-1.2618546338524181,-1.300044394622908,-1.2404361647281947,-1.136569143165189,1.346939565198416,-1.143498120670705,1.2477527413985403,-1.0862422637146554,-0.34195476764483496,-1.1704767693704392,-1.0401239783105054,-0.8118356434872271,1
0.8116015514364405,-0.3599988730018127,-0.34283420437907763,0.517784243929682,0.4505000071976035,0.5014865261694402,1.3715478803254724,1.346939565198416,0.5859260722066093,0.37154979438465885,0.7084336547222841,1.3202177607533314,1.5013730442169235,-0.12459000680439548,0.06316909981819177,2
0.05279758279323938,0.5279976724320483,0.538617457162585,0.517784243929682,0.4505000071976035,0.5014865261694402,0.5355088724952519,-0.34562363251582434,0.5859260722066093,0.37154979438465885,0.7084336547222841,-0.34195476764483496,0.6107564396878027,-0.12459000680439548,0.06316909981819177,1
0.05279758279323938,1.4159942178659093,1.4200691187042478,1.4076036828207321,1.3257722081078593,1.3724478716182575,1.3715478803254724,1.346939565198416,1.4506381686452665,1.2477527413985403,0.7084336547222841,1.3202177607533314,1.5013730442169235,1.7064779362078242,1.8131785864290297,2
-1.4648103544931628,-1.2479954184356736,-1.2242858659207403,-1.2618546338524181,-0.42477219371265235,-1.2404361647281947,-0.3005301353349685,-0.34562363251582434,-1.143498120670705,-1.380856099643104,-1.0862422637146554,-1.1730410318439182,-1.1704767693704392,-1.0401239783105054,-0.8118356434872271,0
0.05279758279323938,-0.3599988730018127,-0.34283420437907763,-0.3720351949613681,-0.42477219371265235,-0.36947481927937725,-0.3005301353349685,-0.34562363251582434,-0.2787860242320479,-0.5046531526292226,-0.1889043044961856,-0.34195476764483496,-0.27986016484131826,-0.12459000680439548,0.06316909981819177,1
0.05279758279323938,1.4159942178659093,0.538617457162585,-0.3720351949613681,1.3257722081078593,1.3724478716182575,1.3715478803254724,1.346939565198416,1.4506381686452665,-1.380856099643104,-0.1889043044961856,1.3202177607533314,1.5013730442169235,-0.12459000680439548,1.8131785864290297,2
-1.4648103544931628,-1.2479954184356736,-1.2242858659207403,-1.2618546338524181,-1.300044394622908,-1.2404361647281947,-1.136569143165189,-1.1919052313729446,-1.143498120670705,-0.5046531526292226,-1.0862422637146554,-1.1730410318439182,-1.1704767693704392,-1.0401239783105054,-0.8118356434872271,0
1.5704055200796414,0.5279976724320483,0.538617457162585,1.4076036828207321,1.3257722081078593,1.3724478716182575,1.3715478803254724,1.346939565198416,0.5859260722066093,1.2477527413985403,0.7084336547222841,1.3202177607533314,1.5013730442169235,1.7064779362078242,1.8131785864290297,2
0.05279758279323938,0.5279976724320483,-0.34283420437907763,-0.3720351949613681,0.4505000071976035,1.3724478716182575,1.3715478803254724,0.5006579663412959,1.4506381686452665,-0.5046531526292226,-1.0862422637146554,1.3202177607533314,-0.27986016484131826,0.7909439647017144,0.9381738431236107,1
0.05279758279323938,0.5279976724320483,1.4200691187042478,-0.3720351949613681,1.3257722081078593,0.5014865261694402,0.5355088724952519,-0.34562363251582434,1.4506381686452665,1.2477527413985403,-0.1889043044961856,0.4891314965542483,0.6107564396878027,0.7909439647017144,-0.8118356434872271,1
-0.7060063858499618,-0.3599988730018127,0.538617457162585,-0.3720351949613681,-0.42477219371265235,-1.2404361647281947,-0.3005301353349685,0.5006579663412959,0.5859260722066093,1.2477527413985403,-0.1889043044961856,-0.34195476764483496,-0.27986016484131826,-1.0401239783105054,-0.8118356434872271,1
0.05279758279323938,1.4159942178659093,1.4200691187042478,-1.2618546338524181,-1.300044394622908,1.3724478716182575,1.3715478803254724,1.346939565198416,-0.2787860242320479,0.37154979438465885,0.7084336547222841,0.4891314965542483,0.6107564396878027,1.7064779362078242,-0.8118356434872271,1
0.8116015514364405,0.5279976724320483,0.538617457162585,-0.3720351949613681,1.3257722081078593,-0.36947481927937725,0.5355088724952519,1.346939565198416,-1.143498120670705,1.2477527413985403,-0.1889043044961856,1.3202177607533314,-0.27986016484131826,-0.12459000680439548,0.06316909981819177,1
0.05279758279323938,0.5279976724320483,-0.34283420437907763,-0.3720351949613681,-0.42477219371265235,-0.36947481927937725,-0.3005301353349685,0.5006579663412959,-0.2787860242320479,1.2477527413985403,1.6057716139407539,-0.34195476764483496,0.6107564396878027,-0.12459000680439548,1.8131785864290297,1
0.05279758279323938,0.5279976724320483,0.538617457162585,0.517784243929682,0.4505000071976035,0.5014865261694402,0.5355088724952519,0.5006579663412959,0.5859260722066093,0.37154979438465885,-0.1889043044961856,0.4891314965542483,-0.27986016484131826,0.7909439647017144,0.9381738431236107,2
0.05279758279323938,-0.3599988730018127,-0.34283420437907763,-0.3720351949613681,-0.42477219371265235,-1.2404361647281947,-1.136569143165189,-0.34562363251582434,-0.2787860242320479,-0.5046531526292226,-1.0862422637146554,-0.34195476764483496,-1.1704767693704392,-1.0401239783105054,-0.8118356434872271,1
0.8116015514364405,-0.3599988730018127,0.538617457162585,1.4076036828207321,1.3257722081078593,-0.36947481927937725,-0.3005301353349685,1.346939565198416,-0.2787860242320479,-0.5046531526292226,0.7084336547222841,1.3202177607533314,0.6107564396878027,-0.12459000680439548,0.06316909981819177,1
0.8116015514364405,0.5279976724320483,1.4200691187042478,1.4076036828207321,1.3257722081078593,1.3724478716182575,0.5355088724952519,1.346939565198416,1.4506381686452665,1.2477527413985403,-1.0862422637146554,1.3202177607533314,1.5013730442169235,-1.0401239783105054,0.06316909981819177,2
0.05279758279323938,-0.3599988730018127,-0.34283420437907763,-0.3720351949613681,-0.42477219371265235,-0.36947481927937725,-0.3005301353349685,-0.34562363251582434,-0.2787860242320479,-0.5046531526292226,-0.1889043044961856,-0.34195476764483496,-0.27986016484131826,-0.12459000680439548,-0.8118356434872271,1
0.05279758279323938,1.4159942178659093,1.4200691187042478,1.4076036828207321,1.3257722081078593,-0.36947481927937725,0.5355088724952519,1.346939565198416,1.4506381686452665,1.2477527413985403,0.7084336547222841,1.3202177607533314,1.5013730442169235,0.7909439647017144,0.9381738431236107,2
1.5704055200796414,1.4159942178659093,-1.2242858659207403,1.4076036828207321,1.3257722081078593,1.3724478716182575,1.3715478803254724,-0.34562363251582434,-0.2787860242320479,-0.5046531526292226,0.7084336547222841,1.3202177607533314,0.6107564396878027,1.7064779362078242,1.8131785864290297,2
0.05279758279323938,-0.3599988730018127,1.4200691187042478,-0.3720351949613681,0.4505000071976035,-0.36947481927937725,1.3715478803254724,1.346939565198416,0.5859260722066093,1.2477527413985403,0.7084336547222841,0.4891314965542483,1.5013730442169235,-0.12459000680439548,1.8131785864290297,1
-1.4648103544931628,-1.2479954184356736,-1.2242858659207403,-1.2618546338524181,0.4505000071976035,0.5014865261694402,-1.136569143165189,1.346939565198416,-1.143498120670705,-1.380856099643104,-1.0862422637146554,-1.1730410318439182,-0.27986016484131826,-1.0401239783105054,-0.8118356434872271,0
1.5704055200796414,0.5279976724320483,0.538617457162585,0.517784243929682,-0.42477219371265235,1.3724478716182575,-0.3005301353349685,0.5006579663412959,0.5859260722066093,0.37154979438465885,1.6057716139407539,-1.1730410318439182,0.6107564396878027,-0.12459000680439548,0.06316909981819177,1
0.8116015514364405,1.4159942178659093,-1.2242858659207403,1.4076036828207321,1.3257722081078593,-0.36947481927937725,0.5355088724952519,-0.34562363251582434,-1.143498120670705,-0.5046531526292226,-1.0862422637146554,1.3202177607533314,1.5013730442169235,-1.0401239783105054,0.06316909981819177,2
0.05279758279323938,1.4159942178659093,1.4200691187042478,1.4076036828207321,1.3257722081078593,1.3724478716182575,-0.3005301353349685,0.5006579663412959,-0.2787860242320479,0.37154979438465885,0.7084336547222841,0.4891314965542483,0.6107564396878027,0.7909439647017144,0.9381738431236107,2
0.8116015514364405,1.4159942178659093,-0.34283420437907763,1.4076036828207321,1.3257722081078593,1.3724478716182575,1.3715478803254724,1.346939565198416,-1.143498120670705,1.2477527413985403,0.7084336547222841,1.3202177607533314,-1.1704767693704392,-0.12459000680439548,1.8131785864290297,2
0.8116015514364405,-0.3599988730018127,-1.2242858659207403,-1.2618546338524181,-1.300044394622908,-1.2404361647281947,-1.136569143165189,-1.1919052313729446,-1.143498120670705,0.37154979438465885,1.6057716139407539,-1.1730410318439182,0.6107564396878027,-1.0401239783105054,-0.8118356434872271,1
-0.7060063858499618,-0.3599988730018127,1.4200691187042478,-0.3720351949613681,0.4505000071976035,1.3724478716182575,1.3715478803254724,1.346939565198416,-0.2787860242320479,0.37154979438465885,-0.1889043044961856,1.3202177607533314,-0.27986016484131826,0.7909439647017144,1.8131785864290297,2
-1.4648103544931628,-0.3599988730018127,-0.34283420437907763,-0.3720351949613681,0.4505000071976035,-0.36947481927937725,0.5355088724952519,0.5006579663412959,1.4506381686452665,0.37154979438465885,1.6057716139407539,0.4891314965542483,0.6107564396878027,0.7909439647017144,0.9381738431236107,1
0.05279758279323938,0.5279976724320483,0.538617457162585,-0.3720351949613681,-0.42477219371265235,0.5014865261694402,0.5355088724952519,-0.34562363251582434,-0.2787860242320479,-0.5046531526292226,-0.1889043044961856,-0.34195476764483496,0.6107564396878027,-0.12459000680439548,0.06316909981819177,1
0.8116015514364405,0.5279976724320483,1.4200691187042478,1.4076036828207321,1.3257722081078593,1.3724478716182575,1.3715478803254724,1.346939565198416,-1.143498120670705,1.2477527413985403,-0.1889043044961856,1.3202177607533314,1.5013730442169235,-1.0401239783105054,-0.8118356434872271,2
0.05279758279323938,0.5279976724320483,1.4200691187042478,-0.3720351949613681,1.3257722081078593,0.5014865261694402,1.3715478803254724,1.346939565198416,1.4506381686452665,0.37154979438465885,1.6057716139407539,0.4891314965542483,0.6107564396878027,0.7909439647017144,-0.8118356434872271,2
-0.7060063858499618,-0.3599988730018127,-0.34283420437907763,-0.3720351949613681,-0.42477219371265235,-0.36947481927937725,-0.3005301353349685,-0.34562363251582434,-0.2787860242320479,-1.380856099643104,0.7084336547222841,-0.34195476764483496,0.6107564396878027,-0.12459000680439548,0.06316909981819177,1
0.8116015514364405,0.5279976724320483,-0.34283420437907763,-0.3720351949613681,0.4505000071976035,0.5014865261694402,-0.3005301353349685,0.5006579663412959,0.5859260722066093,-0.5046531526292226,-0.1889043044961856,1.3202177607533314,-1.1704767693704392,-1.0401239783105054,0.9381738431236107,1
0.05279758279323938,0.5279976724320483,-1.2242858659207403,1.4076036828207321,1.3257722081078593,1.3724478716182575,1.3715478803254724,1.346939565198416,1.4506381686452665,1.2477527413985403,0.7084336547222841,1.3202177607533314,1.5013730442169235,0.7909439647017144,-0.8118356434872271,2
0.05279758279323938,-1.2479954184356736,-0.34283420437907763,-1.2618546338524181,-0.42477219371265235,-1.2404361647281947,0.5355088724952519,-1.1919052313729446,-1.143498120670705,0.37154979438465885,1.6057716139407539,-1.1730410318439182,-1.1704767693704392,-1.0401239783105054,-0.8118356434872271,1
0.8116015514364405,-0.3599988730018127,-0.34283420437907763,-0.3720351949613681,-0.42477219371265235,-0.36947481927937725,-0.3005301353349685,-0.34562363251582434,-0.2787860242320479,-0.5046531526292226,-0.1889043044961856,-0.34195476764483496,-0.27986016484131826,-0.12459000680439548,0.06316909981819177,1
1.5704055200796414,-0.3599988730018127,1.4200691187042478,1.4076036828207321,1.3257722081078593,1.3724478716182575,1.3715478803254724,-0.34562363251582434,1.4506381686452665,1.2477527413985403,-0.1889043044961856,0.4891314965542483,1.5013730442169235,-1.0401239783105054,0.06316909981819177,2
0.05279758279323938,-0.3599988730018127,-0.34283420437907763,-1.2618546338524181,0.4505000071976035,-0.36947481927937725,-1.136569143165189,-1.1919052313729446,0.5859260722066093,-0.5046531526292226,-1.0862422637146554,-0.34195476764483496,-0.27986016484131826,-0.12459000680439548,-0.8118356434872271,1
0.8116015514364405,0.5279976724320483,0.538617457162585,1.4076036828207321,1.3257722081078593,1.3724478716182575,1.3715478803254724,0.5006579663412959,-0.2787860242320479,-0.5046531526292226,1.6057716139407539,0.4891314965542483,-0.27986016484131826,0.7909439647017144,-0.8118356434872271,2
0.05279758279323938,-0.3599988730018127,-0.34283420437907763,-0.3720351949613681,-0.42477219371265235,-0.36947481927937725,-0.3005301353349685,-1.1919052313729446,-0.2787860242320479,-1.380856099643104,-0.1889043044961856,-1.1730410318439182,-0.27986016484131826,-0.12459000680439548,-0.8118356434872271,1
1.5704055200796414,1.4159942178659093,1.4200691187042478,1.4076036828207321,0.4505000071976035,1.3724478716182575,1.3715478803254724,1.346939565198416,0.5859260722066093,1.2477527413985403,1.6057716139407539,1.3202177607533314,1.5013730442169235,-1.0401239783105054,1.8131785864290297,2
-0.7060063858499618,0.5279976724320483,0.538617457162585,-0.3720351949613681,0.4505000071976035,0.5014865261694402,-0.3005301353349685,-0.34562363251582434,-0.2787860242320479,0.37154979438465885,-0.1889043044961856,-0.34195476764483496,-0.27986016484131826,-0.12459000680439548,-0.8118356434872271,1
-1.4648103544931628,0.5279976724320483,-0.34283420437907763,-0.3720351949613681,1.3257722081078593,-0.36947481927937725,1.3715478803254724,-0.34562363251582434,-0.2787860242320479,-0.5046531526292226,-0.1889043044961856,-1.1730410318439182,-1.1704767693704392,-1.0401239783105054,-0.8118356434872271,1
0.05279758279323938,0.5279976724320483,1.4200691187042478,1.4076036828207321,0.4505000071976035,0.5014865261694402,0.5355088724952519,0.5006579663412959,0.5859260722066093,1.2477527413985403,0.7084336547222841,0.4891314965542483,0.6107564396878027,-0.12459000680439548,-0.8118356434872271,2
0.8116015514364405,0.5279976724320483,-0.34283420437907763,-0.3720351949613681,0.4505000071976035,-0.36947481927937725,1.3715478803254724,1.346939565198416,1.4506381686452665,1.2477527413985403,1.6057716139407539,1.3202177607533314,1.5013730442169235,-1.0401239783105054,0.06316909981819177,1
0.05279758279323938,-0.3599988730018127,-0.34283420437907763,-0.3720351949613681,-0.42477219371265235,0.5014865261694402,-1.136569143165189,0.5006579663412959,-0.2787860242320479,-0.5046531526292226,0.7084336547222841,1.3202177607533314,-0.27986016484131826,-1.0401239783105054,-0.8118356434872271,1
0.05279758279323938,0.5279976724320483,-0.34283420437907763,1.4076036828207321,1.3257722081078593,1.3724478716182575,1.3715478803254724,1.346939565198416,1.4506381686452665,1.2477527413985403,0.7084336547222841,1.3202177607533314,1.5013730442169235,0.7909439647017144,-0.8118356434872271,2
0.8116015514364405,0.5279976724320483,1.4200691187042478,-0.3720351949613681,0.4505000071976035,-1.2404361647281947,1.3715478803254724,-0.34562363251582434,1.4506381686452665,1.2477527413985403,-1.0862422637146554,-1.1730410318439182,-0.27986016484131826,-1.0401239783105054,-0.8118356434872271,1
0.05279758279323938,-0.3599988730018127,-0.34283420437907763,0.517784243929682,-1.300044394622908,-0.36947481927937725,-0.3005301353349685,1.346939565198416,1.4506381686452665,0.37154979438465885,-1.0862422637146554,0.4891314965542483,-1.1704767693704392,-0.12459000680439548,0.9381738431236107,1
-0.7060063858499618,-0.3599988730018127,-0.34283420437907763,-1.2618546338524181,-0.42477219371265235,-1.2404361647281947,0.5355088724952519,-1.1919052313729446,-1.143498120670705,-1.380856099643104,-1.0862422637146554,-0.34195476764483496,-1.1704767693704392,-1.0401239783105054,-0.8118356434872271,1
0.05279758279323938,1.4159942178659093,1.4200691187042478,1.4076036828207321,1.3257722081078593,1.3724478716182575,1.3715478803254724,0.5006579663412959,1.4506381686452665,0.37154979438465885,1.6057716139407539,0.4891314965542483,1.5013730442169235,-1.0401239783105054,-0.8118356434872271,2
0.05279758279323938,-1.2479954184356736,-0.34283420437907763,-0.3720351949613681,-0.42477219371265235,-0.36947481927937725,-0.3005301353349685,-0.34562363251582434,-0.2787860242320479,-0.5046531526292226,-0.1889043044961856,-0.34195476764483496,-0.27986016484131826,-0.12459000680439548,-0.8118356434872271,1
0.05279758279323938,0.5279976724320483,0.538617457162585,0.517784243929682,0.4505000071976035,0.5014865261694402,0.5355088724952519,0.5006579663412959,0.5859260722066093,0.37154979438465885,-0.1889043044961856,-0.34195476764483496,-0.27986016484131826,-0.12459000680439548,0.06316909981819177,1
0.05279758279323938,-0.3599988730018127,0.538617457162585,-1.2618546338524181,-0.42477219371265235,0.5014865261694402,-0.3005301353349685,-0.34562363251582434,0.5859260722066093,0.37154979438465885,-1.0862422637146554,-0.34195476764483496,-0.27986016484131826,0.7909439647017144,0.9381738431236107,1
0.05279758279323938,-0.3599988730018127,0.538617457162585,0.517784243929682,0.4505000071976035,0.5014865261694402,0.5355088724952519,0.5006579663412959,0.5859260722066093,0.37154979438465885,0.7084336547222841,0.4891314965542483,0.6107564396878027,0.7909439647017144,0.9381738431236107,1
0.05279758279323938,0.5279976724320483,-0.34283420437907763,0.517784243929682,-0.42477219371265235,-0.36947481927937725,-0.3005301353349685,-0.34562363251582434,-0.2787860242320479,-0.5046531526292226,-0.1889043044961856,-0.34195476764483496,-0.27986016484131826,-0.12459000680439548,0.06316909981819177,1
-0.7060063858499618,-0.3599988730018127,-0.34283420437907763,-1.2618546338524181,-0.42477219371265235,-0.36947481927937725,-0.3005301353349685,1.346939565198416,-1.143498120670705,1.2477527413985403,1.6057716139407539,-1.1730410318439182,-0.27986016484131826,1.7064779362078242,-0.8118356434872271,1
0.05279758279323938,0.5279976724320483,0.538617457162585,0.517784243929682,0.4505000071976035,0.5014865261694402,-0.3005301353349685,-0.34562363251582434,-0.2787860242320479,0.37154979438465885,-0.1889043044961856,-0.34195476764483496,-0.27986016484131826,-1.0401239783105054,-0.8118356434872271,1
1.5704055200796414,1.4159942178659093,1.4200691187042478,0.517784243929682,-0.42477219371265235,1.3724478716182575,-0.3005301353349685,-0.34562363251582434,-0.2787860242320479,1.2477527413985403,1.6057716139407539,-1.1730410318439182,0.6107564396878027,1.7064779362078242,1.8131785864290297,2
1.5704055200796414,1.4159942178659093,1.4200691187042478,1.4076036828207321,1.3257722081078593,1.3724478716182575,1.3715478803254724,1.346939565198416,1.4506381686452665,1.2477527413985403,0.7084336547222841,1.3202177607533314,1.5013730442169235,1.7064779362078242,0.06316909981819177,2
0.05279758279323938,-0.3599988730018127,0.538617457162585,0.517784243929682,0.4505000071976035,0.5014865261694402,-0.3005301353349685,0.5006579663412959,-0.2787860242320479,-0.5046531526292226,-0.1889043044961856,1.3202177607533314,0.6107564396878027,0.7909439647017144,0.9381738431236107,1
0.8116015514364405,-0.3599988730018127,-0.34283420437907763,-0.3720351949613681,-0.42477219371265235,-0.36947481927937725,-0.3005301353349685,-0.34562363251582434,-0.2787860242320479,-0.5046531526292226,-0.1889043044961856,-0.34195476764483496,-0.27986016484131826,-0.12459000680439548,0.06316909981819177,1
0.05279758279323938,0.5279976724320483,0.538617457162585,0.517784243929682,0.4505000071976035,0.5014865261694402,0.5355088724952519,0.5006579663412959,0.5859260722066093,0.37154979438465885,0.7084336547222841,0.4891314965542483,0.6107564396878027,0.7909439647017144,0.9381738431236107,1
-1.4648103544931628,-1.2479954184356736,-1.2242858659207403,-0.3720351949613681,-1.300044394622908,-1.2404361647281947,-1.136569143165189,-1.1919052313729446,-0.2787860242320479,-0.5046531526292226,-0.1889043044961856,-0.34195476764483496,-0.27986016484131826,-0.12459000680439548,0.06316909981819177,1
1.5704055200796414,-0.3599988730018127,-0.34283420437907763,0.517784243929682,0.4505000071976035,0.5014865261694402,1.3715478803254724,-0.34562363251582434,0.5859260722066093,-0.5046531526292226,-0.1889043044961856,-0.34195476764483496,-0.27986016484131826,-0.12459000680439548,0.06316909981819177,1
0.05279758279323938,-0.3599988730018127,-0.34283420437907763,0.517784243929682,-1.300044394622908,-0.36947481927937725,-0.3005301353349685,0.5006579663412959,-0.2787860242320479,0.37154979438465885,-0.1889043044961856,-0.34195476764483496,-0.27986016484131826,-0.12459000680439548,0.06316909981819177,1
0.05279758279323938,0.5279976724320483,0.538617457162585,-0.3720351949613681,-0.42477219371265235,-0.36947481927937725,-0.3005301353349685,-0.34562363251582434,-0.2787860242320479,-0.5046531526292226,-0.1889043044961856,-0.34195476764483496,-0.27986016484131826,-0.12459000680439548,0.06316909981819177,1
-0.7060063858499618,0.5279976724320483,-0.34283420437907763,-0.3720351949613681,0.4505000071976035,-1.2404361647281947,1.3715478803254724,1.346939565198416,-0.2787860242320479,1.2477527413985403,-1.0862422637146554,1.3202177607533314,1.5013730442169235,-0.12459000680439548,0.06316909981819177,1
1.5704055200796414,0.5279976724320483,0.538617457162585,0.517784243929682,1.3257722081078593,1.3724478716182575,1.3715478803254724,0.5006579663412959,0.5859260722066093,1.2477527413985403,0.7084336547222841,0.4891314965542483,0.6107564396878027,-0.12459000680439548,-0.8118356434872271,2
1.5704055200796414,0.5279976724320483,-0.34283420437907763,-0.3720351949613681,-0.42477219371265235,-0.36947481927937725,-0.3005301353349685,1.346939565198416,1.4506381686452665,0.37154979438465885,0.7084336547222841,1.3202177607533314,0.6107564396878027,-0.12459000680439548,1.8131785864290297,2
0.8116015514364405,1.4159942178659093,1.4200691187042478,1.4076036828207321,1.3257722081078593,1.3724478716182575,1.3715478803254724,1.346939565198416,1.4506381686452665,0.37154979438465885,-0.1889043044961856,1.3202177607533314,1.5013730442169235,1.7064779362078242,0.9381738431236107,2
0.05279758279323938,0.5279976724320483,0.538617457162585,0.517784243929682,1.3257722081078593,0.5014865261694402,-0.3005301353349685,0.5006579663412959,0.5859260722066093,0.37154979438465885,-1.0862422637146554,0.4891314965542483,0.6107564396878027,-0.12459000680439548,-0.8118356434872271,1
0.05279758279323938,-0.3599988730018127,-0.34283420437907763,0.517784243929682,0.4505000071976035,0.5014865261694402,0.5355088724952519,0.5006579663412959,0.5859260722066093,0.37154979438465885,0.7084336547222841,0.4891314965542483,-0.27986016484131826,0.7909439647017144,0.06316909981819177,1
-1.4648103544931628,-0.3599988730018127,-1.2242858659207403,-0.3720351949613681,-0.42477219371265235,-1.2404361647281947,-1.136569143165189,-1.1919052313729446,-1.143498120670705,-0.5046531526292226,-1.0862422637146554,-0.34195476764483496,-0.27986016484131826,-0.12459000680439548,-0.8118356434872271,0
0.8116015514364405,0.5279976724320483,1.4200691187042478,0.517784243929682,0.4505000071976035,1.3724478716182575,1.3715478803254724,1.346939565198416,1.4506381686452665,1.2477527413985403,1.6057716139407539,1.3202177607533314,1.5013730442169235,1.7064779362078242,1.8131785864290297,2
1.5704055200796414,0.5279976724320483,0.538617457162585,0.517784243929682,0.4505000071976035,-0.36947481927937725,-0.3005301353349685,-0.34562363251582434,-0.2787860242320479,0.37154979438465885,0.7084336547222841,0.4891314965542483,0.6107564396878027,-0.12459000680439548,0.9381738431236107,1
1.5704055200796414,1.4159942178659093,0.538617457162585,0.517784243929682,0.4505000071976035,0.5014865261694402,0.5355088724952519,1.346939565198416,1.4506381686452665,1.2477527413985403,0.7084336547222841,1.3202177607533314,1.5013730442169235,-0.12459000680439548,1.8131785864290297,2
0.05279758279323938,0.5279976724320483,1.4200691187042478,-0.3720351949613681,1.3257722081078593,1.3724478716182575,1.3715478803254724,1.346939565198416,1.4506381686452665,1.2477527413985403,1.6057716139407539,1.3202177607533314,0.6107564396878027,1.7064779362078242,-0.8118356434872271,2
1.5704055200796414,0.5279976724320483,1.4200691187042478,1.4076036828207321,0.4505000071976035,1.3724478716182575,-0.3005301353349685,0.5006579663412959,0.5859260722066093,0.37154979438465885,0.7084336547222841,-1.1730410318439182,0.6107564396878027,-0.12459000680439548,-0.8118356434872271,1
-0.7060063858499618,-0.3599988730018127,-0.34283420437907763,-0.3720351949613681,0.4505000071976035,0.5014865261694402,0.5355088724952519,0.5006579663412959,0.5859260722066093,0.37154979438465885,-0.1889043044961856,-0.34195476764483496,-0.27986016484131826,-0.12459000680439548,0.06316909981819177,1
-1.4648103544931628,-1.2479954184356736,-1.2242858659207403,0.517784243929682,-0.42477219371265235,-1.2404361647281947,-1.136569143165189,-1.1919052313729446,-0.2787860242320479,1.2477527413985403,-1.0862422637146554,-1.1730410318439182,-1.1704767693704392,-1.0401239783105054,-0.8118356434872271,1
-1.4648103544931628,-0.3599988730018127,-0.34283420437907763,-0.3720351949613681,-0.42477219371265235,-0.36947481927937725,-0.3005301353349685,-0.34562363251582434,-0.2787860242320479,-1.380856099643104,-1.0862422637146554,-1.1730410318439182,-1.1704767693704392,-1.0401239783105054,-0.8118356434872271,1
0.8116015514364405,0.5279976724320483,-0.34283420437907763,-0.3720351949613681,1.3257722081078593,0.5014865261694402,0.5355088724952519,1.346939565198416,1.4506381686452665,0.37154979438465885,-1.0862422637146554,-0.34195476764483496,-0.27986016484131826,0.7909439647017144,0.06316909981819177,1
0.05279758279323938,0.5279976724320483,0.538617457162585,0.517784243929682,0.4505000071976035,0.5014865261694402,0.5355088724952519,0.5006579663412959,0.5859260722066093,0.37154979438465885,0.7084336547222841,0.4891314965542483,0.6107564396878027,0.7909439647017144,0.9381738431236107,1
-0.7060063858499618,-1.2479954184356736,0.538617457162585,-0.3720351949613681,-0.42477219371265235,-1.2404361647281947,-1.136569143165189,-1.1919052313729446,-1.143498120670705,-1.380856099643104,-1.0862422637146554,-1.1730410318439182,-1.1704767693704392,-1.0401239783105054,-0.8118356434872271,0
0.8116015514364405,0.5279976724320483,0.538617457162585,0.517784243929682,0.4505000071976035,0.5014865261694402,0.5355088724952519,-0.34562363251582434,-0.2787860242320479,-0.5046531526292226,-0.1889043044961856,-0.34195476764483496,-0.27986016484131826,-1.0401239783105054,0.9381738431236107,1
0.8116015514364405,1.4159942178659093,1.4200691187042478,0.517784243929682,1.3257722081078593,1.3724478716182575,1.3715478803254724,1.346939565198416,1.4506381686452665,1.2477527413985403,1.6057716139407539,1.3202177607533314,0.6107564396878027,1.7064779362078242,1.8131785864290297,2
1.5704055200796414,0.5279976724320483,-0.34283420437907763,1.4076036828207321,1.3257722081078593,-0.36947481927937725,1.3715478803254724,1.346939565198416,1.4506381686452665,-0.5046531526292226,1.6057716139407539,1.3202177607533314,-1.1704767693704392,1.7064779362078242,1.8131785864290297,2
0.05279758279323938,0.5279976724320483,-0.34283420437907763,-0.3720351949613681,-0.42477219371265235,-0.36947481927937725,-0.3005301353349685,-0.34562363251582434,-0.2787860242320479,-0.5046531526292226,-0.1889043044961856,-0.34195476764483496,-0.27986016484131826,-0.12459000680439548,-0.8118356434872271,1
0.05279758279323938,0.5279976724320483,1.4200691187042478,1.4076036828207321,1.3257722081078593,1.3724478716182575,1.3715478803254724,1.346939565198416,1.4506381686452665,1.2477527413985403,1.6057716139407539,1.3202177607533314,1.5013730442169235,1.7064779362078242,-0.8118356434872271,2
1.5704055200796414,1.4159942178659093,1.4200691187042478,1.4076036828207321,1.3257722081078593,1.3724478716182575,1.3715478803254724,1.346939565198416,1.4506381686452665,1.2477527413985403,1.6057716139407539,1.3202177607533314,1.5013730442169235,1.7064779362078242,1.8131785864290297,2
0.05279758279323938,-0.3599988730018127,-0.34283420437907763,-0.3720351949613681,-0.42477219371265235,-0.36947481927937725,-0.3005301353349685,-0.34562363251582434,-0.2787860242320479,-0.5046531526292226,-0.1889043044961856,-0.34195476764483496,-0.27986016484131826,-0.12459000680439548,-0.8118356434872271,1
0.8116015514364405,1.4159942178659093,1.4200691187042478,0.517784243929682,1.3257722081078593,1.3724478716182575,-0.3005301353349685,1.346939565198416,0.5859260722066093,1.2477527413985403,0.7084336547222841,0.4891314965542483,-0.27986016484131826,-1.0401239783105054,-0.8118356434872271,2
0.8116015514364405,1.4159942178659093,0.538617457162585,0.517784243929682,1.3257722081078593,1.3724478716182575,0.5355088724952519,1.346939565198416,1.4506381686452665,1.2477527413985403,1.6057716139407539,1.3202177607533314,-0.27986016484131826,0.7909439647017144,1.8131785864290297,2
0.8116015514364405,0.5279976724320483,-0.34283420437907763,0.517784243929682,0.4505000071976035,0.5014865261694402,0.5355088724952519,0.5006579663412959,-0.2787860242320479,1.2477527413985403,-0.1889043044961856,0.4891314965542483,0.6107564396878027,0.7909439647017144,-0.8118356434872271,1
1.5704055200796414,0.5279976724320483,-0.34283420437907763,0.517784243929682,0.4505000071976035,-0.36947481927937725,1.3715478803254724,1.346939565198416,1.4506381686452665,1.2477527413985403,0.7084336547222841,1.3202177607533314,1.5013730442169235,0.7909439647017144,1.8131785864290297,2
0.05279758279323938,1.4159942178659093,1.4200691187042478,1.4076036828207321,1.3257722081078593,1.3724478716182575,1.3715478803254724,1.346939565198416,1.4506381686452665,1.2477527413985403,1.6057716139407539,1.3202177607533314,1.5013730442169235,1.7064779362078242,1.8131785864290297,2
1.5704055200796414,0.5279976724320483,1.4200691187042478,1.4076036828207321,1.3257722081078593,1.3724478716182575,1.3715478803254724,1.346939565198416,1.4506381686452665,1.2477527413985403,1.6057716139407539,1.3202177607533314,1.5013730442169235,1.7064779362078242,1.8131785864290297,2
1.5704055200796414,1.4159942178659093,1.4200691187042478,1.4076036828207321,1.3257722081078593,1.3724478716182575,1.3715478803254724,1.346939565198416,1.4506381686452665,1.2477527413985403,1.6057716139407539,1.3202177607533314,1.5013730442169235,1.7064779362078242,0.9381738431236107,2
0.8116015514364405,0.5279976724320483,1.4200691187042478,0.517784243929682,1.3257722081078593,1.3724478716182575,-0.3005301353349685,1.346939565198416,-0.2787860242320479,1.2477527413985403,1.6057716139407539,1.3202177607533314,0.6107564396878027,0.7909439647017144,0.06316909981819177,2
0.05279758279323938,0.5279976724320483,-1.2242858659207403,-1.2618546338524181,-0.42477219371265235,-0.36947481927937725,1.3715478803254724,-1.1919052313729446,-1.143498120670705,-0.5046531526292226,-1.0862422637146554,-1.1730410318439182,-1.1704767693704392,-1.0401239783105054,-0.8118356434872271,0
-1.4648103544931628,0.5279976724320483,0.538617457162585,0.517784243929682,0.4505000071976035,0.5014865261694402,-0.3005301353349685,-1.1919052313729446,-0.2787860242320479,1.2477527413985403,-1.0862422637146554,-0.34195476764483496,-0.27986016484131826,-0.12459000680439548,0.06316909981819177,1
-0.7060063858499618,-0.3599988730018127,-0.34283420437907763,-0.3720351949613681,-0.42477219371265235,-0.36947481927937725,-0.3005301353349685,-0.34562363251582434,-0.2787860242320479,-0.5046531526292226,-0.1889043044961856,-0.34195476764483496,-0.27986016484131826,-0.12459000680439548,0.06316909981819177,1
0.05279758279323938,-0.3599988730018127,-0.34283420437907763,-0.3720351949613681,-0.42477219371265235,-0.36947481927937725,-0.3005301353349685,-0.34562363251582434,-0.2787860242320479,-0.5046531526292226,-0.1889043044961856,-0.34195476764483496,-0.27986016484131826,-0.12459000680439548,0.06316909981819177,1
0.8116015514364405,1.4159942178659093,0.538617457162585,-0.3720351949613681,0.4505000071976035,0.5014865261694402,0.5355088724952519,1.346939565198416,-0.2787860242320479,1.2477527413985403,0.7084336547222841,1.3202177607533314,0.6107564396878027,0.7909439647017144,0.06316909981819177,2
-0.7060063858499618,0.5279976724320483,-0.34283420437907763,-0.3720351949613681,-0.42477219371265235,-0.36947481927937725,-0.3005301353349685,-1.1919052313729446,-1.143498120670705,1.2477527413985403,-0.1889043044961856,0.4891314965542483,0.6107564396878027,-0.12459000680439548,0.06316909981819177,1
0.05279758279323938,-0.3599988730018127,-0.34283420437907763,-0.3720351949613681,-0.42477219371265235,-0.36947481927937725,-0.3005301353349685,-0.34562363251582434,-0.2787860242320479,-0.5046531526292226,-0.1889043044961856,-0.34195476764483496,-0.27986016484131826,-0.12459000680439548,0.06316909981819177,1
0.05279758279323938,1.4159942178659093,0.538617457162585,1.4076036828207321,1.3257722081078593,-1.2404361647281947,-1.136569143165189,-1.1919052313729446,1.4506381686452665,-1.380856099643104,1.6057716139407539,1.3202177607533314,1.5013730442169235,-1.0401239783105054,-0.8118356434872271,1
0.8116015514364405,1.4159942178659093,0.538617457162585,0.517784243929682,0.4505000071976035,0.5014865261694402,-1.136569143165189,0.5006579663412959,-0.2787860242320479,1.2477527413985403,-0.1889043044961856,1.3202177607533314,0.6107564396878027,1.7064779362078242,-0.8118356434872271,1
1.5704055200796414,1.4159942178659093,1.4200691187042478,0.517784243929682,1.3257722081078593,1.3724478716182575,0.5355088724952519,1.346939565198416,1.4506381686452665,1.2477527413985403,1.6057716139407539,1.3202177607533314,1.5013730442169235,-0.12459000680439548,0.9381738431236107,2
1.5704055200796414,1.4159942178659093,1.4200691187042478,1.4076036828207321,1.3257722081078593,0.5014865261694402,1.3715478803254724,1.346939565198416,1.4506381686452665,1.2477527413985403,1.6057716139407539,1.3202177607533314,1.5013730442169235,1.7064779362078242,0.9381738431236107,2
0.05279758279323938,-0.3599988730018127,1.4200691187042478,-0.3720351949613681,1.3257722081078593,1.3724478716182575,-0.3005301353349685,-0.34562363251582434,1.4506381686452665,1.2477527413985403,1.6057716139407539,1.3202177607533314,1.5013730442169235,-0.12459000680439548,-0.8118356434872271,2
1.5704055200796414,0.5279976724320483,1.4200691187042478,1.4076036828207321,1.3257722081078593,1.3724478716182575,1.3715478803254724,1.346939565198416,1.4506381686452665,1.2477527413985403,0.7084336547222841,1.3202177607533314,1.5013730442169235,1.7064779362078242,1.8131785864290297,2
1.5704055200796414,1.4159942178659093,1.4200691187042478,-0.3720351949613681,0.4505000071976035,0.5014865261694402,1.3715478803254724,1.346939565198416,1.4506381686452665,1.2477527413985403,1.6057716139407539,1.3202177607533314,1.5013730442169235,1.7064779362078242,1.8131785864290297,2
0.05279758279323938,0.5279976724320483,0.538617457162585,-0.3720351949613681,0.4505000071976035,0.5014865261694402,-1.136569143165189,-1.1919052313729446,0.5859260722066093,0.37154979438465885,-1.0862422637146554,-0.34195476764483496,-0.27986016484131826,-1.0401239783105054,-0.8118356434872271,1
0.05279758279323938,0.5279976724320483,1.4200691187042478,0.517784243929682,1.3257722081078593,1.3724478716182575,0.5355088724952519,1.346939565198416,-0.2787860242320479,0.37154979438465885,-0.1889043044961856,1.3202177607533314,1.5013730442169235,-1.0401239783105054,0.06316909981819177,2
-0.7060063858499618,-0.3599988730018127,-0.34283420437907763,-1.2618546338524181,-1.300044394622908,-1.2404361647281947,-1.136569143165189,-1.1919052313729446,-1.143498120670705,-1.380856099643104,-1.0862422637146554,-1.1730410318439182,-1.1704767693704392,-1.0401239783105054,-0.8118356434872271,0
0.8116015514364405,0.5279976724320483,0.538617457162585,-0.3720351949613681,1.3257722081078593,0.5014865261694402,1.3715478803254724,0.5006579663412959,0.5859260722066093,1.2477527413985403,1.6057716139407539,1.3202177607533314,1.5013730442169235,-0.12459000680439548,1.8131785864290297,1
1.5704055200796414,-0.3599988730018127,0.538617457162585,-0.3720351949613681,-0.42477219371265235,-0.36947481927937725,0.5355088724952519,1.346939565198416,0.5859260722066093,1.2477527413985403,0.7084336547222841,0.4891314965542483,0.6107564396878027,0.7909439647017144,-0.8118356434872271,2
0.05279758279323938,-1.2479954184356736,-1.2242858659207403,-1.2618546338524181,-1.300044394622908,-1.2404361647281947,-1.136569143165189,-1.1919052313729446,-1.143498120670705,-1.380856099643104,-1.0862422637146554,-1.1730410318439182,-1.1704767693704392,-1.0401239783105054,-0.8118356434872271,0
0.05279758279323938,0.5279976724320483,-0.34283420437907763,-0.3720351949613681,0.4505000071976035,1.3724478716182575,-0.3005301353349685,0.5006579663412959,0.5859260722066093,0.37154979438465885,-0.1889043044961856,0.4891314965542483,0.6107564396878027,-0.12459000680439548,0.06316909981819177,1
1.5704055200796414,1.4159942178659093,1.4200691187042478,1.4076036828207321,1.3257722081078593,1.3724478716182575,1.3715478803254724,1.346939565198416,1.4506381686452665,1.2477527413985403,1.6057716139407539,1.3202177607533314,1.5013730442169235,1.7064779362078242,1.8131785864290297,2
0.05279758279323938,-0.3599988730018127,-0.34283420437907763,0.517784243929682,-0.42477219371265235,-0.36947481927937725,-0.3005301353349685,-0.34562363251582434,-0.2787860242320479,0.37154979438465885,-0.1889043044961856,-0.34195476764483496,-0.27986016484131826,-0.12459000680439548,0.06316909981819177,1
1.5704055200796414,1.4159942178659093,1.4200691187042478,1.4076036828207321,1.3257722081078593,1.3724478716182575,1.3715478803254724,1.346939565198416,1.4506381686452665,1.2477527413985403,1.6057716139407539,1.3202177607533314,1.5013730442169235,-1.0401239783105054,-0.8118356434872271,2
1.5704055200796414,1.4159942178659093,1.4200691187042478,1.4076036828207321,1.3257722081078593,1.3724478716182575,1.3715478803254724,1.346939565198416,1.4506381686452665,1.2477527413985403,1.6057716139407539,1.3202177607533314,1.5013730442169235,1.7064779362078242,-0.8118356434872271,2
0.8116015514364405,0.5279976724320483,-0.34283420437907763,0.517784243929682,0.4505000071976035,-0.36947481927937725,-0.3005301353349685,0.5006579663412959,1.4506381686452665,1.2477527413985403,1.6057716139407539,1.3202177607533314,0.6107564396878027,-1.0401239783105054,0.06316909981819177,2
0.05279758279323938,0.5279976724320483,0.538617457162585,0.517784243929682,0.4505000071976035,0.5014865261694402,0.5355088724952519,0.5006579663412959,0.5859260722066093,0.37154979438465885,0.7084336547222841,0.4891314965542483,0.6107564396878027,0.7909439647017144,0.9381738431236107,1
0.8116015514364405,0.5279976724320483,0.538617457162585,0.517784243929682,-0.42477219371265235,0.5014865261694402,1.3715478803254724,0.5006579663412959,0.5859260722066093,0.37154979438465885,0.7084336547222841,0.4891314965542483,1.5013730442169235,0.7909439647017144,-0.8118356434872271,2
-1.4648103544931628,0.5279976724320483,-1.2242858659207403,-1.2618546338524181,-0.42477219371265235,-0.36947481927937725,1.3715478803254724,-0.34562363251582434,-1.143498120670705,-1.380856099643104,-1.0862422637146554,-1.1730410318439182,-1.1704767693704392,-1.0401239783105054,-0.8118356434872271,1
1.5704055200796414,0.5279976724320483,1.4200691187042478,-0.3720351949613681,0.4505000071976035,1.3724478716182575,1.3715478803254724,0.5006579663412959,1.4506381686452665,1.2477527413985403,-1.0862422637146554,-0.34195476764483496,-0.27986016484131826,-1.0401239783105054,0.06316909981819177,2
-0.7060063858499618,-0.3599988730018127,-0.34283420437907763,-0.3720351949613681,-0.42477219371265235,-0.36947481927937725,-0.3005301353349685,-0.34562363251582434,-0.2787860242320479,-0.5046531526292226,-0.1889043044961856,-0.34195476764483496,-0.27986016484131826,-0.12459000680439548,0.06316909981819177,1
0.05279758279323938,0.5279976724320483,1.4200691187042478,1.4076036828207321,1.3257722081078593,1.3724478716182575,1.3715478803254724,1.346939565198416,1.4506381686452665,1.2477527413985403,1.6057716139407539,1.3202177607533314,1.5013730442169235,1.7064779362078242,1.8131785864290297,2
-0.7060063858499618,0.5279976724320483,0.538617457162585,0.517784243929682,0.4505000071976035,0.5014865261694402,0.5355088724952519,0.5006579663412959,0.5859260722066093,0.37154979438465885,0.7084336547222841,0.4891314965542483,0.6107564396878027,0.7909439647017144,0.9381738431236107,1
0.05279758279323938,-0.3599988730018127,-0.34283420437907763,0.517784243929682,1.3257722081078593,-0.36947481927937725,1.3715478803254724,1.346939565198416,0.5859260722066093,1.2477527413985403,-1.0862422637146554,1.3202177607533314,0.6107564396878027,1.7064779362078242,-0.8118356434872271,1
-1.4648103544931628,-0.3599988730018127,0.538617457162585,-0.3720351949613681,-1.300044394622908,-1.2404361647281947,-0.3005301353349685,-1.1919052313729446,-1.143498120670705,-1.380856099643104,-0.1889043044961856,-1.1730410318439182,-0.27986016484131826,-0.12459000680439548,0.06316909981819177,1
0.05279758279323938,0.5279976724320483,1.4200691187042478,0.517784243929682,-0.42477219371265235,-0.36947481927937725,-0.3005301353349685,0.5006579663412959,0.5859260722066093,0.37154979438465885,-0.1889043044961856,1.3202177607533314,-0.27986016484131826,-1.0401239783105054,0.9381738431236107,1
0.05279758279323938,1.4159942178659093,1.4200691187042478,-0.3720351949613681,0.4505000071976035,-0.36947481927937725,-0.3005301353349685,-0.34562363251582434,0.5859260722066093,-0.5046531526292226,-0.1889043044961856,-1.1730410318439182,0.6107564396878027,0.7909439647017144,-0.8118356434872271,1
-1.4648103544931628,-1.2479954184356736,-1.2242858659207403,-0.3720351949613681,-1.300044394622908,-1.2404361647281947,-1.136569143165189,-0.34562363251582434,-0.2787860242320479,0.37154979438465885,-1.0862422637146554,-1.1730410318439182,-1.1704767693704392,-0.12459000680439548,-0.8118356434872271,0
0.05279758279323938,-0.3599988730018127,-0.34283420437907763,-0.3720351949613681,-0.42477219371265235,-0.36947481927937725,-0.3005301353349685,-0.34562363251582434,-1.143498120670705,-0.5046531526292226,-0.1889043044961856,-1.1730410318439182,-1.1704767693704392,-1.0401239783105054,-0.8118356434872271,1
0.05279758279323938,1.4159942178659093,0.538617457162585,0.517784243929682,0.4505000071976035,0.5014865261694402,-0.3005301353349685,1.346939565198416,0.5859260722066093,1.2477527413985403,1.6057716139407539,0.4891314965542483,-0.27986016484131826,0.7909439647017144,0.9381738431236107,1
0.8116015514364405,0.5279976724320483,-0.34283420437907763,-0.3720351949613681,1.3257722081078593,-0.36947481927937725,0.5355088724952519,1.346939565198416,-0.2787860242320479,1.2477527413985403,-0.1889043044961856,1.3202177607533314,-1.1704767693704392,-0.12459000680439548,0.06316909981819177,1
0.05279758279323938,1.4159942178659093,1.4200691187042478,1.4076036828207321,1.3257722081078593,1.3724478716182575,1.3715478803254724,1.346939565198416,1.4506381686452665,0.37154979438465885,1.6057716139407539,1.3202177607533314,1.5013730442169235,0.7909439647017144,1.8131785864290297,2
0.8116015514364405,1.4159942178659093,1.4200691187042478,1.4076036828207321,1.3257722081078593,1.3724478716182575,1.3715478803254724,1.346939565198416,1.4506381686452665,1.2477527413985403,1.6057716139407539,1.3202177607533314,1.5013730442169235,1.7064779362078242,1.8131785864290297,2
0.05279758279323938,0.5279976724320483,0.538617457162585,0.517784243929682,0.4505000071976035,0.5014865261694402,0.5355088724952519,0.5006579663412959,0.5859260722066093,0.37154979438465885,0.7084336547222841,0.4891314965542483,0.6107564396878027,0.7909439647017144,0.9381738431236107,1
1.5704055200796414,1.4159942178659093,1.4200691187042478,1.4076036828207321,1.3257722081078593,1.3724478716182575,1.3715478803254724,1.346939565198416,1.4506381686452665,1.2477527413985403,1.6057716139407539,1.3202177607533314,1.5013730442169235,1.7064779362078242,0.9381738431236107,2
-0.7060063858499618,-0.3599988730018127,0.538617457162585,-0.3720351949613681,0.4505000071976035,-0.36947481927937725,-0.3005301353349685,-0.34562363251582434,-1.143498120670705,-0.5046531526292226,-1.0862422637146554,-1.1730410318439182,-0.27986016484131826,-0.12459000680439548,-0.8118356434872271,1
-1.4648103544931628,-0.3599988730018127,0.538617457162585,-0.3720351949613681,0.4505000071976035,0.5014865261694402,0.5355088724952519,-0.34562363251582434,-0.2787860242320479,-0.5046531526292226,0.7084336547222841,-1.1730410318439182,-0.27986016484131826,-1.0401239783105054,0.06316909981819177,1
-1.4648103544931628,-1.2479954184356736,-1.2242858659207403,-1.2618546338524181,-1.300044394622908,-1.2404361647281947,-1.136569143165189,-1.1919052313729446,-1.143498120670705,-1.380856099643104,-1.0862422637146554,-1.1730410318439182,-1.1704767693704392,-1.0401239783105054,-0.8118356434872271,0
0.05279758279323938,1.4159942178659093,1.4200691187042478,0.517784243929682,1.3257722081078593,1.3724478716182575,1.3715478803254724,-0.34562363251582434,1.4506381686452665,1.2477527413985403,1.6057716139407539,1.3202177607533314,-0.27986016484131826,-0.12459000680439548,0.06316909981819177,2
0.05279758279323938,0.5279976724320483,-0.34283420437907763,0.517784243929682,0.4505000071976035,0.5014865261694402,1.3715478803254724,1.346939565198416,0.5859260722066093,1.2477527413985403,-0.1889043044961856,1.3202177607533314,0.6107564396878027,-0.12459000680439548,1.8131785864290297,1
-0.7060063858499618,-0.3599988730018127,-0.34283420437907763,-1.2618546338524181,-0.42477219371265235,0.5014865261694402,0.5355088724952519,-0.34562363251582434,0.5859260722066093,-0.5046531526292226,-1.0862422637146554,-0.34195476764483496,0.6107564396878027,0.7909439647017144,0.9381738431236107,1
-0.7060063858499618,0.5279976724320483,0.538617457162585,0.517784243929682,-0.42477219371265235,-1.2404361647281947,1.3715478803254724,0.5006579663412959,0.5859260722066093,-0.5046531526292226,1.6057716139407539,-0.34195476764483496,1.5013730442169235,1.7064779362078242,0.9381738431236107,1
0.05279758279323938,-1.2479954184356736,-1.2242858659207403,-1.2618546338524181,-1.300044394622908,-1.2404361647281947,-1.136569143165189,-1.1919052313729446,-1.143498120670705,0.37154979438465885,-0.1889043044961856,-0.34195476764483496,-0.27986016484131826,-1.0401239783105054,0.06316909981819177,1
0.05279758279323938,-0.3599988730018127,0.538617457162585,1.4076036828207321,1.3257722081078593,0.5014865261694402,1.3715478803254724,1.346939565198416,1.4506381686452665,0.37154979438465885,-0.1889043044961856,1.3202177607533314,0.6107564396878027,0.7909439647017144,1.8131785864290297,2
0.8116015514364405,-0.3599988730018127,0.538617457162585,0.517784243929682,-0.42477219371265235,1.3724478716182575,0.5355088724952519,0.5006579663412959,1.4506381686452665,-0.5046531526292226,-1.0862422637146554,1.3202177607533314,-0.27986016484131826,0.7909439647017144,1.8131785864290297,1
0.8116015514364405,-0.3599988730018127,0.538617457162585,-0.3720351949613681,-1.300044394622908,1.3724478716182575,-1.136569143165189,-0.34562363251582434,-0.2787860242320479,0.37154979438465885,-1.0862422637146554,-1.1730410318439182,-1.1704767693704392,-0.12459000680439548,-0.8118356434872271,1
0.05279758279323938,-1.2479954184356736,-1.2242858659207403,-1.2618546338524181,-1.300044394622908,-1.2404361647281947,-1.136569143165189,-1.1919052313729446,-1.143498120670705,-1.380856099643104,-1.0862422637146554,-1.1730410318439182,-1.1704767693704392,-1.0401239783105054,-0.8118356434872271,0
0.05279758279323938,-0.3599988730018127,-1.2242858659207403,-0.3720351949613681,1.3257722081078593,-0.36947481927937725,1.3715478803254724,0.5006579663412959,0.5859260722066093,1.2477527413985403,-0.1889043044961856,0.4891314965542483,1.5013730442169235,1.7064779362078242,-0.8118356434872271,1
0.8116015514364405,1.4159942178659093,1.4200691187042478,1.4076036828207321,1.3257722081078593,1.3724478716182575,1.3715478803254724,1.346939565198416,1.4506381686452665,1.2477527413985403,1.6057716139407539,1.3202177607533314,1.5013730442169235,1.7064779362078242,1.8131785864290297,2
0.05279758279323938,-0.3599988730018127,0.538617457162585,0.517784243929682,0.4505000071976035,-0.36947481927937725,1.3715478803254724,0.5006579663412959,1.4506381686452665,0.37154979438465885,0.7084336547222841,0.4891314965542483,0.6107564396878027,0.7909439647017144,0.9381738431236107,1
0.8116015514364405,1.4159942178659093,1.4200691187042478,1.4076036828207321,1.3257722081078593,1.3724478716182575,1.3715478803254724,1.346939565198416,1.4506381686452665,1.2477527413985403,1.6057716139407539,1.3202177607533314,1.5013730442169235,1.7064779362078242,1.8131785864290297,2
0.05279758279323938,-1.2479954184356736,0.538617457162585,-1.2618546338524181,-0.42477219371265235,-1.2404361647281947,0.5355088724952519,-1.1919052313729446,1.4506381686452665,1.2477527413985403,-1.0862422637146554,-0.34195476764483496,0.6107564396878027,-1.0401239783105054,-0.8118356434872271,1
1.5704055200796414,1.4159942178659093,1.4200691187042478,1.4076036828207321,1.3257722081078593,1.3724478716182575,1.3715478803254724,0.5006579663412959,1.4506381686452665,1.2477527413985403,1.6057716139407539,1.3202177607533314,1.5013730442169235,0.7909439647017144,0.06316909981819177,2
-0.7060063858499618,-1.2479954184356736,-0.34283420437907763,-0.3720351949613681,-0.42477219371265235,-0.36947481927937725,-1.136569143165189,-0.34562363251582434,-1.143498120670705,-1.380856099643104,0.7084336547222841,-0.34195476764483496,-0.27986016484131826,-1.0401239783105054,-0.8118356434872271,0
0.05279758279323938,0.5279976724320483,0.538617457162585,0.517784243929682,0.4505000071976035,0.5014865261694402,0.5355088724952519,0.5006579663412959,1.4506381686452665,1.2477527413985403,1.6057716139407539,-0.34195476764483496,1.5013730442169235,1.7064779362078242,1.8131785864290297,1
0.8116015514364405,0.5279976724320483,0.538617457162585,-0.3720351949613681,0.4505000071976035,0.5014865261694402,-0.3005301353349685,0.5006579663412959,1.4506381686452665,-0.5046531526292226,0.7084336547222841,1.3202177607533314,-0.27986016484131826,-0.12459000680439548,0.06316909981819177,2
1.5704055200796414,1.4159942178659093,1.4200691187042478,1.4076036828207321,0.4505000071976035,1.3724478716182575,1.3715478803254724,0.5006579663412959,0.5859260722066093,-0.5046531526292226,-0.1889043044961856,1.3202177607533314,1.5013730442169235,1.7064779362078242,-0.8118356434872271,2
0.05279758279323938,1.4159942178659093,0.538617457162585,1.4076036828207321,1.3257722081078593,1.3724478716182575,-0.3005301353349685,-0.34562363251582434,-0.2787860242320479,1.2477527413985403,1.6057716139407539,1.3202177607533314,-1.1704767693704392,-1.0401239783105054,0.06316909981819177,1
0.05279758279323938,-0.3599988730018127,0.538617457162585,0.517784243929682,-0.42477219371265235,0.5014865261694402,-0.3005301353349685,-0.34562363251582434,-0.2787860242320479,0.37154979438465885,-0.1889043044961856,1.3202177607533314,0.6107564396878027,0.7909439647017144,-0.8118356434872271,1
0.8116015514364405,1.4159942178659093,0.538617457162585,1.4076036828207321,1.3257722081078593,1.3724478716182575,1.3715478803254724,0.5006579663412959,0.5859260722066093,0.37154979438465885,-0.1889043044961856,0.4891314965542483,0.6107564396878027,0.7909439647017144,0.9381738431236107,2
0.8116015514364405,1.4159942178659093,-1.2242858659207403,1.4076036828207321,1.3257722081078593,-0.36947481927937725,-0.3005301353349685,1.346939565198416,-0.2787860242320479,-0.5046531526292226,-0.1889043044961856,-0.34195476764483496,-0.27986016484131826,-0.12459000680439548,0.06316909981819177,1
0.05279758279323938,-0.3599988730018127,-0.34283420437907763,-0.3720351949613681,-0.42477219371265235,-0.36947481927937725,-0.3005301353349685,-0.34562363251582434,-0.2787860242320479,-0.5046531526292226,-0.1889043044961856,0.4891314965542483,-1.1704767693704392,-1.0401239783105054,-0.8118356434872271,1
-1.4648103544931628,-1.2479954184356736,-1.2242858659207403,-0.3720351949613681,-1.300044394622908,-1.2404361647281947,-1.136569143165189,-1.1919052313729446,-1.143498120670705,-1.380856099643104,-1.0862422637146554,-1.1730410318439182,-1.1704767693704392,-1.0401239783105054,-0.8118356434872271,0
1.5704055200796414,1.4159942178659093,0.538617457162585,0.517784243929682,0.4505000071976035,0.5014865261694402,1.3715478803254724,1.346939565198416,-1.143498120670705,1.2477527413985403,1.6057716139407539,1.3202177607533314,1.5013730442169235,-0.12459000680439548,1.8131785864290297,2
0.8116015514364405,0.5279976724320483,0.538617457162585,0.517784243929682,0.4505000071976035,0.5014865261694402,0.5355088724952519,0.5006579663412959,0.5859260722066093,0.37154979438465885,0.7084336547222841,0.4891314965542483,0.6107564396878027,-1.0401239783105054,0.06316909981819177,1
0.8116015514364405,-0.3599988730018127,0.538617457162585,1.4076036828207321,-1.300044394622908,-0.36947481927937725,-1.136569143165189,-0.34562363251582434,-0.2787860242320479,-0.5046531526292226,-1.0862422637146554,-1.1730410318439182,-0.27986016484131826,-1.0401239783105054,-0.8118356434872271,1
1.5704055200796414,-0.3599988730018127,0.538617457162585,1.4076036828207321,0.4505000071976035,-1.2404361647281947,-0.3005301353349685,1.346939565198416,0.5859260722066093,-1.380856099643104,-0.1889043044961856,-0.34195476764483496,-0.27986016484131826,0.7909439647017144,0.06316909981819177,1
1.5704055200796414,-0.3599988730018127,-0.34283420437907763,-0.3720351949613681,-0.42477219371265235,-0.36947481927937725,-0.3005301353349685,-0.34562363251582434,0.5859260722066093,-0.5046531526292226,-0.1889043044961856,-0.34195476764483496,-1.1704767693704392,-0.12459000680439548,0.9381738431236107,1
0.05279758279323938,0.5279976724320483,0.538617457162585,0.517784243929682,0.4505000071976035,0.5014865261694402,0.5355088724952519,1.346939565198416,0.5859260722066093,0.37154979438465885,0.7084336547222841,0.4891314965542483,0.6107564396878027,1.7064779362078242,1.8131785864290297,1
0.05279758279323938,0.5279976724320483,-0.34283420437907763,-0.3720351949613681,-0.42477219371265235,-0.36947481927937725,-0.3005301353349685,-0.34562363251582434,-0.2787860242320479,-0.5046531526292226,-0.1889043044961856,-0.34195476764483496,-0.27986016484131826,-0.12459000680439548,0.06316909981819177,1
1.5704055200796414,0.5279976724320483,1.4200691187042478,1.4076036828207321,1.3257722081078593,0.5014865261694402,1.3715478803254724,0.5006579663412959,1.4506381686452665,1.2477527413985403,1.6057716139407539,1.3202177607533314,1.5013730442169235,1.7064779362078242,-0.8118356434872271,2
-1.4648103544931628,-1.2479954184356736,-1.2242858659207403,-1.2618546338524181,-1.300044394622908,-1.2404361647281947,-1.136569143165189,-1.1919052313729446,-0.2787860242320479,-0.5046531526292226,-0.1889043044961856,-0.34195476764483496,-0.27986016484131826,-0.12459000680439548,0.06316909981819177,1
0.8116015514364405,0.5279976724320483,-0.34283420437907763,-0.3720351949613681,-0.42477219371265235,-0.36947481927937725,-0.3005301353349685,-0.34562363251582434,1.4506381686452665,0.37154979438465885,-0.1889043044961856,0.4891314965542483,0.6107564396878027,-0.12459000680439548,-0.8118356434872271,1
1.5704055200796414,1.4159942178659093,1.4200691187042478,1.4076036828207321,1.3257722081078593,1.3724478716182575,1.3715478803254724,1.346939565198416,1.4506381686452665,1.2477527413985403,1.6057716139407539,1.3202177607533314,1.5013730442169235,1.7064779362078242,1.8131785864290297,2
0.05279758279323938,-0.3599988730018127,1.4200691187042478,1.4076036828207321,1.3257722081078593,-0.36947481927937725,-1.136569143165189,-1.1919052313729446,-1.143498120670705,-0.5046531526292226,-1.0862422637146554,-1.1730410318439182,-1.1704767693704392,-0.12459000680439548,0.06316909981819177,1
0.05279758279323938,-0.3599988730018127,-0.34283420437907763,-0.3720351949613681,-0.42477219371265235,-0.36947481927937725,-0.3005301353349685,-0.34562363251582434,-0.2787860242320479,-0.5046531526292226,-0.1889043044961856,-0.34195476764483496,-0.27986016484131826,-0.12459000680439548,0.06316909981819177,1
1.5704055200796414,1.4159942178659093,1.4200691187042478,1.4076036828207321,1.3257722081078593,0.5014865261694402,1.3715478803254724,1.346939565198416,1.4506381686452665,1.2477527413985403,1.6057716139407539,1.3202177607533314,1.5013730442169235,1.7064779362078242,1.8131785864290297,2
0.8116015514364405,0.5279976724320483,0.538617457162585,0.517784243929682,0.4505000071976035,0.5014865261694402,0.5355088724952519,0.5006579663412959,-1.143498120670705,-0.5046531526292226,0.7084336547222841,0.4891314965542483,0.6107564396878027,0.7909439647017144,0.9381738431236107,2
0.05279758279323938,0.5279976724320483,0.538617457162585,0.517784243929682,0.4505000071976035,0.5014865261694402,-0.3005301353349685,0.5006579663412959,0.5859260722066093,0.37154979438465885,0.7084336547222841,-0.34195476764483496,0.6107564396878027,-0.12459000680439548,0.06316909981819177,1
-0.7060063858499618,-0.3599988730018127,0.538617457162585,-0.3720351949613681,0.4505000071976035,-0.36947481927937725,0.5355088724952519,-0.34562363251582434,0.5859260722066093,0.37154979438465885,-0.1889043044961856,0.4891314965542483,0.6107564396878027,0.7909439647017144,0.06316909981819177,1
0.05279758279323938,-0.3599988730018127,-0.34283420437907763,-1.2618546338524181,-1.300044394622908,-1.2404361647281947,-1.136569143165189,-1.1919052313729446,-0.2787860242320479,0.37154979438465885,-0.1889043044961856,-1.1730410318439182,-1.1704767693704392,-1.0401239783105054,-0.8118356434872271,1
-1.4648103544931628,-0.3599988730018127,-0.34283420437907763,-0.3720351949613681,-0.42477219371265235,-1.2404361647281947,-1.136569143165189,-1.1919052313729446,-1.143498120670705,-0.5046531526292226,-0.1889043044961856,-1.1730410318439182,-0.27986016484131826,-0.12459000680439548,-0.8118356434872271,1
-0.7060063858499618,-0.3599988730018127,-1.2242858659207403,-0.3720351949613681,-0.42477219371265235,-0.36947481927937725,-0.3005301353349685,-0.34562363251582434,-0.2787860242320479,-0.5046531526292226,0.7084336547222841,-1.1730410318439182,-1.1704767693704392,-1.0401239783105054,-0.8118356434872271,1
-0.7060063858499618,0.5279976724320483,0.538617457162585,0.517784243929682,0.4505000071976035,0.5014865261694402,1.3715478803254724,1.346939565198416,1.4506381686452665,0.37154979438465885,0.7084336547222841,1.3202177607533314,-0.27986016484131826,0.7909439647017144,-0.8118356434872271,2
0.8116015514364405,0.5279976724320483,0.538617457162585,0.517784243929682,1.3257722081078593,0.5014865261694402,0.5355088724952519,0.5006579663412959,-0.2787860242320479,1.2477527413985403,-0.1889043044961856,-0.34195476764483496,1.5013730442169235,1.7064779362078242,0.06316909981819177,2
0.8116015514364405,0.5279976724320483,0.538617457162585,0.517784243929682,0.4505000071976035,0.5014865261694402,0.5355088724952519,-0.34562363251582434,1.4506381686452665,1.2477527413985403,-0.1889043044961856,-0.34195476764483496,-0.27986016484131826,-1.0401239783105054,0.06316909981819177,1
-1.4648103544931628,-1.2479954184356736,-0.34283420437907763,-0.3720351949613681,-0.42477219371265235,-0.36947481927937725,-0.3005301353349685,-0.34562363251582434,-0.2787860242320479,-0.5046531526292226,-0.1889043044961856,-0.34195476764483496,-0.27986016484131826,-0.12459000680439548,0.06316909981819177,1
0.05279758279323938,0.5279976724320483,-0.34283420437907763,0.517784243929682,0.4505000071976035,0.5014865261694402,0.5355088724952519,-0.34562363251582434,-0.2787860242320479,0.37154979438465885,-0.1889043044961856,-0.34195476764483496,0.6107564396878027,0.7909439647017144,0.06316909981819177,1
0.8116015514364405,1.4159942178659093,1.4200691187042478,1.4076036828207321,-1.300044394622908,1.3724478716182575,1.3715478803254724,1.346939565198416,-1.143498120670705,-0.5046531526292226,1.6057716139407539,1.3202177607533314,1.5013730442169235,1.7064779362078242,1.8131785864290297,2
1.5704055200796414,1.4159942178659093,1.4200691187042478,1.4076036828207321,1.3257722081078593,1.3724478716182575,1.3715478803254724,1.346939565198416,1.4506381686452665,1.2477527413985403,0.7084336547222841,1.3202177607533314,-0.27986016484131826,-0.12459000680439548,1.8131785864290297,2
0.05279758279323938,0.5279976724320483,1.4200691187042478,0.517784243929682,0.4505000071976035,1.3724478716182575,1.3715478803254724,1.346939565198416,1.4506381686452665,0.37154979438465885,1.6057716139407539,0.4891314965542483,1.5013730442169235,1.7064779362078242,1.8131785864290297,2
0.05279758279323938,0.5279976724320483,-0.34283420437907763,1.4076036828207321,0.4505000071976035,-0.36947481927937725,-0.3005301353349685,0.5006579663412959,-0.2787860242320479,1.2477527413985403,-0.1889043044961856,-0.34195476764483496,0.6107564396878027,-1.0401239783105054,-0.8118356434872271,1
1.5704055200796414,1.4159942178659093,1.4200691187042478,1.4076036828207321,1.3257722081078593,1.3724478716182575,1.3715478803254724,1.346939565198416,0.5859260722066093,1.2477527413985403,-0.1889043044961856,1.3202177607533314,1.5013730442169235,1.7064779362078242,0.9381738431236107,2
0.05279758279323938,-0.3599988730018127,-0.34283420437907763,-0.3720351949613681,-0.42477219371265235,-0.36947481927937725,-0.3005301353349685,-0.34562363251582434,0.5859260722066093,0.37154979438465885,0.7084336547222841,1.3202177607533314,0.6107564396878027,-1.0401239783105054,-0.8118356434872271,1
1.5704055200796414,0.5279976724320483,0.538617457162585,1.4076036828207321,0.4505000071976035,-0.36947481927937725,0.5355088724952519,-0.34562363251582434,1.4506381686452665,1.2477527413985403,0.7084336547222841,0.4891314965542483,0.6107564396878027,-1.0401239783105054,-0.8118356434872271,1
1.5704055200796414,1.4159942178659093,-1.2242858659207403,0.517784243929682,0.4505000071976035,1.3724478716182575,1.3715478803254724,1.346939565198416,1.4506381686452665,1.2477527413985403,1.6057716139407539,1.3202177607533314,1.5013730442169235,1.7064779362078242,1.8131785864290297,2
0.8116015514364405,1.4159942178659093,1.4200691187042478,1.4076036828207321,1.3257722081078593,1.3724478716182575,1.3715478803254724,1.346939565198416,1.4506381686452665,1.2477527413985403,0.7084336547222841,0.4891314965542483,0.6107564396878027,1.7064779362078242,0.9381738431236107,2
-1.4648103544931628,-1.2479954184356736,-1.2242858659207403,-1.2618546338524181,-1.300044394622908,-1.2404361647281947,-1.136569143165189,-1.1919052313729446,-1.143498120670705,-1.380856099643104,-1.0862422637146554,-1.1730410318439182,-1.1704767693704392,-1.0401239783105054,-0.8118356434872271,0
-0.7060063858499618,0.5279976724320483,1.4200691187042478,0.517784243929682,0.4505000071976035,0.5014865261694402,-0.3005301353349685,0.5006579663412959,0.5859260722066093,0.37154979438465885,-1.0862422637146554,-0.34195476764483496,-0.27986016484131826,-0.12459000680439548,-0.8118356434872271,1
1.5704055200796414,1.4159942178659093,1.4200691187042478,1.4076036828207321,1.3257722081078593,1.3724478716182575,1.3715478803254724,1.346939565198416,1.4506381686452665,1.2477527413985403,1.6057716139407539,1.3202177607533314,1.5013730442169235,1.7064779362078242,1.8131785864290297,2
0.8116015514364405,0.5279976724320483,1.4200691187042478,0.517784243929682,1.3257722081078593,1.3724478716182575,1.3715478803254724,1.346939565198416,1.4506381686452665,1.2477527413985403,1.6057716139407539,1.3202177607533314,-0.27986016484131826,-0.12459000680439548,1.8131785864290297,2
0.05279758279323938,0.5279976724320483,1.4200691187042478,-0.3720351949613681,1.3257722081078593,1.3724478716182575,1.3715478803254724,0.5006579663412959,1.4506381686452665,1.2477527413985403,1.6057716139407539,1.3202177607533314,0.6107564396878027,1.7064779362078242,0.06316909981819177,2
0.8116015514364405,-0.3599988730018127,-0.34283420437907763,-0.3720351949613681,-1.300044394622908,-0.36947481927937725,-1.136569143165189,1.346939565198416,0.5859260722066093,0.37154979438465885,-0.1889043044961856,1.3202177607533314,0.6107564396878027,0.7909439647017144,0.06316909981819177,1
0.05279758279323938,-0.3599988730018127,1.4200691187042478,-0.3720351949613681,-1.300044394622908,-1.2404361647281947,-1.136569143165189,-1.1919052313729446,1.4506381686452665,-1.380856099643104,-1.0862422637146554,-1.1730410318439182,1.5013730442169235,-0.12459000680439548,-0.8118356434872271,1
1.5704055200796414,1.4159942178659093,-0.34283420437907763,-0.3720351949613681,0.4505000071976035,0.5014865261694402,0.5355088724952519,1.346939565198416,-0.2787860242320479,0.37154979438465885,-0.1889043044961856,0.4891314965542483,1.5013730442169235,0.7909439647017144,0.06316909981819177,2
-0.7060063858499618,-0.3599988730018127,-0.34283420437907763,-1.2618546338524181,-0.42477219371265235,-0.36947481927937725,-0.3005301353349685,-0.34562363251582434,-0.2787860242320479,-0.5046531526292226,0.7084336547222841,0.4891314965542483,1.5013730442169235,-0.12459000680439548,-0.8118356434872271,1
0.05279758279323938,0.5279976724320483,-0.34283420437907763,0.517784243929682,-1.300044394622908,-1.2404361647281947,0.5355088724952519,-0.34562363251582434,0.5859260722066093,0.37154979438465885,-0.1889043044961856,-0.34195476764483496,-0.27986016484131826,-1.0401239783105054,0.06316909981819177,1
0.05279758279323938,0.5279976724320483,0.538617457162585,-0.3720351949613681,-0.42477219371265235,0.5014865261694402,-0.3005301353349685,0.5006579663412959,0.5859260722066093,-1.380856099643104,0.7084336547222841,-0.34195476764483496,-0.27986016484131826,-0.12459000680439548,0.9381738431236107,1
-1.4648103544931628,-1.2479954184356736,-0.34283420437907763,-0.3720351949613681,-0.42477219371265235,-0.36947481927937725,-1.136569143165189,-1.1919052313729446,-1.143498120670705,-1.380856099643104,-0.1889043044961856,-1.1730410318439182,-0.27986016484131826,-0.12459000680439548,0.06316909981819177,1
1.5704055200796414,1.4159942178659093,-1.2242858659207403,-1.2618546338524181,1.3257722081078593,1.3724478716182575,1.3715478803254724,1.346939565198416,1.4506381686452665,1.2477527413985403,1.6057716139407539,-0.34195476764483496,-0.27986016484131826,-1.0401239783105054,0.06316909981819177,2
0.8116015514364405,1.4159942178659093,1.4200691187042478,1.4076036828207321,1.3257722081078593,1.3724478716182575,1.3715478803254724,1.346939565198416,0.5859260722066093,0.37154979438465885,0.7084336547222841,0.4891314965542483,1.5013730442169235,1.7064779362078242,1.8131785864290297,2
-0.7060063858499618,-0.3599988730018127,0.538617457162585,0.517784243929682,0.4505000071976035,-0.36947481927937725,-0.3005301353349685,-0.34562363251582434,-0.2787860242320479,-0.5046531526292226,-0.1889043044961856,-0.34195476764483496,-0.27986016484131826,-0.12459000680439548,-0.8118356434872271,1
0.8116015514364405,0.5279976724320483,0.538617457162585,0.517784243929682,-0.42477219371265235,-0.36947481927937725,-0.3005301353349685,-0.34562363251582434,-1.143498120670705,-0.5046531526292226,0.7084336547222841,0.4891314965542483,0.6107564396878027,-0.12459000680439548,0.06316909981819177,1
0.05279758279323938,0.5279976724320483,1.4200691187042478,0.517784243929682,0.4505000071976035,0.5014865261694402,0.5355088724952519,1.346939565198416,1.4506381686452665,1.2477527413985403,1.6057716139407539,0.4891314965542483,0.6107564396878027,1.7064779362078242,1.8131785864290297,2
0.05279758279323938,0.5279976724320483,1.4200691187042478,0.517784243929682,0.4505000071976035,1.3724478716182575,0.5355088724952519,1.346939565198416,1.4506381686452665,0.37154979438465885,0.7084336547222841,0.4891314965542483,0.6107564396878027,1.7064779362078242,-0.8118356434872271,2
-0.7060063858499618,0.5279976724320483,-0.34283420437907763,-0.3720351949613681,0.4505000071976035,-1.2404361647281947,-0.3005301353349685,1.346939565198416,-0.2787860242320479,1.2477527413985403,1.6057716139407539,1.3202177607533314,1.5013730442169235,-0.12459000680439548,0.9381738431236107,1
1.5704055200796414,1.4159942178659093,1.4200691187042478,-0.3720351949613681,1.3257722081078593,1.3724478716182575,1.3715478803254724,1.346939565198416,1.4506381686452665,1.2477527413985403,0.7084336547222841,1.3202177607533314,0.6107564396878027,1.7064779362078242,1.8131785864290297,2
1.5704055200796414,1.4159942178659093,1.4200691187042478,1.4076036828207321,1.3257722081078593,0.5014865261694402,1.3715478803254724,0.5006579663412959,1.4506381686452665,1.2477527413985403,1.6057716139407539,0.4891314965542483,1.5013730442169235,1.7064779362078242,-0.8118356434872271,2
0.05279758279323938,0.5279976724320483,0.538617457162585,1.4076036828207321,1.3257722081078593,0.5014865261694402,1.3715478803254724,1.346939565198416,1.4506381686452665,1.2477527413985403,-1.0862422637146554,-0.34195476764483496,0.6107564396878027,0.7909439647017144,-0.8118356434872271,2
0.05279758279323938,1.4159942178659093,1.4200691187042478,1.4076036828207321,1.3257722081078593,1.3724478716182575,1.3715478803254724,1.346939565198416,1.4506381686452665,1.2477527413985403,1.6057716139407539,1.3202177607533314,1.5013730442169235,0.7909439647017144,0.9381738431236107,2
0.05279758279323938,0.5279976724320483,1.4200691187042478,0.517784243929682,0.4505000071976035,1.3724478716182575,-0.3005301353349685,0.5006579663412959,1.4506381686452665,1.2477527413985403,1.6057716139407539,0.4891314965542483,0.6107564396878027,0.7909439647017144,-0.8118356434872271,2
1.5704055200796414,1.4159942178659093,1.4200691187042478,1.4076036828207321,1.3257722081078593,1.3724478716182575,1.3715478803254724,1.346939565198416,1.4506381686452665,1.2477527413985403,1.6057716139407539,1.3202177607533314,1.5013730442169235,1.7064779362078242,1.8131785864290297,2
-1.4648103544931628,-1.2479954184356736,-1.2242858659207403,0.517784243929682,-0.42477219371265235,-1.2404361647281947,0.5355088724952519,-1.1919052313729446,0.5859260722066093,0.37154979438465885,-1.0862422637146554,0.4891314965542483,0.6107564396878027,-0.12459000680439548,0.9381738431236107,1
-1.4648103544931628,-0.3599988730018127,-0.34283420437907763,-0.3720351949613681,-0.42477219371265235,-0.36947481927937725,-1.136569143165189,-1.1919052313729446,-0.2787860242320479,0.37154979438465885,-0.1889043044961856,-0.34195476764483496,-0.27986016484131826,-1.0401239783105054,-0.8118356434872271,1
0.05279758279323938,0.5279976724320483,1.4200691187042478,0.517784243929682,-0.42477219371265235,-0.36947481927937725,-0.3005301353349685,0.5006579663412959,-0.2787860242320479,1.2477527413985403,1.6057716139407539,0.4891314965542483,1.5013730442169235,1.7064779362078242,1.8131785864290297,1
0.05279758279323938,-0.3599988730018127,-0.34283420437907763,-0.3720351949613681,0.4505000071976035,-0.36947481927937725,-0.3005301353349685,-0.34562363251582434,0.5859260722066093,-0.5046531526292226,-0.1889043044961856,-0.34195476764483496,-0.27986016484131826,-0.12459000680439548,0.06316909981819177,1
0.05279758279323938,-0.3599988730018127,0.538617457162585,0.517784243929682,0.4505000071976035,0.5014865261694402,0.5355088724952519,0.5006579663412959,1.4506381686452665,0.37154979438465885,0.7084336547222841,0.4891314965542483,0.6107564396878027,0.7909439647017144,0.9381738431236107,1
0.8116015514364405,-0.3599988730018127,1.4200691187042478,0.517784243929682,-0.42477219371265235,-0.36947481927937725,0.5355088724952519,-0.34562363251582434,-0.2787860242320479,-0.5046531526292226,0.7084336547222841,0.4891314965542483,0.6107564396878027,-0.12459000680439548,0.9381738431236107,1
0.8116015514364405,-0.3599988730018127,1.4200691187042478,0.517784243929682,-0.42477219371265235,-0.36947481927937725,1.3715478803254724,1.346939565198416,-0.2787860242320479,0.37154979438465885,1.6057716139407539,-1.1730410318439182,-0.27986016484131826,1.7064779362078242,-0.8118356434872271,1
0.05279758279323938,1.4159942178659093,1.4200691187042478,1.4076036828207321,1.3257722081078593,1.3724478716182575,1.3715478803254724,1.346939565198416,1.4506381686452665,1.2477527413985403,1.6057716139407539,1.3202177607533314,0.6107564396878027,-0.12459000680439548,-0.8118356434872271,2
0.05279758279323938,0.5279976724320483,-0.34283420437907763,0.517784243929682,-1.300044394622908,-0.36947481927937725,-1.136569143165189,0.5006579663412959,0.5859260722066093,1.2477527413985403,1.6057716139407539,1.3202177607533314,1.5013730442169235,0.7909439647017144,1.8131785864290297,2
-0.5133042323793017,0.09102366681327372,0.10486412187793477,-0.5839320247457682,-0.6332048222495599,0.07289536799783038,0.12410263900971022,-0.5605411781290349,-1.143498120670705,-0.7271693778261248,-0.41678787426923075,-1.1730410318439182,-0.5060368121727299,-1.0401239783105054,-0.8118356434872271,0
-1.4648103544931628,-1.2479954184356736,-1.2242858659207403,-1.2618546338524181,-1.300044394622908,-1.2404361647281947,-1.136569143165189,-1.1919052313729446,-1.143498120670705,-1.380856099643104,-1.0862422637146554,-1.1730410318439182,-1.1704767693704392,-1.0401239783105054,-0.8118356434872271,0
-0.6773027655087859,-1.2479954184356736,-1.2242858659207403,-1.2618546338524181,-1.300044394622908,-1.2404361647281947,-1.136569143165189,-1.1919052313729446,-1.143498120670705,-1.380856099643104,-1.0862422637146554,-1.1730410318439182,-1.1704767693704392,-1.0401239783105054,-0.8118356434872271,0
-0.42155310237979826,-1.2479954184356736,-1.2242858659207403,-1.2618546338524181,-1.300044394622908,-1.2404361647281947,-1.136569143165189,-1.1919052313729446,-1.143498120670705,-1.380856099643104,-1.0862422637146554,-1.1730410318439182,-1.1704767693704392,-1.0401239783105054,-0.8118356434872271,0
-1.4648103544931628,-1.2479954184356736,-1.2242858659207403,-1.2618546338524181,-1.300044394622908,-1.2404361647281947,-1.136569143165189,-1.1919052313729446,-0.5258447213386982,-0.7549949246268733,-1.0862422637146554,-1.1730410318439182,-1.1704767693704392,-1.0401239783105054,-0.8118356434872271,0
0.05279758279323938,-1.131311898200917,-1.108462349135317,-1.1449315838281688,-1.300044394622908,-1.2404361647281947,-1.136569143165189,-1.1919052313729446,-1.143498120670705,-1.380856099643104,-1.0862422637146554,-1.1730410318439182,-1.1704767693704392,-1.0401239783105054,-0.8118356434872271,0
0.4722707321551107,-0.5585512051804741,-0.5399231277558504,-0.5709951185311213,-0.6204794154079478,-1.2404361647281947,-0.4874649783257379,-1.1919052313729446,-1.143498120670705,-0.7005684852800069,-1.0862422637146554,-1.1730410318439182,-0.4789983313303548,-1.0401239783105054,-0.8118356434872271,0
0.05279758279323938,-1.2479954184356736,-1.2242858659207403,-1.2618546338524181,-1.300044394622908,-1.2404361647281947,-1.136569143165189,-1.1919052313729446,-1.143498120670705,-1.380856099643104,-1.0862422637146554,-1.1730410318439182,-1.1704767693704392,-1.0401239783105054,-0.8118356434872271,0
0.0435747191618334,1.394407954793669,1.3986419548832383,1.3751578192752083,1.2938567866698685,1.3512757163601254,1.3512246504047292,-1.1816191230991784,-1.143498120670705,-1.3702063131004814,-1.075335592201123,-1.1730410318439182,-1.1596517923923597,-1.0401239783105054,-0.8118356434872271,0
-1.4648103544931628,-1.2479954184356736,-1.2242858659207403,-1.2618546338524181,-1.300044394622908,-1.2404361647281947,-1.136569143165189,-1.1919052313729446,-1.143498120670705,-1.380856099643104,-1.0862422637146554,-1.1730410318439182,-1.1704767693704392,-1.0401239783105054,-0.8118356434872271,0
-1.4648103544931628,-1.2479954184356736,-1.2242858659207403,-1.2618546338524181,-1.300044394622908,-1.2404361647281947,-1.136569143165189,-1.1919052313729446,-1.143498120670705,-1.380856099643104,-1.0862422637146554,-1.1730410318439182,-1.1704767693704392,-1.0401239783105054,-0.8118356434872271,0
-0.7060063858499618,-1.2479954184356736,0.34671329056041084,-0.46889816844997734,-0.5200516001703791,-1.2404361647281947,-1.136569143165189,-1.1919052313729446,-1.143498120670705,-1.285475375062599,-1.0862422637146554,-1.1730410318439182,-1.1704767693704392,-1.0401239783105054,-0.8118356434872271,0
-1.4648103544931628,-1.2479954184356736,-1.2242858659207403,-1.2618546338524181,-1.300044394622908,-1.2404361647281947,-1.136569143165189,-1.1919052313729446,-1.143498120670705,-1.380856099643104,-1.0862422637146554,-1.1730410318439182,-1.1704767693704392,-1.0401239783105054,-0.8118356434872271,0
-1.4648103544931628,-0.3662461097442969,-1.218084673770813,-1.2618546338524181,-1.300044394622908,-0.37560220991681814,-1.136569143165189,-1.1919052313729446,-1.143498120670705,-1.380856099643104,-1.0799293082216626,-0.34195476764483496,-0.28612583423371707,-1.0336830101612533,-0.8118356434872271,0
-1.4648103544931628,-1.1824643238857533,-1.2242858659207403,-0.3720351949613681,-1.2354523129873394,-1.2404361647281947,-1.136569143165189,-1.1919052313729446,-1.143498120670705,-1.3161953321424469,-1.0862422637146554,-1.1117097205472497,-1.1047523234598848,-0.9725607163147979,-0.8118356434872271,0
-1.1262732149037242,-1.2479954184356736,-1.2242858659207403,-1.2618546338524181,-1.300044394622908,-1.2404361647281947,-0.7635739217483655,-1.1919052313729446,-0.6645736212845067,-0.8955673434344024,-0.6858987777652726,-0.43146987971325224,-1.1704767693704392,-1.0401239783105054,-0.8118356434872271,0
-1.4415169966936519,-1.2479954184356736,-1.2242858659207403,-1.2618546338524181,-1.300044394622908,-1.2404361647281947,-1.136569143165189,-1.1919052313729446,-1.143498120670705,-1.380856099643104,-0.216450304536925,-1.1730410318439182,-1.1704767693704392,-1.0401239783105054,-0.8118356434872271,0
-1.1029351059949735,-0.824507951548805,-0.803919668271717,-1.2618546338524181,-0.42477219371265235,-0.8250728214391859,-1.136569143165189,-0.34562363251582434,-1.143498120670705,-1.380856099643104,-1.0862422637146554,-1.1730410318439182,-1.1704767693704392,-1.0401239783105054,-0.8118356434872271,0
-0.9872201700174996,-1.2479954184356736,-1.2242858659207403,-1.2618546338524181,-1.300044394622908,-1.2404361647281947,-1.136569143165189,-1.1919052313729446,-1.143498120670705,-0.5046531526292226,-0.7536875939753661,-0.865039330504661,-1.1704767693704392,-1.0401239783105054,-0.8118356434872271,0
-1.4648103544931628,-0.9778213053102905,-1.2242858659207403,-0.3720351949613681,-1.0337416800006434,-1.2404361647281947,-1.136569143165189,-1.1919052313729446,-1.143498120670705,-1.380856099643104,-1.0862422637146554,-1.1730410318439182,-1.1704767693704392,-1.0401239783105054,-0.8118356434872271,0
-0.3610988219928691,-1.2479954184356736,-1.2242858659207403,-1.2618546338524181,-1.300044394622908,-1.2404361647281947,-1.136569143165189,-1.1919052313729446,-1.143498120670705,-1.380856099643104,-1.0862422637146554,-1.1730410318439182,-1.1704767693704392,-1.0401239783105054,-0.8118356434872271,0
-0.899589540650551,-0.9172682801755674,-0.23941721850773284,-1.2618546338524181,-0.648068276710782,-0.591671133385145,-1.136569143165189,-1.1919052313729446,-0.8214430872985571,-1.0545213918212524,-1.0862422637146554,-1.1730410318439182,-1.1704767693704392,-1.0401239783105054,-0.8118356434872271,0
-1.4648103544931628,-0.8788679634370892,-1.2242858659207403,-1.2618546338524181,-1.300044394622908,-0.8783899985569206,-1.136569143165189,-1.1919052313729446,-1.143498120670705,-1.380856099643104,-1.0862422637146554,-0.8275703662590622,-0.8002601933040394,-1.0401239783105054,-0.8118356434872271,0
-0.7060063858499618,-1.2479954184356736,-0.25570976849627636,-0.3720351949613681,-1.2135307489230076,-1.2404361647281947,-1.136569143165189,-1.1919052313729446,-1.143498120670705,-0.5912587951257332,0.5310443164200654,-1.1730410318439182,-1.1704767693704392,-1.0401239783105054,-0.8118356434872271,0
-0.7060063858499618,-0.4003551017475006,-1.2242858659207403,-1.2618546338524181,-1.300044394622908,-1.2404361647281947,-1.136569143165189,-1.1919052313729446,-0.31808405905265846,-0.5444734050155217,-0.22968506668565578,-0.37972463010418783,-0.32033546578916644,-0.1661977118889876,0.023403301453353995,0
-1.4648103544931628,-1.2479954184356736,-1.2242858659207403,-1.2618546338524181,-1.300044394622908,-1.2404361647281947,-1.136569143165189,-1.1919052313729446,0.7217813625620982,-0.7508339273523547,-1.0862422637146554,-1.1730410318439182,-1.1704767693704392,-1.0401239783105054,-0.8118356434872271,0
-1.4648103544931628,-0.3599988730018127,-0.34283420437907763,-0.4161600203758045,-0.46817564318483607,-0.41266449982686776,-0.34198806898737544,-1.1499393828323028,-0.23590623466860725,-0.46120354883905856,-1.0862422637146554,-1.090616362951939,-1.1263124136950657,-1.0401239783105054,-0.8118356434872271,0
-0.622738109562501,-1.2479954184356736,-1.2242858659207403,-1.2618546338524181,-1.300044394622908,-1.2404361647281947,-1.136569143165189,-1.1919052313729446,-1.143498120670705,-1.380856099643104,-1.0862422637146554,-1.1730410318439182,-1.1704767693704392,-1.0401239783105054,-0.8118356434872271,0
-1.4648103544931628,-1.2479954184356736,-1.2242858659207403,-1.2618546338524181,-1.300044394622908,-1.2404361647281947,-1.136569143165189,-1.1919052313729446,-1.143498120670705,-1.380856099643104,-1.0862422637146554,-1.1730410318439182,-1.1704767693704392,-1.0401239783105054,-0.8118356434872271,0
0.05279758279323938,-1.2479954184356736,-1.2242858659207403,-1.2618546338524181,-0.967557017446598,-1.2404361647281947,-0.8189851771241424,-0.8704304388867284,-1.143498120670705,-1.380856099643104,-1.0862422637146554,-1.1730410318439182,-0.8321605534531459,-0.6923424669300375,-0.8118356434872271,0
-1.4648103544931628,-1.2479954184356736,-1.2242858659207403,-1.2618546338524181,-1.300044394622908,-1.2404361647281947,-1.136569143165189,-1.1919052313729446,-1.143498120670705,-1.380856099643104,-1.0862422637146554,-1.1730410318439182,-1.1704767693704392,-1.0401239783105054,-0.8118356434872271,0
0.05279758279323938,-0.5270498129595244,-0.5086539131887315,-1.2618546338524181,-1.300044394622908,-0.5333210776597763,-0.45780676306229234,-1.1919052313729446,-1.143498120670705,-1.380856099643104,-1.0862422637146554,-0.49829967949645476,-1.1704767693704392,-1.0401239783105054,-0.8118356434872271,0
0.05279758279323938,-1.2479954184356736,-1.2242858659207403,-1.2618546338524181,-1.300044394622908,-1.2404361647281947,-1.136569143165189,-1.1919052313729446,-1.143498120670705,-1.380856099643104,-1.0862422637146554,-1.1730410318439182,-1.1704767693704392,-1.0401239783105054,-0.8118356434872271,0
-0.7060063858499618,-1.2479954184356736,-1.2242858659207403,-1.2618546338524181,-1.300044394622908,-1.2404361647281947,-1.136569143165189,-1.1919052313729446,-1.143498120670705,-1.380856099643104,-1.0862422637146554,-1.1730410318439182,-1.1704767693704392,-1.0401239783105054,-0.8118356434872271,0
-1.4648103544931628,-1.2479954184356736,-0.8572988539389753,-1.2618546338524181,-1.300044394622908,-1.2404361647281947,-1.136569143165189,-1.1919052313729446,-0.2787860242320479,-1.380856099643104,-1.0862422637146554,-0.8270233452199385,-1.1704767693704392,-0.6589470048810386,-0.44753276651051943,0
-1.4648103544931628,-0.42902696208727453,-1.2242858659207403,-1.2618546338524181,-1.300044394622908,-0.4371786832783758,-1.136569143165189,-1.1919052313729446,-1.143498120670705,-1.380856099643104,-1.0862422637146554,-0.40655895667893616,-0.34909192326937694,-1.0401239783105054,-0.8118356434872271,0
-1.4453810329323775,-1.2479954184356736,-1.2017161265939889,-1.2618546338524181,-1.2776328815741431,-1.2181350319626434,-1.136569143165189,-1.1919052313729446,-0.2787860242320479,-1.380856099643104,-1.0862422637146554,-1.1730410318439182,-1.1476723599157654,-1.016681554881933,-0.8118356434872271,0
-0.7060063858499618,-1.2357506071694562,-0.34283420437907763,-0.3720351949613681,-0.42477219371265235,-0.38148472782015985,-1.1250407876611987,-0.34562363251582434,-1.143498120670705,-1.3687739133190047,0.6836864099066537,-0.35341482850136835,-0.29214110477187877,-1.0401239783105054,-0.8118356434872271,0
-1.006738175912605,-1.2479954184356736,-1.2242858659207403,-1.2618546338524181,-1.0358537337339913,-1.2404361647281947,-1.136569143165189,-1.1919052313729446,-1.143498120670705,-1.380856099643104,-1.0862422637146554,-0.9221873783563337,-1.1704767693704392,-1.0401239783105054,-0.8118356434872271,0
0.4048095010793224,-0.3599988730018127,-0.34283420437907763,-0.3720351949613681,-0.8940024401826613,-1.2404361647281947,-0.7487276095546933,-1.1919052313729446,-1.143498120670705,-0.9743823687033742,-1.0862422637146554,-1.1730410318439182,-0.7573164903351185,-1.0401239783105054,-0.8118356434872271,0
-0.4711356022072262,-1.2479954184356736,-1.2242858659207403,-1.2618546338524181,-1.300044394622908,-1.2404361647281947,-1.136569143165189,-1.1919052313729446,-1.143498120670705,-1.380856099643104,-1.0862422637146554,-1.1730410318439182,-1.1704767693704392,-1.0401239783105054,-0.8118356434872271,0
0.1940906608207357,-1.082646039192864,-1.0601551766540975,-1.096165822769336,-1.1370643517013583,-1.2404361647281947,-0.9808945161879407,-1.1919052313729446,-1.143498120670705,-1.2177027471616706,-1.0862422637146554,-1.1730410318439182,-1.00463952207543,-1.0401239783105054,-0.8118356434872271,0
-0.7060063858499618,-1.2479954184356736,-0.9463916341360653,-0.9813223027144716,-1.0240983541457462,-0.9658492025976504,-1.136569143165189,-0.9250990240120318,-1.143498120670705,-1.380856099643104,-0.5204368912632517,-0.9110254398232964,-0.8896931167564978,-1.0401239783105054,-0.8118356434872271,0
-0.8294007647934759,-1.2479954184356736,-1.2242858659207403,-1.2618546338524181,-1.300044394622908,-0.5111078875639725,-1.136569143165189,-1.1919052313729446,-1.143498120670705,-1.380856099643104,-0.9403199112285568,-0.47710347226046956,-1.1704767693704392,-1.0401239783105054,-0.8118356434872271,0
-0.7060063858499618,-1.2479954184356736,-1.1457724846946438,-1.182595911138283,-1.2220814353535605,-1.1628571854920373,-1.136569143165189,-1.1165245466516882,-1.143498120670705,-1.380856099643104,-0.926385426738378,-1.0990138383632115,-1.0911470408684962,-1.0401239783105054,-0.8118356434872271,0
-1.1954914657806355,-1.2479954184356736,-1.2242858659207403,-0.5299450058875326,-1.300044394622908,-1.2404361647281947,-1.136569143165189,-0.34562363251582434,-0.2787860242320479,0.37154979438465885,-1.0862422637146554,-1.1730410318439182,-0.8543742130941523,0.037883175976579614,-0.8118356434872271,0
-1.4648103544931628,-1.2479954184356736,-1.2242858659207403,-1.2618546338524181,-1.300044394622908,-1.2404361647281947,-1.136569143165189,-1.1919052313729446,-1.143498120670705,-1.380856099643104,-1.0862422637146554,-1.1730410318439182,-1.1704767693704392,-1.0401239783105054,-0.8118356434872271,0
-1.0485601033805214,-1.2479954184356736,-1.2242858659207403,-1.2618546338524181,-1.300044394622908,-0.6083625252838143,-1.136569143165189,-0.9597866983965287,-0.9063244617569783,-0.2643277775706875,0.21618906152982878,-0.5699055167610408,-0.03558140471358147,-0.5378977627267992,-0.8118356434872271,0
-1.4648103544931628,-0.7032848435280573,-0.6835900222482337,-1.2618546338524181,-1.300044394622908,-0.23033490149469887,-1.136569143165189,-0.34562363251582434,0.25164151583291866,0.7102765389765036,-1.0862422637146554,0.1678461759483893,-0.27986016484131826,-1.0401239783105054,-0.8118356434872271,0
-1.4648103544931628,-1.2479954184356736,-1.2242858659207403,-1.2618546338524181,-0.9339678917334302,-1.2404361647281947,-0.786901650072881,-0.837953845910063,-0.6404458369637783,-1.380856099643104,-1.0862422637146554,-1.1730410318439182,-1.1704767693704392,-1.0401239783105054,-0.8118356434872271,0
-0.7570522796575836,-1.2479954184356736,-1.2242858659207403,-1.2618546338524181,-1.300044394622908,-1.2404361647281947,-1.136569143165189,-1.1919052313729446,-1.143498120670705,-0.5046531526292226,-1.0258769782540142,-1.1171325983875986,-1.1704767693704392,-1.0401239783105054,-0.8118356434872271,0
-0.04883366939848499,-1.2479954184356736,-1.2242858659207403,-1.2618546338524181,-1.300044394622908,-1.2404361647281947,-1.136569143165189,-1.1919052313729446,-1.143498120670705,-1.380856099643104,-1.0862422637146554,-1.1730410318439182,-1.1704767693704392,-1.0401239783105054,-0.8118356434872271,0
-1.4304982481598187,-1.2479954184356736,-1.1844277940229353,-1.2216181821911292,-1.300044394622908,-1.2404361647281947,-1.136569143165189,-1.1919052313729446,-1.143498120670705,-0.5046531526292226,-0.14832787534452438,-0.3795353832554387,-1.1704767693704392,-1.0401239783105054,-0.8118356434872271,0
0.05279758279323938,-1.2479954184356736,-1.2242858659207403,-1.2618546338524181,-1.300044394622908,-1.2404361647281947,-1.136569143165189,-1.1919052313729446,-1.143498120670705,-1.380856099643104,-1.0862422637146554,-1.1730410318439182,-1.1704767693704392,-1.0401239783105054,-0.8118356434872271,0
-0.9916682826858073,-1.2479954184356736,-0.12505106332586566,-0.7070196168398297,-0.7542801134020879,-0.6973598598076751,-1.136569143165189,-1.1919052313729446,-1.143498120670705,-1.050997788141789,-0.7484273943597922,-0.34195476764483496,-1.1704767693704392,-1.0401239783105054,-0.8118356434872271,0
0.05279758279323938,-1.2479954184356736,-1.2242858659207403,-1.2618546338524181,-1.1342269915012058,-1.2404361647281947,-1.136569143165189,-1.1919052313729446,-1.143498120670705,-0.6706468825001446,-1.0862422637146554,-1.0155945072584323,-1.1704767693704392,-1.0401239783105054,-0.8118356434872271,0
0.04314265922091644,-1.2479954184356736,-1.2242858659207403,-1.2618546338524181,-1.300044394622908,-1.2404361647281947,-1.136569143165189,-1.1919052313729446,-1.143498120670705,-1.380856099643104,-1.0862422637146554,-1.1730410318439182,-1.1704767693704392,-1.0401239783105054,-0.8118356434872271,0
-1.3506734205728335,-1.2479954184356736,-1.2242858659207403,-1.2618546338524181,-1.300044394622908,-1.2404361647281947,-1.136569143165189,-1.1919052313729446,1.0604362529075153,-0.6364488758948,-1.0862422637146554,-1.1730410318439182,-1.1704767693704392,-1.0401239783105054,-0.8118356434872271,0
-0.5631528650891144,-1.2479954184356736,-0.8665317105991538,-1.2618546338524181,-1.300044394622908,-1.2404361647281947,-1.136569143165189,-1.1919052313729446,-1.143498120670705,-0.8602770159400978,-0.7220403481192801,-0.8357286443127698,-1.1704767693704392,-0.6685368602245019,-0.8118356434872271,0
-1.4648103544931628,-1.2479954184356736,-1.2242858659207403,-1.2618546338524181,-1.300044394622908,-1.2404361647281947,-1.136569143165189,-1.1919052313729446,-0.6081469553837745,-1.380856099643104,-1.0862422637146554,-1.1730410318439182,-1.1704767693704392,-1.0401239783105054,-0.8118356434872271,0
-1.4648103544931628,-1.2479954184356736,-1.1712478578511414,-0.34526444130605893,-1.300044394622908,-1.2404361647281947,-1.136569143165189,-1.1919052313729446,-1.143498120670705,-1.32813391304804,-1.0862422637146554,-1.1730410318439182,-1.1168872956432951,-1.0401239783105054,-0.8118356434872271,0
-1.4648103544931628,-0.5001967238466812,-1.2242858659207403,-0.5125208461882665,-0.5629611113417419,-0.8279112193483009,-1.136569143165189,-1.0582933812149482,-1.006976443707391,-0.22798142297678822,-1.0862422637146554,-0.34195476764483496,-0.27986016484131826,-0.2691354961316215,-0.8118356434872271,0
-1.4648103544931628,-1.2479954184356736,-1.2242858659207403,-1.2618546338524181,-1.300044394622908,-1.2404361647281947,-1.136569143165189,-1.1919052313729446,-1.143498120670705,-1.380856099643104,-1.0862422637146554,-1.1730410318439182,-1.1704767693704392,-1.0401239783105054,-0.8118356434872271,0
0.05279758279323938,-1.2479954184356736,-1.2242858659207403,-1.2618546338524181,-1.300044394622908,-1.2404361647281947,-1.136569143165189,-1.1919052313729446,-1.143498120670705,-1.380856099643104,-1.0862422637146554,-1.1730410318439182,-1.1704767693704392,-1.0401239783105054,-0.8118356434872271,0
-0.5767357864955965,-0.8796371333812336,-1.2242858659207403,-0.8927401770412524,-0.9369644158313231,-1.2404361647281947,-1.136569143165189,-0.6966777441912585,-0.6374854657420908,0.008083723957564836,-1.0862422637146554,-0.8282902413291852,0.24131130302337148,0.4111626182683237,-0.8118356434872271,0
-1.4648103544931628,-1.2479954184356736,-1.2242858659207403,-1.2618546338524181,-1.300044394622908,-1.2404361647281947,-1.136569143165189,-1.1919052313729446,0.7413829615941995,-0.7442132347893436,-1.0862422637146554,-1.1730410318439182,-1.1704767693704392,-1.0401239783105054,-0.8118356434872271,0
-1.4648103544931628,-1.2479954184356736,-1.2242858659207403,-0.42219920775850034,-0.4741160987437181,-1.2404361647281947,-1.136569143165189,-1.1919052313729446,-1.143498120670705,-0.5046531526292226,-1.0356543905999847,-1.1261881309399313,-1.1704767693704392,-1.0401239783105054,-0.8118356434872271,0
0.606303155903866,-0.3599988730018127,-0.34283420437907763,-0.3720351949613681,-0.5431769371818014,-1.2404361647281947,-0.41362750567232365,-1.077422267660479,-1.143498120670705,-0.5046531526292226,-1.0862422637146554,-1.1730410318439182,-0.40034066276981073,-1.0401239783105054,-0.8118356434872271,0
-1.4648103544931628,-1.0818521608890213,-1.2242858659207403,-0.3720351949613681,-1.1362818490961033,-1.077480175908011,-1.136569143165189,-1.1919052313729446,-1.143498120670705,-1.380856099643104,-1.0862422637146554,-1.1730410318439182,-1.1704767693704392,-1.0401239783105054,-0.8118356434872271,0
-0.7057921552190236,-1.2479954184356736,-1.2242858659207403,-1.2618546338524181,-1.300044394622908,-1.2404361647281947,-1.136569143165189,-1.1919052313729446,-1.143498120670705,-1.380856099643104,-1.0862422637146554,-1.1730410318439182,-1.1704767693704392,-1.0401239783105054,-0.8118356434872271,0
-0.708558367225476,-1.2479954184356736,-1.2242858659207403,-1.2588620261046215,-1.300044394622908,-1.2404361647281947,-1.136569143165189,-1.1919052313729446,-1.143498120670705,-1.380856099643104,-1.0862422637146554,-1.1730410318439182,-1.1704767693704392,-1.0401239783105054,-0.8118356434872271,0
0.05279758279323938,-1.2479954184356736,-1.2242858659207403,-1.2618546338524181,-1.300044394622908,-1.2404361647281947,-1.136569143165189,-1.1919052313729446,-1.143498120670705,-1.380856099643104,-1.0862422637146554,-1.1730410318439182,-1.1704767693704392,-1.0401239783105054,-0.8118356434872271,0
-1.4648103544931628,-1.2479954184356736,-1.2242858659207403,-1.2618546338524181,-1.300044394622908,-1.2404361647281947,-1.136569143165189,-1.1919052313729446,-1.143498120670705,-1.380856099643104,-0.3962006659118899,-1.1730410318439182,-1.1704767693704392,-1.0401239783105054,-0.8118356434872271,0
-1.4648103544931628,-0.40904671405577736,-1.2242858659207403,-0.3720351949613681,-0.47311721488413117,-0.41758173349586114,-1.136569143165189,-1.1451614849461396,-1.0957363791620804,-1.2840632391367495,-1.0862422637146554,-1.1730410318439182,-1.1704767693704392,-0.9895551276265235,-0.8118356434872271,0
-1.4648103544931628,-1.2479954184356736,-1.2242858659207403,-1.2618546338524181,-1.300044394622908,-1.2404361647281947,-1.136569143165189,-1.1919052313729446,-1.143498120670705,-1.380856099643104,-1.0862422637146554,-1.1730410318439182,-1.1704767693704392,-1.0401239783105054,-0.8118356434872271,0
-0.7060063858499618,-1.2479954184356736,-1.2242858659207403,-1.2618546338524181,-1.300044394622908,-0.5849054547678436,-0.5073227969050399,-1.1919052313729446,-0.4926709198405306,-1.380856099643104,-1.0862422637146554,-1.1730410318439182,-1.1704767693704392,-1.0401239783105054,-0.8118356434872271,0
-1.4648103544931628,-0.8479137827148246,-0.7399670810460113,-0.3720351949613681,-0.42477219371265235,-0.36947481927937725,-1.136569143165189,-0.726910843701749,-0.6683769880141809,-0.8994212517477475,-1.0862422637146554,-1.1730410318439182,-0.6811222528217026,-0.5370784683436316,-0.8118356434872271,0
-0.143215770815939,0.4133045579672629,-1.2242858659207403,-1.1469260755348187,-0.42477219371265235,-0.48196767727710565,1.0476009524399101,-1.1919052313729446,-1.143498120670705,-0.5046531526292226,-1.0862422637146554,-1.0656984160195238,-1.0554452496052475,-0.9218741459994507,-0.8118356434872271,0
-1.4299440916220032,-1.2479954184356736,-0.34283420437907763,-1.2618546338524181,-1.2598265361220848,-1.2004163856074606,-1.136569143165189,-1.1919052313729446,-0.2787860242320479,-1.380856099643104,-1.0862422637146554,-0.3801423277441689,-1.1295538512860013,-0.12459000680439548,0.022963530719562454,0
-1.1659741041621312,-1.2479954184356736,-1.2242858659207403,-1.2618546338524181,-1.300044394622908,-1.2404361647281947,-1.136569143165189,-1.1919052313729446,-1.143498120670705,-1.380856099643104,-0.5422987543065007,-1.1730410318439182,-1.1704767693704392,-1.0401239783105054,-0.8118356434872271,0
-1.2913152862754198,-1.2479954184356736,-1.2242858659207403,-1.2618546338524181,-1.300044394622908,-1.2404361647281947,-1.136569143165189,-1.1919052313729446,0.8575075695977205,-0.7049906526248784,-1.0862422637146554,-1.1730410318439182,-1.1704767693704392,-1.0401239783105054,-0.8118356434872271,0
-1.2156955309174802,-1.2479954184356736,-1.2242858659207403,-1.2618546338524181,-1.300044394622908,-1.2404361647281947,-1.136569143165189,-1.1919052313729446,-1.143498120670705,-1.380856099643104,-1.0862422637146554,-1.1730410318439182,-0.5722489865650084,-1.0401239783105054,-0.8118356434872271,0
-1.4648103544931628,-1.2479954184356736,-0.6794357013233036,-1.2618546338524181,-0.21798346368217553,-1.2404361647281947,-1.136569143165189,-1.1919052313729446,0.3816322352966955,-0.5046531526292226,-1.0862422637146554,-1.1730410318439182,-0.619961494690268,-0.47420657542400435,-0.8118356434872271,0
-0.49075300093347096,-1.2479954184356736,-0.9085827430084149,-0.9431544850607425,-0.9865545241263044,-0.9284902819407066,-1.136569143165189,-0.34562363251582434,-0.2787860242320479,0.05772656533378224,-1.0862422637146554,-1.1730410318439182,0.2917707758844734,0.463033829015685,-0.8118356434872271,0
-1.4648103544931628,-1.2479954184356736,-1.2242858659207403,-1.2618546338524181,-1.300044394622908,-1.2404361647281947,-1.136569143165189,-1.1919052313729446,-0.3769806478495152,-0.5046531526292226,-1.0862422637146554,-1.1730410318439182,-1.1704767693704392,-1.0401239783105054,-0.8118356434872271,0
-0.4567948232569738,-0.9563535506941975,-0.35580880860210384,-1.2618546338524181,-0.7251186907600834,-0.6683420618322929,-1.136569143165189,-1.1919052313729446,-0.859503490105106,-1.0930875657431633,-1.0862422637146554,-1.1730410318439182,-1.1704767693704392,-1.0401239783105054,-0.8118356434872271,0
-0.3111948374885437,-1.2479954184356736,-1.2242858659207403,-1.2618546338524181,-1.300044394622908,-1.2404361647281947,-1.136569143165189,-1.1919052313729446,-1.143498120670705,-1.380856099643104,-1.0862422637146554,-1.1730410318439182,-1.1704767693704392,-1.0401239783105054,-0.8118356434872271,0
-0.8787720937880252,-0.3599988730018127,-1.0235955340136416,-1.2618546338524181,-1.300044394622908,-1.2404361647281947,-1.136569143165189,-0.9992224759006209,-0.08190698342924746,-0.3051578564871297,-0.39321165420770604,-0.15273171040556832,-0.27986016484131826,-0.333040253857564,-0.13605338737653008,0
-1.4648103544931628,-1.2479954184356736,-1.2242858659207403,-1.2618546338524181,-0.00478464525387526,-0.4045980793942982,-1.136569143165189,0.4665299664220657,-1.143498120670705,-1.380856099643104,-1.0862422637146554,-1.1730410318439182,-0.7431264160016614,-1.0401239783105054,-0.8118356434872271,0
-0.7060063858499618,-1.1167331013673212,-1.0939910037699216,-1.2618546338524181,-1.300044394622908,-1.2404361647281947,-1.136569143165189,-1.066809155121858,-1.015677675918733,-0.5046531526292226,-0.9535991128757582,-1.1730410318439182,-1.0388271590975486,-0.9047911202350638,-0.8118356434872271,0
-1.4648103544931628,-1.2479954184356736,-0.8293134044330545,-1.2618546338524181,-1.300044394622908,-1.2404361647281947,-1.136569143165189,-1.1919052313729446,0.49615712945423174,-0.2029944544354177,0.12003074478691239,-1.1730410318439182,-1.1704767693704392,-1.0401239783105054,-0.8118356434872271,0
0.05279758279323938,-1.2479954184356736,-1.2242858659207403,-1.2618546338524181,-0.9157456066325642,-1.2404361647281947,-0.7694961605117093,-0.8203351159264608,-1.143498120670705,-1.380856099643104,-1.0862422637146554,-1.1730410318439182,-0.7794408364016167,-0.6381477756527689,-0.8118356434872271,0
-1.4648103544931628,-1.2479954184356736,-1.2242858659207403,-1.2618546338524181,-1.300044394622908,-1.2404361647281947,-1.136569143165189,-1.1919052313729446,-1.143498120670705,-1.380856099643104,-1.0862422637146554,-1.1730410318439182,-1.1704767693704392,-1.0401239783105054,-0.8118356434872271,0
-0.7060063858499618,-1.2479954184356736,-0.6984848472055873,-0.7310620925766359,-0.7779295300519554,-0.7208927993012717,-1.136569143165189,-0.6870837576455052,-1.143498120670705,-1.380856099643104,-0.015687328771018295,-0.6772838355936345,-0.6392087051330808,-1.0401239783105054,-0.8118356434872271,0
-0.7060063858499618,-1.2479954184356736,-1.2242858659207403,-1.2618546338524181,-0.5420719976741354,-1.2404361647281947,-0.4125720939629825,-0.4590382543202348,-1.143498120670705,-0.6220776907424126,0.588176703120189,-1.1730410318439182,-0.39921635255922233,-1.0401239783105054,-0.6945716829177572,0
-1.4648103544931628,-1.2479954184356736,-1.2242858659207403,-1.2618546338524181,-1.300044394622908,-0.3193376223044102,-1.136569143165189,-0.34562363251582434,-0.2787860242320479,0.3967692601933533,-0.21473209252004297,-0.34195476764483496,-0.27986016484131826,-0.15094152476012157,0.03798412151899565,0
-1.4648103544931628,-0.3599988730018127,-1.0084511930846003,-0.3720351949613681,-0.42477219371265235,-1.0271701794794001,-0.9318543373439765,-1.1919052313729446,-0.9317623436845174,-0.5046531526292226,-1.0862422637146554,-0.5454568310685822,-0.497938990768962,-0.3487701675914123,-0.8118356434872271,0
-0.23531303649566918,-1.2479954184356736,-1.2242858659207403,-1.2618546338524181,-1.300044394622908,-1.2404361647281947,-1.136569143165189,-1.1919052313729446,-1.143498120670705,-1.380856099643104,-1.0862422637146554,-1.1730410318439182,-1.1704767693704392,-1.0401239783105054,-0.8118356434872271,0
-1.4648103544931628,-1.2479954184356736,-1.2242858659207403,-1.2618546338524181,-1.300044394622908,-1.2404361647281947,-1.136569143165189,-1.1919052313729446,-1.143498120670705,-1.380856099643104,-1.0862422637146554,-1.1730410318439182,-1.1704767693704392,-1.0401239783105054,-0.8118356434872271,0
-1.4648103544931628,-1.2479954184356736,-1.2242858659207403,-1.2618546338524181,-1.300044394622908,-1.2404361647281947,-1.136569143165189,-1.1919052313729446,-1.143498120670705,-1.380856099643104,-1.0862422637146554,-1.1730410318439182,-1.1704767693704392,-1.0401239783105054,-0.8118356434872271,0
-0.8094856027349321,-1.2479954184356736,-1.2242858659207403,-1.2618546338524181,-1.300044394622908,-1.2404361647281947,-1.136569143165189,-1.1919052313729446,-1.143498120670705,-1.380856099643104,-0.963870962116012,-1.1730410318439182,-1.1704767693704392,-1.0401239783105054,-0.8118356434872271,0
0.800565001405063,-0.37291448586938236,-0.3556546240986001,-0.3849773212048207,-0.4375027352432832,-1.2404361647281947,-0.31269004318916677,-1.1919052313729446,-1.143498120670705,-0.5173972315507523,-1.0862422637146554,-1.1730410318439182,-0.2928138855924585,-1.0401239783105054,-0.8118356434872271,0
0.05279758279323938,-1.2479954184356736,-1.2242858659207403,-1.2618546338524181,-1.300044394622908,-1.2404361647281947,-1.136569143165189,-1.1919052313729446,-1.143498120670705,-1.380856099643104,-1.0862422637146554,-1.1730410318439182,-1.1704767693704392,-1.0401239783105054,-0.8118356434872271,0
-1.4648103544931628,-1.2479954184356736,-1.2242858659207403,-1.2618546338524181,-1.300044394622908,-1.2404361647281947,-1.136569143165189,-1.1919052313729446,-1.143498120670705,-1.380856099643104,-1.0862422637146554,-1.1730410318439182,-1.1704767693704392,-1.0401239783105054,-0.8118356434872271,0
-0.40837004775162217,-1.2479954184356736,-1.2242858659207403,-1.2618546338524181,-1.300044394622908,-0.7111042205437267,-0.628461457627461,-1.1919052313729446,-0.6179641947858167,-1.380856099643104,-1.0862422637146554,-1.1730410318439182,-1.1704767693704392,-1.0401239783105054,-0.8118356434872271,0
-1.4648103544931628,-1.2479954184356736,-0.7284472012797029,-1.2618546338524181,-1.300044394622908,-1.2404361647281947,-1.136569143165189,-1.1919052313729446,-0.6570758811945248,-1.380856099643104,-1.0862422637146554,-0.7055341662703212,-1.1704767693704392,-0.5251131595991059,-0.3196235320297394,0
-1.4648103544931628,-1.2479954184356736,-1.2242858659207403,-0.3720351949613681,-1.216157164214339,-1.2404361647281947,-1.136569143165189,-0.42673236577620866,-0.3616611604417765,0.2875733600544236,-1.0862422637146554,-1.1730410318439182,-1.1704767693704392,-0.2123359778688644,-0.8118356434872271,0
-1.4648103544931628,-0.6692485246469593,-1.2242858659207403,-0.3720351949613681,-0.7295905228131655,-0.6727918693978971,-1.136569143165189,-1.1919052313729446,-1.143498120670705,-1.380856099643104,-1.0862422637146554,-1.1730410318439182,-1.1704767693704392,-1.0401239783105054,-0.8118356434872271,0
-0.7272369456374727,-0.7915745276724467,-1.2242858659207403,-0.8044967950123378,-0.8501636832012625,-1.2404361647281947,-1.136569143165189,-0.7806034791977434,-0.7232389529508624,-0.07880931075132694,-1.0862422637146554,-0.7458714274604958,0.1529888660886345,0.3203691263788361,-0.8118356434872271,0
-1.4648103544931628,-1.2479954184356736,-1.2242858659207403,-1.2618546338524181,-1.300044394622908,-1.2404361647281947,-1.136569143165189,-1.1919052313729446,-1.143498120670705,-1.380856099643104,-1.0862422637146554,-1.1730410318439182,-1.1704767693704392,-1.0401239783105054,-0.8118356434872271,0
-1.4648103544931628,-0.3599988730018127,-1.2242858659207403,-0.3720351949613681,-0.42477219371265235,-0.8950627295096437,-1.136569143165189,-1.1919052313729446,-1.143498120670705,-0.8521051071162036,-1.0862422637146554,-0.6715160271993297,-0.6330277511828182,-0.4876383951750708,-0.8118356434872271,0
-0.7060063858499618,-0.9124097137645142,-0.34283420437907763,-0.7083097953140669,-1.300044394622908,-1.2404361647281947,-1.136569143165189,-0.8720841598124193,-0.8167119189526988,-0.5046531526292226,0.3693177055432462,-1.1730410318439182,-0.833900909520992,-0.6941315140851513,-0.8118356434872271,0
-1.3603713904608616,-1.2479954184356736,-1.2242858659207403,-1.2618546338524181,-1.300044394622908,-1.2404361647281947,-1.136569143165189,-1.1919052313729446,-1.143498120670705,-1.380856099643104,-0.3124105732037802,-1.1730410318439182,-1.1704767693704392,-1.0401239783105054,-0.8118356434872271,0
0.09110153389645426,-0.3599988730018127,-0.34283420437907763,-0.3720351949613681,-1.2558611997911555,-1.2404361647281947,-1.0943664154520358,-1.1919052313729446,-1.143498120670705,-1.3366259213285072,-1.0862422637146554,-1.1730410318439182,-1.1255189986136607,-1.0401239783105054,-0.8118356434872271,0
-0.05880235821788476,-1.2479954184356736,-0.47247236851269414,-1.2618546338524181,-0.5535015230609439,0.24529589250984846,-1.136569143165189,-1.1919052313729446,-1.143498120670705,-0.6335193700468356,-0.9542676464826358,-1.1730410318439182,-0.4108462490426164,-1.0401239783105054,-0.6831456500598799,0
-1.4648103544931628,-1.2479954184356736,-1.15957640614162,-1.2618546338524181,-1.300044394622908,-0.433414160041315,-1.136569143165189,-0.4077511744700531,-0.15182488712975847,0.43587393356544496,-0.05715288325825369,-0.40296678399535135,-0.34524244485040717,-0.19180152989798774,-0.0010670763828160125,0
-1.0913905582704286,-0.8109978502293264,-1.2242858659207403,-1.2618546338524181,-1.300044394622908,-1.2404361647281947,-1.136569143165189,-0.33227996032068563,0.1603871607261812,-0.05964395188517951,0.266839024592133,0.08014040498727373,0.17246949771184664,0.34039478045574006,0.5075697524211351,0
-1.072896621050992,-1.0186752937485182,0.310987512012658,0.2879933672367405,-1.300044394622908,-1.2404361647281947,-1.136569143165189,-1.1919052313729446,-1.143498120670705,-0.08099919377003001,-1.0862422637146554,-1.1730410318439182,0.1507629591967664,-1.0401239783105054,-0.8118356434872271,0
-1.1164163205135726,-0.3599988730018127,-0.34283420437907763,-0.3720351949613681,-0.42477219371265235,-0.7693643152763135,-0.3005301353349685,-0.8033470894911557,-0.6758062665587831,-0.5046531526292226,-1.0862422637146554,-1.1730410318439182,-1.1704767693704392,-1.0401239783105054,-0.8118356434872271,0
-1.4648103544931628,-1.2479954184356736,-1.2242858659207403,-1.2618546338524181,-1.300044394622908,-1.2404361647281947,-1.136569143165189,-1.1919052313729446,-1.143498120670705,-1.380856099643104,-1.0862422637146554,-1.1730410318439182,-1.1704767693704392,-1.0401239783105054,-0.8118356434872271,0
-1.4648103544931628,-0.797442038685694,-1.2242858659207403,-1.2618546338524181,-1.300044394622908,-0.798526137215839,-1.136569143165189,-1.1919052313729446,-1.143498120670705,-1.380856099643104,-1.0862422637146554,-0.7513628990582418,-0.7185940190428551,-1.0401239783105054,-0.8118356434872271,0
-0.7060063858499618,-1.2479954184356736,-0.04093984908225749,-0.6645647683619278,-0.7125193392017903,-0.6558047640938507,-1.136569143165189,-1.1919052313729446,-1.143498120670705,-1.0928029698736301,-1.0862422637146554,-0.6151757152881131,-1.1704767693704392,-1.0401239783105054,-0.8118356434872271,0
0.05279758279323938,-1.2479954184356736,-1.2242858659207403,-1.2618546338524181,-1.300044394622908,-1.2404361647281947,-1.136569143165189,-1.1919052313729446,-1.143498120670705,-1.380856099643104,-1.0862422637146554,-1.1730410318439182,-1.1704767693704392,-1.0401239783105054,-0.8118356434872271,0
-1.4648103544931628,-0.573247352877925,-1.2242858659207403,-1.2618546338524181,-1.300044394622908,-0.578632370514071,-1.136569143165189,-1.1919052313729446,-1.143498120670705,-1.380856099643104,-1.0862422637146554,-0.5415364928189806,-0.4937378404300973,-1.0401239783105054,-0.8118356434872271,0
-0.0047678116500960285,-1.1806290451500647,-1.157416009309278,-1.2618546338524181,-1.300044394622908,-0.43554884559912427,-1.136569143165189,-0.34562363251582434,0.5203261347149529,-0.5046531526292226,-1.0181672196901057,-1.1730410318439182,1.36624276484009,1.5675670280578322,-0.003211672119824469,0
-0.14279130613362612,-1.2479954184356736,-1.2242858659207403,-1.2618546338524181,-1.300044394622908,-1.2404361647281947,-1.136569143165189,-1.1919052313729446,-1.143498120670705,-0.6175779447776629,-1.0862422637146554,-1.1730410318439182,-1.1704767693704392,-1.0401239783105054,-0.8118356434872271,0
-1.4648103544931628,-1.2479954184356736,-1.2242858659207403,-1.2618546338524181,-1.300044394622908,-1.2404361647281947,-1.136569143165189,-1.1919052313729446,-1.143498120670705,-1.380856099643104,-1.0862422637146554,-1.1730410318439182,-1.1704767693704392,-1.0401239783105054,-0.8118356434872271,0
-0.1777311505762022,-1.2479954184356736,-1.2242858659207403,-1.2618546338524181,-1.300044394622908,-1.2404361647281947,-1.136569143165189,-1.1919052313729446,-1.143498120670705,-0.6377507403440413,-1.0862422637146554,-1.1730410318439182,-1.1704767693704392,-1.0401239783105054,-0.8118356434872271,0
-1.4648103544931628,-1.1247173687106473,-0.4652036463780314,-0.3720351949613681,-0.42477219371265235,-0.36947481927937725,-1.136569143165189,-0.4631105141503806,-0.39883155973637074,-0.6262939304302407,-1.0862422637146554,-1.1730410318439182,-0.40350194996271393,-0.25169099953307433,-0.8118356434872271,0
-1.4648103544931628,-1.2479954184356736,-1.2242858659207403,-1.2618546338524181,-0.9857120421043605,-1.2404361647281947,-0.8363264211236937,-0.8879841362150377,-0.589325976537328,-1.380856099643104,-1.0862422637146554,-1.1730410318439182,-1.1704767693704392,-1.0401239783105054,-0.8118356434872271,0
0.05279758279323938,-1.2479954184356736,-1.2242858659207403,-1.2618546338524181,-0.5839667754864349,-1.2404361647281947,-0.4525889806401063,-0.49954540114140056,-1.143498120670705,-1.380856099643104,-1.0862422637146554,-1.1730410318439182,-0.44184558804035456,-0.29110740281221104,-0.8118356434872271,0
-0.20949612362302183,-0.0859050344901481,-1.2242858659207403,-1.2618546338524181,-0.42477219371265235,-0.6705376614407667,0.7935652151465719,-0.8993733701690284,-1.143498120670705,-0.5046531526292226,-0.4658815145417993,-1.1730410318439182,-0.8626197471997344,-1.0401239783105054,-0.8118356434872271,0
0.131114946966533,-1.1563438829834765,-1.0423338107633344,-1.0781752754834468,-1.1193679233808838,-1.1505428593540228,-1.136569143165189,-1.1919052313729446,-1.143498120670705,-1.290421800236763,-1.0862422637146554,-1.0872632970106584,-1.07855481345288,-1.0401239783105054,-0.8118356434872271,0
-0.6664903644389781,-0.8271191192140767,-0.7606084796957983,-1.2618546338524181,-0.8396176417325716,0.08868425827496049,-1.136569143165189,-1.1919052313729446,-1.143498120670705,-0.9199397385990845,-1.0862422637146554,-0.7791380228641778,-0.27986016484131826,-1.0401239783105054,-0.8118356434872271,0
-0.9582648932049271,-1.2479954184356736,-1.2242858659207403,-1.2618546338524181,-1.300044394622908,-1.2404361647281947,-1.136569143165189,-1.1919052313729446,-1.143498120670705,-1.380856099643104,-1.0862422637146554,-1.1730410318439182,-1.1704767693704392,-1.0401239783105054,-0.8118356434872271,0
-0.7060063858499618,-1.2479954184356736,-1.2242858659207403,-1.2618546338524181,-1.300044394622908,-1.2404361647281947,-1.136569143165189,-1.1919052313729446,-1.143498120670705,-1.380856099643104,-0.34353346605304563,-1.1730410318439182,-1.1704767693704392,-1.0401239783105054,-0.08761160484901319,0
-1.4648103544931628,-1.2479954184356736,-0.5123276795041964,-1.2618546338524181,-1.300044394622908,-1.0729598621915617,-1.136569143165189,-1.0291745730928759,1.1180888874929102,1.0792685364399752,1.2606751425049647,-1.0132322695557128,-0.9992209763508245,-0.86407684924359,-0.6435818399440953,0
-1.4648103544931628,-1.2117042283743784,-1.2242858659207403,-1.2618546338524181,-1.300044394622908,-0.36947481927937725,-1.136569143165189,-1.1919052313729446,-1.143498120670705,-0.5404623546422909,0.6350877332889943,-0.34195476764483496,-0.27986016484131826,-1.0401239783105054,-0.8118356434872271,0
-1.336621758191015,-1.2479954184356736,-1.0753777738831354,-1.1115329308205206,-1.300044394622908,-1.2404361647281947,-1.136569143165189,-1.1919052313729446,-1.143498120670705,-0.5046531526292226,-0.0373124597585659,-0.4823543781057167,-1.1704767693704392,-1.0401239783105054,-0.8118356434872271,0
-1.4648103544931628,-1.2479954184356736,-1.2242858659207403,-1.2618546338524181,-1.300044394622908,-1.2404361647281947,-1.136569143165189,-1.1919052313729446,-1.143498120670705,-1.380856099643104,-0.8362525774297359,-1.1730410318439182,-1.1704767693704392,-1.0401239783105054,-0.8118356434872271,0
-0.8403226438106122,-1.0908107198923478,0.22656508621051938,-0.3720351949613681,-0.42477219371265235,-0.5236441088235994,-1.136569143165189,-1.1919052313729446,-1.143498120670705,-1.380856099643104,-1.0862422637146554,-0.48906574974646705,-1.1704767693704392,-1.0401239783105054,-0.8118356434872271,0
-0.7060063858499618,-1.2479954184356736,-1.146098870157628,-1.1829253950365004,-0.5024110556605067,-1.2404361647281947,-0.3746889136492439,-0.42069095460642303,-1.143498120670705,-0.5046531526292226,0.7084336547222841,-1.1730410318439182,-0.35886011426915687,-1.0401239783105054,-0.8118356434872271,0
-0.03874139495862617,0.31374919884657215,-1.2242858659207403,-1.2618546338524181,-0.5303614181196011,-0.47454399988254664,1.0689789983744302,-1.1919052313729446,-1.143498120670705,-0.5046531526292226,-1.0862422637146554,-1.1730410318439182,-1.1704767693704392,-1.0401239783105054,-0.8118356434872271,0
-1.4648103544931628,-1.2479954184356736,-1.2242858659207403,-1.2618546338524181,-1.300044394622908,-1.2404361647281947,-1.136569143165189,-1.1919052313729446,-1.143498120670705,-1.380856099643104,-1.0862422637146554,-1.1730410318439182,-1.1704767693704392,-1.0401239783105054,-0.8118356434872271,0
-0.8625732302411858,-1.064771789284807,-0.34283420437907763,-1.078254880316272,-0.42477219371265235,-0.36947481927937725,-0.96406610594729,-1.1919052313729446,-0.2787860242320479,-1.2000658875076162,-1.0862422637146554,-1.1730410318439182,-0.46362440052775294,-0.31349553547207404,-0.8118356434872271,0
-1.4648103544931628,-0.6834692512181763,-1.2242858659207403,-0.3720351949613681,-0.7436074767174744,-1.2404361647281947,-1.136569143165189,-1.1919052313729446,-1.143498120670705,-0.8238274783878834,-1.0862422637146554,-0.6446944456235991,-0.6042849516202499,-0.4580914393897188,-0.8118356434872271,0
-1.4648103544931628,-1.2479954184356736,-1.2242858659207403,-1.2618546338524181,-1.300044394622908,-1.2404361647281947,-1.136569143165189,-1.1919052313729446,-1.143498120670705,-1.380856099643104,-1.0862422637146554,-1.1730410318439182,-1.1704767693704392,-1.0401239783105054,-0.8118356434872271,0
-0.7060063858499618,-0.3599988730018127,-0.9513838731942031,-1.2618546338524181,-1.300044394622908,-1.2404361647281947,-1.136569143165189,-0.9298920719309711,-0.2787860242320479,-0.5046531526292226,-0.1889043044961856,-0.5992633728959728,-0.27986016484131826,-0.12459000680439548,-0.2077368936830007,0
-0.7358365935772441,-0.3599988730018127,-1.2242858659207403,-1.226873927637405,-1.2656355714616978,-1.2404361647281947,-1.136569143165189,-1.1919052313729446,-0.3127797070895342,-0.5046531526292226,-0.2241805798337084,-0.34195476764483496,-0.27986016484131826,-0.12459000680439548,0.02877079098774427,0
-0.7060063858499618,-1.2479954184356736,-1.2242858659207403,-1.2618546338524181,-1.300044394622908,-1.2404361647281947,-0.9688684120880453,-1.1919052313729446,-1.143498120670705,-1.380856099643104,-0.9062456004312487,-0.839626507428182,-1.1704767693704392,-1.0401239783105054,-0.8118356434872271,0
-0.7060063858499618,-1.2479954184356736,-1.2242858659207403,-1.2618546338524181,-1.300044394622908,-0.9163517873182149,-1.136569143165189,-1.1919052313729446,-1.143498120670705,-1.380856099643104,-0.5228034096164018,-0.8637941566359829,-1.1704767693704392,-1.0401239783105054,-0.26241982435936284,0
-0.768045463765192,-1.2479954184356736,-1.2242858659207403,-1.2618546338524181,-1.300044394622908,-1.2404361647281947,-1.136569143165189,-1.1919052313729446,-1.143498120670705,-1.380856099643104,-1.0128767808379768,-1.1730410318439182,-1.1704767693704392,-1.0401239783105054,-0.8118356434872271,0
-1.4648103544931628,-1.2479954184356736,-1.2242858659207403,-1.2618546338524181,-1.300044394622908,-1.2404361647281947,-1.136569143165189,-1.1919052313729446,-1.143498120670705,-1.380856099643104,-1.0862422637146554,-1.1730410318439182,-1.1704767693704392,-1.0401239783105054,-0.8118356434872271,0
-1.4648103544931628,-1.2479954184356736,-1.2242858659207403,-1.2618546338524181,-1.300044394622908,-1.2404361647281947,-1.136569143165189,-1.1919052313729446,-1.143498120670705,-1.380856099643104,-1.0862422637146554,-1.1730410318439182,-1.1704767693704392,-1.0401239783105054,-0.8118356434872271,0
-0.6596601875154611,-1.1937584010824067,-0.34283420437907763,-0.42638355092803304,-0.47823203406192716,-0.36947481927937725,-1.0855055862078347,-0.3973127860367294,-1.143498120670705,-1.380856099643104,0.598818511023502,-0.34195476764483496,-0.334257210058823,-1.0401239783105054,-0.8118356434872271,0
-1.0446186380077747,-1.2479954184356736,-0.5868884673821781,-1.2618546338524181,0.20815669872094508,-1.2404361647281947,-0.9050886289178358,-0.9575887726111297,-0.5182054758184212,-0.7472541638980751,-1.0862422637146554,-1.1730410318439182,-0.27986016484131826,-0.12459000680439548,-0.8118356434872271,0
0.6645463134254421,-0.01581368489528284,0.7094416610936389,0.6902301124020238,0.6201266395667215,-0.03189243108398879,-0.6504992738834624,-1.1919052313729446,-1.143498120670705,-0.6744601624020609,-1.0862422637146554,-0.503018222028183,-0.4524605229941111,-1.0401239783105054,-0.8118356434872271,0
-1.4648103544931628,-0.5835433982875746,-1.2242858659207403,-0.3720351949613681,-0.6451134885683769,-0.588730898046528,-1.136569143165189,-0.9788620396540405,-0.9258152297842416,-0.9397048973070531,-1.0862422637146554,-1.1730410318439182,-1.1704767693704392,-0.8096471728592783,-0.8118356434872271,0
-1.324795072707455,-1.2479954184356736,-1.2242858659207403,-1.2618546338524181,-1.300044394622908,-1.2404361647281947,-1.136569143165189,-1.1919052313729446,-1.143498120670705,-0.5046531526292226,-0.35448201943834895,-0.49530765228793333,-1.1704767693704392,-1.0401239783105054,-0.8118356434872271,0
-0.26491261196808963,-0.3599988730018127,1.0510065009087155,-1.0755715364287255,0.2672623642016083,0.3191513578472995,-0.9615449425928376,-1.1919052313729446,-0.2787860242320479,-0.5046531526292226,-1.0862422637146554,-1.1730410318439182,-1.1704767693704392,-1.0401239783105054,-0.8118356434872271,0
-0.9871220877196544,-1.2479954184356736,-1.2242858659207403,-1.2618546338524181,-1.300044394622908,-1.2404361647281947,-1.136569143165189,-1.1919052313729446,-1.143498120670705,-1.380856099643104,-0.7538035830484614,-1.1730410318439182,-1.1704767693704392,-1.0401239783105054,-0.8118356434872271,0
-0.7060063858499618,-0.7902536100347415,-0.7699177947308298,-1.2618546338524181,-1.300044394622908,-1.2404361647281947,-1.136569143165189,-0.7556665191063067,-0.6977589105292924,-0.5046531526292226,-0.6236851712219375,-1.1730410318439182,-0.7113843807284592,-0.5681872597223273,-0.8118356434872271,0
-0.7060063858499618,-1.2479954184356736,-1.2242858659207403,-1.2618546338524181,-1.300044394622908,-0.7019601570860169,-1.136569143165189,-1.1919052313729446,-1.143498120670705,-1.380856099643104,-1.0862422637146554,-0.6592179834495469,-1.1704767693704392,-1.0401239783105054,-0.8118356434872271,0
-0.9049440869088613,-1.2479954184356736,-1.2242858659207403,-1.2618546338524181,-1.300044394622908,-1.2404361647281947,-1.136569143165189,-1.1919052313729446,-1.143498120670705,-0.827896370813874,-1.0862422637146554,-1.1730410318439182,-1.1704767693704392,-1.0401239783105054,-0.8118356434872271,0
-1.0569795640870507,-1.2479954184356736,-1.2242858659207403,-1.2618546338524181,-0.8952006156356473,-1.2404361647281947,-1.136569143165189,-0.8004706122768599,-1.143498120670705,-1.380856099643104,-1.0862422637146554,-1.1730410318439182,-1.1704767693704392,-1.0401239783105054,-0.8118356434872271,0
-0.7060063858499618,-0.3599988730018127,-0.34283420437907763,-0.5967404630948722,-0.6458038614861215,-1.0204931132402435,-0.3005301353349685,-0.34562363251582434,-1.143498120670705,-0.5046531526292226,-0.8596383506962457,-1.1730410318439182,-0.9455701937462011,-1.0401239783105054,-0.8118356434872271,0
-1.4648103544931628,-1.2479954184356736,-1.2242858659207403,-1.2618546338524181,-0.4568799814431434,-1.2404361647281947,-0.3311987238836586,-0.37666795210927967,-1.143498120670705,-1.380856099643104,-1.0862422637146554,-1.1730410318439182,-1.1704767693704392,-1.0401239783105054,-0.8118356434872271,0
-0.514456230649556,-1.2479954184356736,-1.2242858659207403,-1.2618546338524181,-1.300044394622908,-0.5893376399662338,-0.5115772678240362,-1.1919052313729446,-0.4970713035943347,-1.380856099643104,-1.0862422637146554,-1.1730410318439182,-1.1704767693704392,-1.0401239783105054,-0.8118356434872271,0
-0.38222536089479797,-0.6145434504835158,-0.09016572057541068,-0.1169680843152734,-1.300044394622908,-1.2404361647281947,-1.136569143165189,-1.1919052313729446,-1.143498120670705,-0.8785282244216946,-1.0862422637146554,-1.1730410318439182,-0.6598855323577065,-1.0401239783105054,-0.8118356434872271,0
0.05279758279323938,-1.2479954184356736,-1.2242858659207403,-1.2618546338524181,-1.300044394622908,-1.2404361647281947,-1.136569143165189,-1.1919052313729446,-1.143498120670705,-1.380856099643104,-1.0862422637146554,-1.1730410318439182,-1.1704767693704392,-1.0401239783105054,-0.8118356434872271,0
-1.4648103544931628,-0.7936276174605278,-0.34283420437907763,-0.8065540994158483,-0.852187353706199,-0.7947848913073247,-0.7087868421297023,-1.1919052313729446,0.5657308213008518,0.3510861759939975,0.2283288388821582,-1.1730410318439182,-1.1704767693704392,-1.0401239783105054,-0.8118356434872271,0
-0.35097224159464774,-1.2479954184356736,-0.8118665200949151,-1.2618546338524181,-0.8905163350948521,-0.4254140279468374,-1.136569143165189,-1.1919052313729446,-1.143498120670705,-0.9708925565645197,-0.6087566347740497,-1.1730410318439182,-0.7537692703124701,-1.0401239783105054,-0.3462338199032978,0
-1.4648103544931628,-1.2479954184356736,-1.2242858659207403,-1.2618546338524181,-0.518576875953997,-1.2404361647281947,-1.136569143165189,-0.43632133362518344,-1.143498120670705,-1.380856099643104,-1.0862422637146554,-1.1730410318439182,-1.1704767693704392,-1.0401239783105054,-0.8118356434872271,0
-1.4648103544931628,-1.2479954184356736,-1.2242858659207403,-1.2618546338524181,-1.300044394622908,-1.2404361647281947,-1.136569143165189,-1.1919052313729446,-1.143498120670705,-1.380856099643104,-1.0862422637146554,-1.1730410318439182,-1.1704767693704392,-1.0401239783105054,-0.8118356434872271,0
-1.4648103544931628,-1.2479954184356736,-1.2242858659207403,-0.7879214366717245,-1.300044394622908,-0.8333638702803156,-1.136569143165189,-0.34562363251582434,-0.2787860242320479,0.37154979438465885,-0.666841995421456,-0.7846056618708679,-0.754217946205073,-0.12459000680439548,-0.4028735346963197,0
-0.7060063858499618,-1.2479954184356736,-1.2242858659207403,-1.2618546338524181,-1.300044394622908,-1.2404361647281947,-1.136569143165189,-1.1919052313729446,-1.143498120670705,-1.380856099643104,-0.40648229139844844,-1.1730410318439182,-1.1704767693704392,-1.0401239783105054,-0.1489937409738505,0
-1.4648103544931628,-1.2479954184356736,-1.2242858659207403,-1.2618546338524181,-1.300044394622908,0.9034469782569388,-1.136569143165189,-0.34562363251582434,-0.2787860242320479,1.0118410289771538,-0.8446400923211507,-0.34195476764483496,-0.27986016484131826,-0.7936226537782819,-0.5762465393036424,0
0.05279758279323938,-1.2479954184356736,-1.2242858659207403,-1.2618546338524181,-0.9698180548137412,-1.2404361647281947,-0.8211448657731452,-0.34562363251582434,-0.6050282038633504,-0.2896051967632137,-1.0862422637146554,-1.1730410318439182,0.2747408994009526,0.4455274964681803,-0.8118356434872271,0
-0.7212364903791231,-1.2479954184356736,-1.2242858659207403,-1.2618546338524181,-1.300044394622908,-1.2404361647281947,-0.31731043961102295,-1.1919052313729446,-1.143498120670705,-1.380856099643104,-0.20691495214912084,0.4557697029960652,-1.1704767693704392,-1.0401239783105054,-0.8118356434872271,0
-1.2204154054313565,-1.2479954184356736,-1.2242858659207403,-1.2618546338524181,-1.300044394622908,-1.2404361647281947,-1.136569143165189,-1.1919052313729446,0.6151209171733361,-0.7868598666849753,-1.0862422637146554,-1.1730410318439182,-1.1704767693704392,-1.0401239783105054,-0.8118356434872271,0
-0.8664539727206353,-1.2479954184356736,-1.2242858659207403,-1.2618546338524181,-1.300044394622908,0.13316044483707723,-1.136569143165189,-1.1919052313729446,-1.143498120670705,-0.6899245194998068,-1.0862422637146554,-1.1730410318439182,-1.1704767693704392,-1.0401239783105054,-0.8118356434872271,0
-1.4648103544931628,-0.6508153903745375,-1.2242858659207403,-0.3720351949613681,-0.7114215219456969,-1.2404361647281947,-1.136569143165189,-1.1919052313729446,-1.143498120670705,-0.7916072977467544,-1.0862422637146554,-0.6141333186014696,-0.5715347446302903,-0.42442495830157684,-0.8118356434872271,0
-0.7060063858499618,-1.2479954184356736,-1.2242858659207403,-1.2618546338524181,-1.300044394622908,-1.2404361647281947,-1.136569143165189,-1.1919052313729446,-1.143498120670705,-1.380856099643104,-0.29637141145452583,-1.1730410318439182,-1.1704767693704392,-1.0401239783105054,-0.04162333359202188,0
-1.4648103544931628,-1.2479954184356736,-1.1277909556354366,-1.2618546338524181,-1.300044394622908,-1.2404361647281947,-1.136569143165189,-1.1919052313729446,-1.048835736096459,-1.380856099643104,-1.0862422637146554,-1.0820597585623224,-1.1704767693704392,-0.939897984874728,-0.7160464948720927,0
-1.4648103544931628,-1.2479954184356736,-1.2242858659207403,-1.2618546338524181,-1.300044394622908,-1.2404361647281947,-1.136569143165189,-1.1919052313729446,-1.143498120670705,-1.380856099643104,-0.7215573453758599,-1.1730410318439182,-1.1704767693704392,-1.0401239783105054,-0.8118356434872271,0
-0.7060063858499618,-1.2479954184356736,-1.2242858659207403,-1.2618546338524181,-1.300044394622908,-0.9609466888588741,-1.136569143165189,-1.1919052313729446,-1.143498120670705,-1.380856099643104,-1.0862422637146554,-0.9063473770715623,-1.1704767693704392,-1.0401239783105054,-0.8118356434872271,0
-0.26715781890452506,-1.2479954184356736,-1.2242858659207403,-1.2618546338524181,-0.6093047477119905,-1.0568124630463345,-1.136569143165189,-1.1919052313729446,-1.143498120670705,-1.1961273175955673,-0.7078729627293577,-0.34195476764483496,-0.9827091737618266,-1.0401239783105054,-0.8118356434872271,0
0.8139656827064164,-1.2479954184356736,-1.2242858659207403,-1.2618546338524181,-1.300044394622908,-1.2404361647281947,-1.136569143165189,-1.1919052313729446,-1.143498120670705,-1.380856099643104,-1.0862422637146554,-1.1730410318439182,-1.1704767693704392,-1.0401239783105054,-0.8118356434872271,0
-1.4648103544931628,-1.2479954184356736,0.38538539244990583,0.4404408819554821,-1.300044394622908,-1.2404361647281947,-1.136569143165189,-1.1919052313729446,-1.143498120670705,0.21923016922966643,-1.0862422637146554,-1.1730410318439182,0.4559311360055741,-1.0401239783105054,-0.8118356434872271,0
-1.4648103544931628,-1.2479954184356736,-0.7508524122098849,-0.7839267921867257,-0.8299299696420915,-0.7726371284165507,-1.136569143165189,0.04611458337447646,0.12148354841977546,-0.09906454041718736,-0.2554985215144065,-0.4036322420794828,0.13240043514298927,0.29920467934866674,-0.0017677003795886067,0
-0.7060063858499618,-1.2479954184356736,-0.49592669991835664,-0.8942178293169033,-0.9384179106674225,-0.8805907489955302,-1.136569143165189,-1.1919052313729446,-1.143498120670705,-0.8666641826042888,-1.0862422637146554,-0.8296703600992207,-1.1704767693704392,-1.0401239783105054,-0.8118356434872271,0
-0.3196833113523008,-0.3599988730018127,-0.34283420437907763,-0.3720351949613681,-1.0772346429273547,-1.2404361647281947,-0.9237466137295169,-0.5610535213090188,-1.143498120670705,-0.5046531526292226,-1.0862422637146554,-1.1730410318439182,-0.9437609382213396,-1.0401239783105054,-0.8118356434872271,0
-1.4648103544931628,-1.2479954184356736,-1.2242858659207403,-0.8777555786343596,-1.300044394622908,0.244571534138175,-1.136569143165189,-0.34562363251582434,-0.2787860242320479,0.8695313748854203,-1.0862422637146554,-0.7007010873267306,-0.6643033242169764,-0.6449249996123217,-0.8118356434872271,0
-1.4648103544931628,-1.2479954184356736,-0.4552900742582157,-1.2618546338524181,-1.300044394622908,-1.2404361647281947,-1.136569143165189,-1.1919052313729446,-1.143498120670705,-1.380856099643104,-0.3033869530432312,-0.4479850048805879,-1.1704767693704392,-0.24139410810877004,-0.8118356434872271,0
-0.9213366693753531,-0.3599988730018127,-0.5929689480508537,-1.0093453165837976,-1.051663232989157,-0.6166326639997912,-0.5377778620650562,-0.5857779597922964,-1.143498120670705,-0.5046531526292226,-0.4435471966809857,-0.9371987744239454,-0.27986016484131826,-0.7803174962568554,-0.8118356434872271,0
-1.4648103544931628,-1.2479954184356736,-1.2242858659207403,-1.2618546338524181,-1.300044394622908,-1.2404361647281947,-1.136569143165189,-1.1919052313729446,-0.8295364669720794,-1.380856099643104,-1.0862422637146554,-1.1730410318439182,-1.1704767693704392,-1.0401239783105054,-0.8118356434872271,0
-0.9274515494817352,-1.2479954184356736,-1.2242858659207403,-1.2618546338524181,-0.9901255991388438,-1.2404361647281947,-1.136569143165189,-1.1919052313729446,-1.143498120670705,-1.380856099643104,-1.0862422637146554,-0.8787677147248931,-1.1704767693704392,-1.0401239783105054,-0.8118356434872271,0
-1.0317015116949544,-1.2479954184356736,-0.34283420437907763,-1.2618546338524181,-0.8004580116635251,-0.7433103245407642,-1.136569143165189,-1.1919052313729446,0.4635203597813517,-0.25260015652892276,0.06922849670741582,-1.1730410318439182,-0.6621321337273248,-0.5175570501874521,-0.8118356434872271,0
-1.4648103544931628,-1.2479954184356736,-1.2242858659207403,-1.2618546338524181,-1.300044394622908,-1.2404361647281947,-1.136569143165189,-1.1919052313729446,-1.143498120670705,-1.380856099643104,-1.0862422637146554,-1.1730410318439182,-1.1704767693704392,-1.0401239783105054,-0.8118356434872271,0
0.05279758279323938,-1.2479954184356736,-1.2242858659207403,-1.2618546338524181,-1.300044394622908,-1.2404361647281947,-1.136569143165189,-1.1919052313729446,-1.143498120670705,-1.380856099643104,-1.0862422637146554,-1.1730410318439182,-1.1704767693704392,-1.0401239783105054,-0.8118356434872271,0
-1.4648103544931628,-1.2479954184356736,-1.2242858659207403,-0.7228244239979457,-1.300044394622908,-1.2404361647281947,-1.136569143165189,-1.1919052313729446,-1.143498120670705,-1.035434834576529,-0.7324890446438318,-0.8454058992100247,-1.1704767693704392,-1.0401239783105054,-0.8118356434872271,0
-0.8860150168877284,-0.3599988730018127,-0.5519381541169679,-1.0507656231399716,-1.0924063785052653,-0.5760901849862654,-0.49886098692867564,-0.5463843011179068,-1.143498120670705,-0.5046531526292226,-0.4017769096645078,-0.9758851037321166,-0.27986016484131826,-0.8229347915247975,-0.8118356434872271,0
-1.4648103544931628,-1.1576129343630386,-1.2242858659207403,-1.2618546338524181,-1.300044394622908,-0.36947481927937725,-1.136569143165189,-1.1919052313729446,-1.143498120670705,-0.59383525509358,0.5257671021914784,-0.34195476764483496,-0.27986016484131826,-1.0401239783105054,-0.8118356434872271,0
-1.348820233036708,-1.2479954184356736,-1.2242858659207403,-1.2618546338524181,-1.300044394622908,-1.2404361647281947,-1.136569143165189,-1.1919052313729446,-0.4109651709359401,-0.6385887808605394,-1.0862422637146554,-1.1730410318439182,-1.1704767693704392,-1.0401239783105054,-0.8118356434872271,0
-1.4648103544931628,-1.2479954184356736,-0.5596340527326152,-1.2618546338524181,-1.300044394622908,-1.2404361647281947,-1.136569143165189,-1.1919052313729446,1.025272922751951,0.6012260820445027,0.9436499958130581,-1.1730410318439182,-1.1704767693704392,-1.0401239783105054,-0.8118356434872271,0
-1.4648103544931628,-1.2479954184356736,-1.2242858659207403,-0.5150126043554293,-0.5654121329308259,-1.2404361647281947,-1.136569143165189,-1.1919052313729446,-1.143498120670705,-0.5046531526292226,-0.9420567681495045,-1.0395009496152556,-1.1704767693704392,-1.0401239783105054,-0.8118356434872271,0
0.670033753168358,-0.3599988730018127,0.37416764382367823,0.18576231461587012,0.12390614768027744,-0.36947481927937725,-0.9805918334834984,-1.1919052313729446,-1.143498120670705,-0.6681237289185864,-1.0862422637146554,-0.34195476764483496,-0.44601985431899505,-1.0401239783105054,-0.8118356434872271,0
-0.7060063858499618,-1.2479954184356736,-0.5941318145217698,-0.6257184179990763,-0.6743080694841965,-0.6177816909859278,-1.136569143165189,-0.5868944277044936,-1.143498120670705,-1.380856099643104,0.1967802210047199,-0.5788934463358117,-0.5337706559510893,-1.0401239783105054,-0.8118356434872271,0
-0.7060063858499618,-1.2479954184356736,-0.9186449786407134,-1.1075834385687153,-1.1482953062895442,-1.2404361647281947,-1.136569143165189,-1.1919052313729446,-1.143498120670705,-0.6565636077608787,-1.0862422637146554,-1.1730410318439182,-1.1704767693704392,-1.0401239783105054,-0.8118356434872271,0
-1.3081407435038344,-1.2479954184356736,-0.4338304923706632,-1.2618546338524181,-1.300044394622908,-1.1505228400639886,-1.136569143165189,-1.1045397098684597,-0.1895178381358094,-1.2904016604670512,-1.0862422637146554,-0.4277516052282379,-0.8946494884027829,0.06443951477263614,0.06316909981819177,0
0.05279758279323938,-1.2479954184356736,-1.2242858659207403,-1.2618546338524181,-1.300044394622908,-1.2404361647281947,-1.136569143165189,-1.1919052313729446,-1.143498120670705,-1.380856099643104,-1.0862422637146554,-1.1730410318439182,-1.1704767693704392,-1.0401239783105054,-0.8118356434872271,0
-0.7060063858499618,-1.2479954184356736,-1.2242858659207403,-1.2618546338524181,-1.300044394622908,-1.2404361647281947,-1.136569143165189,-1.1919052313729446,-1.143498120670705,-1.380856099643104,-0.6595682844000016,-1.1730410318439182,-1.1704767693704392,-1.0401239783105054,-0.3957808539734975,0
0.5001908103981081,-0.72442983762565,-0.704579169420541,-0.737214269275976,-0.7839811277184788,-1.2404361647281947,-0.6436378913880757,-1.1919052313729446,-1.143498120670705,-0.8642440618827101,-1.0862422637146554,-1.1730410318439182,-0.6453663934043756,-1.0401239783105054,-0.8118356434872271,0
-0.7060063858499618,-1.2479954184356736,-0.35836660178364865,-1.2618546338524181,-0.4401957004741392,-0.354127275753428,-1.136569143165189,-1.1919052313729446,-0.2940234473471556,-1.3654161918479644,-1.0862422637146554,-1.1730410318439182,-0.29555406121728206,-0.14072298164948968,-0.8118356434872271,0
-1.4648103544931628,-1.2479954184356736,-1.2242858659207403,-1.2618546338524181,-1.300044394622908,-1.2404361647281947,-1.136569143165189,-1.1919052313729446,-1.143498120670705,-1.380856099643104,-1.0862422637146554,-1.1730410318439182,-0.3796438714653994,-1.0401239783105054,-0.8118356434872271,0
-0.24909682470958763,-1.2479954184356736,-0.6935246832116001,-1.2618546338524181,-0.7730041395338869,0.15496967833021572,-1.136569143165189,-1.1919052313729446,-1.143498120670705,-0.8532554009990746,-1.0862422637146554,-0.8423887083423043,-0.634196967556336,-1.0401239783105054,-0.8118356434872271,0
-0.7060063858499618,-0.3599988730018127,-0.34283420437907763,-0.39920099689386623,-0.45149387477255676,-1.2138460922177403,-0.3005301353349685,-0.34562363251582434,-1.143498120670705,-0.5046531526292226,-1.0588469246141505,-1.1730410318439182,-1.1432866303164029,-1.0401239783105054,-0.8118356434872271,0
-0.7060063858499618,-1.2479954184356736,-1.1057368985744755,-1.142180260080555,-1.1823265206973865,-1.123298070143537,-1.136569143165189,-1.0780863868396129,-1.143498120670705,-1.380856099643104,-0.8448711413552107,-1.0612658515417486,-1.0506951825007733,-1.0401239783105054,-0.8118356434872271,0
-1.4648103544931628,-1.2479954184356736,-1.2242858659207403,-1.2618546338524181,-1.300044394622908,-1.2404361647281947,-1.136569143165189,-1.1919052313729446,-1.143498120670705,-1.380856099643104,-1.0862422637146554,-1.1730410318439182,-1.1704767693704392,-1.0401239783105054,-0.8118356434872271,0
-0.14290010589276197,-1.2479954184356736,-1.2242858659207403,-1.2618546338524181,-1.300044394622908,-1.2404361647281947,-1.136569143165189,-1.1919052313729446,-1.143498120670705,-1.380856099643104,-1.0862422637146554,-1.1730410318439182,-1.1704767693704392,-1.0401239783105054,-0.8118356434872271,0
-0.8356765653534054,-1.2479954184356736,-1.0736567180789207,-1.2618546338524181,-1.1504712398997616,-1.2404361647281947,-1.136569143165189,-1.1919052313729446,-1.143498120670705,-1.380856099643104,-0.1889043044961856,-1.031018705241914,-1.1704767693704392,-1.0401239783105054,0.06316909981819177,0
-0.9619406749768146,-0.9537517424224808,0.2413157643423336,-1.2618546338524181,-0.13474481552937342,-0.6632382707317837,-1.136569143165189,-1.1919052313729446,-0.8569699047023968,-1.09052031242786,-0.48624332130239994,-0.6173408361148768,-1.1704767693704392,-1.0401239783105054,-0.22676965447434164,0
-1.4112205747616742,-1.2479954184356736,-1.2242858659207403,-1.2618546338524181,-0.4865874271460602,-1.2404361647281947,-1.136569143165189,-0.4053914333546337,-1.143498120670705,-1.380856099643104,-1.0862422637146554,-1.1730410318439182,-1.1704767693704392,-1.0401239783105054,-0.8118356434872271,0
-1.4648103544931628,-0.7535918928135418,-0.7335262887888689,-0.7664361887954054,-0.42477219371265235,0.4026099548274811,-0.67109364649314,-1.1919052313729446,-0.2787860242320479,-0.8930188119963245,-1.0862422637146554,-0.8046727604444557,-1.1704767693704392,-1.0401239783105054,-0.8118356434872271,0
-1.4648103544931628,-1.2479954184356736,-1.2242858659207403,-1.2618546338524181,-1.300044394622908,-1.2404361647281947,-1.136569143165189,-1.1919052313729446,-1.143498120670705,-1.380856099643104,-1.0862422637146554,-1.1730410318439182,-1.1704767693704392,-1.0401239783105054,-0.8118356434872271,0
-0.7060063858499618,-1.2479954184356736,0.0450413825550125,-0.621166034983387,-0.6698301112295479,-1.2404361647281947,-1.136569143165189,-1.1919052313729446,-1.143498120670705,-1.1355375926756874,-1.0862422637146554,-1.1730410318439182,-1.1704767693704392,-1.0401239783105054,-0.8118356434872271,0
-0.5310967087556999,-1.2479954184356736,-1.2242858659207403,-1.2618546338524181,-1.300044394622908,-1.2404361647281947,-1.136569143165189,-1.1919052313729446,-1.143498120670705,-1.1788851283983535,-1.0862422637146554,-1.1730410318439182,-1.1704767693704392,-1.0401239783105054,-0.8118356434872271,0
-1.3228808157778131,-1.2479954184356736,-1.0594158429737304,-1.2618546338524181,-1.1363302011564602,-1.0775282898267438,-1.136569143165189,-1.1919052313729446,-0.2787860242320479,-1.380856099643104,-1.0862422637146554,-1.1730410318439182,-1.003892501131739,-0.8688790723482458,-0.8118356434872271,0
-0.19281150635770153,-1.2479954184356736,-1.2242858659207403,-1.2618546338524181,-0.7080796313491458,-1.2404361647281947,-0.5711386029936157,-0.6195474142168594,-1.143498120670705,-1.380856099643104,-1.0862422637146554,-1.1730410318439182,-0.5681342673242443,-0.4209293436036377,-0.8118356434872271,0
-0.7060063858499618,-1.2479954184356736,-0.8492842102219321,-1.2618546338524181,-0.9276717066476962,0.1309478331891325,-1.136569143165189,-1.1919052313729446,-0.7756180859333072,-0.8774218139120171,-1.0862422637146554,-1.1730410318439182,-0.7915760129669243,-0.650622466040602,-0.8118356434872271,0
-0.3208296159797191,-1.2479954184356736,-1.2242858659207403,-1.2618546338524181,-1.300044394622908,-1.2404361647281947,-1.136569143165189,-1.1919052313729446,-1.143498120670705,-1.380856099643104,-1.0862422637146554,-1.1730410318439182,-1.1704767693704392,-1.0401239783105054,-0.8118356434872271,0
-0.889947852844261,-1.2479954184356736,-1.2242858659207403,-1.2618546338524181,-1.300044394622908,-1.2404361647281947,-1.136569143165189,-1.1919052313729446,-1.143498120670705,-1.380856099643104,-0.1889043044961856,-1.1730410318439182,-1.1704767693704392,-1.0401239783105054,-0.1489405658684008,0
-0.7060063858499618,-1.2479954184356736,-1.2242858659207403,-1.2618546338524181,-1.300044394622908,-0.469493254661304,-1.136569143165189,-1.1919052313729446,-1.143498120670705,-1.380856099643104,-0.9831948217600494,-0.4373940753098245,-1.1704767693704392,-1.0401239783105054,-0.711352877134291,0
-1.1693472973877523,-0.90222736126266,-0.8810662553598952,-1.2618546338524181,-0.42477219371265235,-0.9013012730023555,-1.136569143165189,-0.34562363251582434,-1.143498120670705,-1.380856099643104,-1.0862422637146554,-1.1730410318439182,-1.1704767693704392,-1.0401239783105054,-0.8118356434872271,0
-0.16621642647714946,-0.616301807185824,-0.5972480851043904,-1.2618546338524181,-1.300044394622908,-0.620860874267147,-0.5418365366954395,-1.1919052313729446,-1.143498120670705,-1.380856099643104,-1.0862422637146554,-0.5818316558709937,-1.1704767693704392,-1.0401239783105054,-0.8118356434872271,0
-1.4648103544931628,-0.7318578857382724,-1.2242858659207403,-0.3720351949613681,-0.7913027373051758,-0.7342001413716787,-1.136569143165189,-1.1919052313729446,-1.143498120670705,-1.380856099643104,-1.0862422637146554,-1.1730410318439182,-1.1704767693704392,-1.0401239783105054,-0.8118356434872271,0
-1.4648103544931628,-1.2479954184356736,-1.0882225940622121,-1.1244996891614287,-1.1649350010863742,-1.1059922065458425,-1.136569143165189,0.3700236408551174,0.4524467650698902,0.236296728352338,0.43140260691513527,0.23255403181652115,0.47327844234439703,0.649619654934257,0.668037627014749,0
-1.0710974046107913,-1.2479954184356736,-1.2242858659207403,-1.2618546338524181,-1.300044394622908,-1.2404361647281947,-0.7027820287170014,-1.1919052313729446,-1.143498120670705,-1.380856099643104,-0.6206495815927542,-0.31060636305952505,-1.1704767693704392,-1.0401239783105054,-0.8118356434872271,0
-1.1101373609275356,-1.2479954184356736,-0.7548340256786137,-1.2618546338524181,-0.8338836698119374,-1.2404361647281947,-1.136569143165189,-1.1919052313729446,-1.143498120670705,-1.380856099643104,-0.1889043044961856,-0.7304132699927111,-1.1704767693704392,-1.0401239783105054,0.06316909981819177,0
-1.4648103544931628,-1.2479954184356736,-1.2242858659207403,-1.2618546338524181,-0.4701318948461716,-1.2404361647281947,-1.136569143165189,-0.3894809381163386,-1.143498120670705,-1.380856099643104,-1.0862422637146554,-1.1730410318439182,-1.1704767693704392,-1.0401239783105054,-0.8118356434872271,0
-1.4648103544931628,-1.2479954184356736,-0.639534604675141,-1.2618546338524181,-0.7193925611232532,-1.2404361647281947,-1.136569143165189,-1.1919052313729446,-1.143498120670705,-1.380856099643104,-0.49095210055492433,-0.6217019597224493,-1.1704767693704392,-1.0401239783105054,-0.23136124021838553,0
-1.3628159641879753,-1.2479954184356736,-1.1058058255972956,-1.2618546338524181,-1.1823949645038911,-1.1233661768533576,-1.136569143165189,-1.1919052313729446,-0.2787860242320479,-1.380856099643104,-1.0862422637146554,-1.1730410318439182,-1.0507648261961713,-0.9170627753038556,-0.8118356434872271,0
0.05279758279323938,-1.2479954184356736,-1.2242858659207403,-1.2618546338524181,-1.300044394622908,-1.2404361647281947,-1.136569143165189,-1.1919052313729446,-1.143498120670705,-1.380856099643104,-1.0862422637146554,-1.1730410318439182,-1.1704767693704392,-1.0401239783105054,-0.8118356434872271,0
0.05279758279323938,-1.2479954184356736,-1.2242858659207403,-1.2618546338524181,-0.4335597232053325,-1.2404361647281947,-0.30892377268652466,-0.34562363251582434,-1.1348166121728578,-1.3632623517085751,-1.0862422637146554,-1.1730410318439182,-0.2709185811021898,-0.11539825849136365,-0.8118356434872271,0
-0.7060063858499618,-1.2479954184356736,-0.9401465336634272,-0.9750179163926377,-0.7069195530755615,-1.2404361647281947,-0.5700305240578926,-0.6184257598387731,-1.143498120670705,-0.5046531526292226,0.7084336547222841,-1.1730410318439182,-0.5669538517096127,-1.0401239783105054,-0.8118356434872271,0
-1.320542329467172,-0.3599988730018127,-0.510420689982039,-1.2618546338524181,-1.300044394622908,-1.2404361647281947,-1.136569143165189,-0.5065233904615599,0.4215222056950091,0.20496122353984253,-0.9156353869625725,0.33112076003079616,-0.27986016484131826,-0.8660575746389992,-0.6454748817864614,0
-1.4648103544931628,-1.2479954184356736,-1.2242858659207403,-1.2618546338524181,-1.300044394622908,-1.2404361647281947,-1.136569143165189,-1.1919052313729446,0.7900656053874068,-0.7277700447627768,-1.0862422637146554,-1.1730410318439182,-1.1704767693704392,-1.0401239783105054,-0.8118356434872271,0
-1.4648103544931628,-1.2479954184356736,-1.2242858659207403,-0.6554402639603982,-1.300044394622908,-1.2404361647281947,-1.136569143165189,-0.6151620179837978,0.272030873319455,0.09248154098136677,-1.0862422637146554,-1.1730410318439182,-1.1704767693704392,-0.4161850844406062,-0.8118356434872271,0
-1.4648103544931628,-1.2479954184356736,-1.0129383146291042,-1.2618546338524181,-1.0901785058315918,-1.2404361647281947,-1.136569143165189,-1.1919052313729446,-1.143498120670705,-1.380856099643104,-0.8710856208306216,-0.9737696996606187,-1.1704767693704392,-1.0401239783105054,-0.6020338835782114,0
0.50477062304411,0.35814392989322663,0.8950423611168797,0.8775927528712881,0.8044261766686183,0.3348912337757632,-0.1223837848436001,-1.1919052313729446,-1.143498120670705,-0.858955679766874,-1.0862422637146554,-0.6780138560998981,-0.639991016684279,-1.0401239783105054,-0.8118356434872271,0
-1.4648103544931628,-1.2479954184356736,-0.7585058193200991,-1.2618546338524181,-0.8375297221618192,-1.2404361647281947,-1.136569143165189,-1.1919052313729446,-1.143498120670705,-1.380856099643104,-0.6120675191458089,-0.7338752604722285,-1.1704767693704392,-1.0401239783105054,-0.34946230199308737,0
-1.4648103544931628,-1.2479954184356736,-1.2242858659207403,-1.2618546338524181,-1.300044394622908,-1.2404361647281947,-1.136569143165189,-1.1919052313729446,-1.143498120670705,-1.380856099643104,-1.0862422637146554,-1.1730410318439182,-1.1704767693704392,-1.0401239783105054,-0.8118356434872271,0
-1.4648103544931628,-0.9382016029339946,-0.6503447175825604,-0.3720351949613681,-0.42477219371265235,-0.36947481927937725,-1.136569143165189,-0.6408644269163424,-0.5804566343753615,-0.8103325558938194,-1.0862422637146554,-1.1730410318439182,-0.590568035817801,-0.4439907564049561,-0.8118356434872271,0
-0.5990592558130972,-0.3599988730018127,-0.34283420437907763,-0.3720351949613681,-1.2383632136086737,-1.2404361647281947,-1.0776527588411946,-0.4052618209946038,-1.143498120670705,-0.5046531526292226,-1.0862422637146554,-1.1730410318439182,-1.1077142551021764,-1.0401239783105054,-0.8118356434872271,0
-1.4648103544931628,-1.2479954184356736,-1.0749850614823233,-1.2618546338524181,-1.1517902708857912,-1.2404361647281947,-1.136569143165189,-1.1919052313729446,-1.143498120670705,-1.380856099643104,-0.9342506287676803,-1.0322711482343936,-1.1704767693704392,-1.0401239783105054,-0.6636268218776092,0
-1.4382726355111994,-1.2479954184356736,-1.2242858659207403,-1.2618546338524181,-1.300044394622908,-1.2404361647281947,-1.136569143165189,-1.1919052313729446,-1.143498120670705,-1.380856099643104,-1.0862422637146554,-1.1730410318439182,-0.3110077789134024,-1.0401239783105054,-0.8118356434872271,0
-0.13583687015108512,-1.1376199133734894,-1.2242858659207403,-1.1512525481947953,-1.1912504902556813,-0.47773289628189963,-1.136569143165189,-0.4508140855406719,0.37096344680322996,-0.5046531526292226,-1.0862422637146554,-1.0697393167269984,1.2799707019507376,1.478881274878018,-0.04559156031135358,0
-0.7060063858499618,-1.009006666152617,-0.9870585547640897,-1.2618546338524181,-1.300044394622908,-1.2404361647281947,-1.136569143165189,-0.964143327983831,-0.9107759709342195,-1.1450413882792505,-0.8447394331545792,-1.1730410318439182,-0.9307828739679594,-0.7937240090222312,-0.8118356434872271,0
-1.3712353423553163,-1.2479954184356736,-0.3971841111640737,-0.4269010550751507,-0.4787410777780235,-0.4231778979662856,-1.136569143165189,-0.34562363251582434,-0.2787860242320479,-0.4506268791842863,-1.0862422637146554,-1.1730410318439182,-0.22494515185845423,-0.06813860035650779,-0.8118356434872271,0
-1.4648103544931628,-0.5209332096753053,-1.2242858659207403,-1.2618546338524181,-1.300044394622908,-0.5273218144268351,-1.136569143165189,-1.1919052313729446,-1.143498120670705,-1.380856099643104,-1.0862422637146554,-0.4925750795537987,-0.44126934285818,-1.0401239783105054,-0.8118356434872271,0
-0.7564640174278319,-1.1889469627297289,-1.2242858659207403,-1.202684962535763,-1.241842060332472,0.38565516918325454,-1.136569143165189,-1.1919052313729446,-1.143498120670705,-0.5629173780614161,-1.0862422637146554,-1.1730410318439182,-1.1704767693704392,-1.0401239783105054,-0.8118356434872271,0
-0.7060063858499618,-1.2479954184356736,-0.5710238382011819,-1.2618546338524181,-0.6513620927787603,-0.1440009116761308,-1.136569143165189,-1.1919052313729446,-0.5026421303091193,-1.1540252496300136,-1.0862422637146554,-1.1730410318439182,-0.5104224131533093,-0.3616028469007908,-0.8118356434872271,0
-1.4648103544931628,-1.2479954184356736,-1.2242858659207403,-1.2618546338524181,-1.300044394622908,-1.2404361647281947,-1.136569143165189,-1.1919052313729446,-1.143498120670705,-1.380856099643104,-1.0862422637146554,-1.1730410318439182,-0.7914954582948848,-1.0401239783105054,-0.8118356434872271,0
-1.4648103544931628,-1.2479954184356736,-0.48225449191357594,-0.5127790240750335,-0.2863293190251976,-0.2317137978734765,-1.136569143165189,-0.07790884111943232,-0.4155585942776693,-0.6432432445664151,-1.0862422637146554,-1.1730410318439182,-0.27986016484131826,-0.2694011349968742,-0.8118356434872271,0
0.05279758279323938,-1.2479954184356736,-1.2242858659207403,-1.2618546338524181,-1.300044394622908,-0.49121115648238917,-1.136569143165189,-0.34562363251582434,0.46506320738987694,-0.38218418431813356,-1.0862422637146554,-1.1730410318439182,1.3768894447390523,1.5785115771283096,-0.059132392712883,0
-1.1541064019497504,-0.5418007928076182,-1.2242858659207403,-0.554210320644857,-0.6039690242593193,-1.0621219072083317,-1.136569143165189,-1.018643724715416,-0.7894284567283928,-0.5046531526292226,-1.0862422637146554,-0.5121052925906348,0.0848164982536098,0.25028945533567765,-0.632693570254962,0
-0.2531936384850034,-1.068951054768189,-1.2242858659207403,-1.082442725062428,-1.1235656064410822,-1.2404361647281947,-1.136569143165189,-0.5162571232991059,-0.45313560684984117,0.19488334236031404,-1.0862422637146554,-1.0054713356649652,0.43118380052657407,0.6063473036142694,-0.8118356434872271,0
-0.7060063858499618,-1.2479954184356736,-1.2242858659207403,-1.2618546338524181,-1.300044394622908,-0.5120128194683861,-1.136569143165189,-1.1919052313729446,-1.143498120670705,-1.380856099643104,-0.9393875739295695,-0.4779669738150719,-1.1704767693704392,-1.0401239783105054,-0.6686359172096151,0
-0.7060063858499618,-0.5058663340974711,-0.48762656489981837,-1.2618546338524181,-1.300044394622908,-1.2404361647281947,-1.136569143165189,-0.48463875462640565,-0.4208286467341256,-0.5046531526292226,-0.33630624038097634,-1.1730410318439182,-0.4261580120348859,-0.2749809251667776,-0.8118356434872271,0
-1.4648103544931628,-1.2479954184356736,-0.5062776253229535,-0.5370302133612956,-0.5870697864401304,-0.530973070426876,-1.136569143165189,-0.18870163028470946,-0.11844654183060169,-0.3421829760450861,-0.7534639794444845,-0.8648322257419772,-0.11471733177992938,0.04517313599979887,-0.4873396448346772,0
-1.4648103544931628,-0.6573025844252424,-0.6379466704851786,-0.6699492161806394,-0.42477219371265235,0.2137257389655048,-0.5804383187629176,-1.1919052313729446,-0.2787860242320479,-0.7980083345236502,-1.0862422637146554,-0.894791040748853,-1.1704767693704392,-1.0401239783105054,-0.8118356434872271,0
-0.7410106575564596,0.06351738220117523,-0.7632289781630045,-0.7964208510810517,-0.42477219371265235,-0.36947481927937725,0.49694168281693774,-1.1919052313729446,-0.6911971206440232,-0.5046531526292226,-1.0862422637146554,-1.1730410318439182,-1.1704767693704392,-1.0401239783105054,-0.8118356434872271,0
-1.4648103544931628,-1.2479954184356736,-1.2242858659207403,0.44972066270139543,-1.300044394622908,-0.6820023005196335,-1.136569143165189,-1.1919052313729446,-1.143498120670705,-1.380856099643104,-1.0862422637146554,-0.6401738541757851,-1.1704767693704392,-1.0401239783105054,-0.8118356434872271,0
-0.7060063858499618,-1.2479954184356736,-1.1160440785840369,-1.1525852879826137,-0.5322551466257522,-1.2404361647281947,-0.4031952733556651,-0.44954655517529674,-1.143498120670705,-0.5046531526292226,0.7084336547222841,-1.1730410318439182,-0.3892274022203601,-1.0401239783105054,-0.8118356434872271,0
-1.4648103544931628,-1.2479954184356736,-1.2242858659207403,-1.2618546338524181,-1.300044394622908,-1.2404361647281947,-1.136569143165189,-1.1919052313729446,-1.143498120670705,-1.380856099643104,-1.0862422637146554,-1.1730410318439182,-1.1704767693704392,-1.0401239783105054,-0.8118356434872271,0
-1.4648103544931628,-1.2479954184356736,-1.2242858659207403,-1.2618546338524181,-1.300044394622908,-1.2404361647281947,-1.136569143165189,-1.1919052313729446,-1.143498120670705,-1.380856099643104,-1.0862422637146554,-1.1730410318439182,-1.1704767693704392,-1.0401239783105054,-0.8118356434872271,0
-1.4648103544931628,-1.2479954184356736,-1.2242858659207403,-1.2618546338524181,-1.300044394622908,-1.2404361647281947,-1.136569143165189,-1.1919052313729446,-1.143498120670705,-1.380856099643104,-1.0862422637146554,-1.1730410318439182,-1.1704767693704392,-1.0401239783105054,-0.8118356434872271,0
-1.4648103544931628,-1.2479954184356736,-1.2242858659207403,-1.2618546338524181,-1.300044394622908,-1.2404361647281947,-1.136569143165189,-1.1919052313729446,-1.143498120670705,-1.380856099643104,-1.0862422637146554,-1.1730410318439182,-1.1704767693704392,-1.0401239783105054,-0.8118356434872271,0
-1.4648103544931628,-1.2479954184356736,-1.2242858659207403,-1.2618546338524181,0.045529252877881725,-0.3044658911081016,-0.7497507942108721,0.5638247876477278,-1.143498120670705,-1.380856099643104,-1.0862422637146554,-1.1730410318439182,-0.6919304645386446,-1.0401239783105054,-0.8118356434872271,0
-0.7060063858499618,-1.2479954184356736,-1.2242858659207403,-1.2618546338524181,-1.300044394622908,-0.9779476859576892,-1.136569143165189,-1.1919052313729446,-1.143498120670705,-1.380856099643104,-1.0862422637146554,-0.9225700202925801,-1.1704767693704392,-1.0401239783105054,-0.8118356434872271,0
-0.7060063858499618,-1.0238734199322737,-1.2242858659207403,-1.2618546338524181,-1.300044394622908,-1.2404361647281947,-1.136569143165189,-1.1919052313729446,-0.9252528986814591,-1.1597106947548752,-0.8597625799961278,-0.9632826544957076,-0.9456934925280117,-0.8090517917723798,-0.5909926539756521,0
-1.4648103544931628,-1.2479954184356736,-1.2242858659207403,-1.2618546338524181,-1.300044394622908,-1.2404361647281947,-1.136569143165189,-1.1919052313729446,-1.143498120670705,-1.380856099643104,-1.0862422637146554,-1.1730410318439182,-1.1704767693704392,-1.0401239783105054,-0.8118356434872271,0
-0.8822103004967005,-1.2479954184356736,-0.5475184703473073,-0.5786625650602876,-1.300044394622908,-1.2404361647281947,-1.136569143165189,-1.1919052313729446,-1.143498120670705,-0.5046531526292226,0.5000603887546184,-0.9800522505347492,-1.1704767693704392,-1.0401239783105054,-0.8118356434872271,0
-0.0996088419106495,-1.2479954184356736,-1.2242858659207403,-1.1724941369932003,-1.300044394622908,-1.2404361647281947,-1.136569143165189,-1.1919052313729446,-1.143498120670705,-1.380856099643104,-1.0862422637146554,-1.1730410318439182,-1.1704767693704392,-1.0401239783105054,-0.8118356434872271,0
-0.9973045681552402,-1.2479954184356736,-0.885904310990065,-1.2618546338524181,-0.9640350803814512,-1.2404361647281947,-0.6214781711665597,-1.1919052313729446,-1.143498120670705,-1.380856099643104,-0.1889043044961856,0.17008477552436266,-1.1704767693704392,-1.0401239783105054,-0.47592900387235654,0
-1.4648103544931628,-0.7653223555057606,-0.7451702933560904,-0.778190731968344,-0.42477219371265235,0.4256208091414702,-0.6821377484561723,-1.1919052313729446,-0.2787860242320479,-0.9045934808772003,-1.0862422637146554,-0.7936940843827829,-1.1704767693704392,-1.0401239783105054,-0.8118356434872271,0
-0.7769757192288843,-1.2479954184356736,-1.2242858659207403,-1.2618546338524181,-1.218182033340357,-1.2404361647281947,-1.0583761796115336,-1.1127542999022901,-1.143498120670705,-0.5866025646300739,-1.0862422637146554,-1.1730410318439182,-1.1704767693704392,-1.0401239783105054,-0.8118356434872271,0
-1.4648103544931628,-1.2479954184356736,-0.8930698230749036,-1.2618546338524181,-0.753666230047461,-1.2404361647281947,-0.6146818284113298,-0.6636241021234869,-0.8185721703555019,-1.380856099643104,-1.0862422637146554,-0.8607503916401172,-1.1704767693704392,-0.6961010983685475,-0.48304210755802,0
-1.4648103544931628,-1.2479954184356736,-1.2242858659207403,-1.2618546338524181,-1.300044394622908,-1.2404361647281947,-1.136569143165189,-1.1919052313729446,-1.143498120670705,-1.380856099643104,-0.2938013537820666,-1.1730410318439182,-1.1704767693704392,-1.0401239783105054,-0.8118356434872271,0
-1.4191547311062342,-1.2479954184356736,-1.2242858659207403,-1.2618546338524181,-1.300044394622908,-1.2404361647281947,-1.0862664514877471,-1.1919052313729446,-1.143498120670705,-0.5573724232346626,-1.0322513443074617,-1.0730316406221798,-1.1704767693704392,-1.0401239783105054,-0.8118356434872271,0
-1.4648103544931628,-1.2479954184356736,-1.2242858659207403,-1.2618546338524181,-1.300044394622908,-1.2404361647281947,-1.136569143165189,-1.1919052313729446,-1.143498120670705,-1.380856099643104,-0.5229760003865503,-1.1730410318439182,-1.1704767693704392,-1.0401239783105054,-0.8118356434872271,0
-1.4648103544931628,-1.2479954184356736,-1.2242858659207403,-1.2618546338524181,-1.300044394622908,-1.2404361647281947,-1.136569143165189,-1.1919052313729446,-1.143498120670705,-1.380856099643104,-1.0862422637146554,-1.1730410318439182,-1.1704767693704392,-1.0401239783105054,-0.8118356434872271,0
0.6002411485201553,-0.3599988730018127,-0.34283420437907763,-0.3720351949613681,-0.5466731672780684,-1.2404361647281947,-0.41696702078292514,-1.0740418390432283,-1.143498120670705,-0.5046531526292226,-1.0862422637146554,-1.1730410318439182,-0.4038981853025172,-1.0401239783105054,-0.8118356434872271,0
-0.7060063858499618,-1.2479954184356736,0.538617457162585,-0.3720351949613681,-0.42477219371265235,-1.061040066446486,-1.136569143165189,-1.1919052313729446,-1.143498120670705,-1.380856099643104,-1.0862422637146554,-1.001858195875455,-1.1704767693704392,-1.0401239783105054,-0.8118356434872271,0
-0.4177160852528437,-1.2479954184356736,-1.2242858659207403,-1.2618546338524181,-1.300044394622908,-1.2404361647281947,-1.136569143165189,-1.1919052313729446,-1.143498120670705,-1.380856099643104,-1.0862422637146554,-1.1730410318439182,-1.1704767693704392,-1.0401239783105054,-0.8118356434872271,0
-0.7567872046234976,-0.8337104798001614,0.47962878692353106,-1.2618546338524181,-0.016423656876499954,-0.4277614546551445,-1.136569143165189,-1.1919052313729446,-0.7400762834433482,-0.9720733335361187,-0.6075473761181666,-0.7296888458177536,-1.1704767693704392,-1.0401239783105054,-0.34505465763905746,0
-1.4648103544931628,-0.3599988730018127,-1.2242858659207403,-0.3720351949613681,-0.42477219371265235,-1.2404361647281947,-1.136569143165189,-1.1919052313729446,-1.143498120670705,-0.5976247840600042,-1.0862422637146554,-0.43013918440082904,-0.37436119223983005,-0.22173495165000695,-0.8118356434872271,0
-1.3043970793880963,-1.2479954184356736,-1.2242858659207403,-1.2618546338524181,-1.300044394622908,-1.2404361647281947,-1.136569143165189,-1.1919052313729446,-1.143498120670705,-1.380856099643104,-0.37860405154905835,-1.1730410318439182,-1.1704767693704392,-1.0401239783105054,-0.8118356434872271,0
0.05279758279323938,-1.2479954184356736,-1.2242858659207403,-1.2618546338524181,-1.300044394622908,-1.2404361647281947,-1.136569143165189,-1.1919052313729446,-1.143498120670705,-1.380856099643104,-1.0862422637146554,-1.1730410318439182,-1.1704767693704392,-1.0401239783105054,-0.8118356434872271,0
-0.4202743015206146,0.25118955309410157,-1.2242858659207403,-0.9844782783966257,-0.42477219371265235,-0.6409726908526754,0.5897124554897479,-1.1919052313729446,-1.143498120670705,-0.5046531526292226,-1.0862422637146554,-0.9139731030513025,-0.8928519197935715,-0.7547318355755502,-0.8118356434872271,0
-1.4648103544931628,-1.2479954184356736,-1.005254700756221,-1.0407441668921906,0.23300437088989978,0.2850620906272138,-1.136569143165189,0.926355992116783,-0.9286265556394998,-1.1631291830367247,-1.0862422637146554,-1.1730410318439182,-0.27986016484131826,-0.8126237292600306,-0.8118356434872271,0
0.05279758279323938,-1.2479954184356736,-1.2242858659207403,-1.2618546338524181,-1.300044394622908,-1.2404361647281947,-1.136569143165189,-1.1919052313729446,-1.143498120670705,-1.380856099643104,-1.0862422637146554,-1.1730410318439182,-1.1704767693704392,-1.0401239783105054,-0.8118356434872271,0
-1.4648103544931628,-1.2479954184356736,-1.2242858659207403,-0.3720351949613681,-1.300044394622908,-1.2404361647281947,-1.136569143165189,-1.1919052313729446,-1.143498120670705,-1.380856099643104,-1.0862422637146554,-1.1730410318439182,-1.1704767693704392,-1.0401239783105054,-0.8118356434872271,0
-1.0323757999239844,-0.8660589444459335,-1.2242858659207403,-0.8791341145833603,-0.9235807924660218,-1.2404361647281947,-1.136569143165189,-1.1919052313729446,-1.143498120670705,-0.8815170782860442,-1.0862422637146554,-1.1730410318439182,-1.1704767693704392,-1.0401239783105054,-0.8118356434872271,0
-1.4648103544931628,-0.3599988730018127,-1.2242858659207403,-0.3720351949613681,-0.42477219371265235,-1.2404361647281947,-1.136569143165189,-1.1919052313729446,-1.143498120670705,-0.71278755222078,-1.0862422637146554,-0.5393720911055448,-0.4914184035823293,-0.342067149645002,-0.8118356434872271,0
-1.4648103544931628,-1.2479954184356736,-1.2242858659207403,-0.481691526910124,-1.300044394622908,-1.1331037979166796,-1.136569143165189,-0.34562363251582434,-0.2787860242320479,0.37154979438465885,-0.9756593917008558,-1.0706226452792875,-1.06072219922188,-0.12459000680439548,-0.7040049911155349,0
-1.2052373659671258,-1.2479954184356736,-1.2242858659207403,-1.2618546338524181,-0.7241868388024537,0.4786279312729844,-1.136569143165189,-1.1919052313729446,-0.5745882503175821,-1.380856099643104,-1.0862422637146554,-0.6262542102358281,-1.1704767693704392,-1.0401239783105054,-0.8118356434872271,0
-0.08283308378761983,-1.2479954184356736,-1.2242858659207403,-1.2618546338524181,-1.300044394622908,-1.2404361647281947,-1.136569143165189,-1.1919052313729446,-1.143498120670705,-1.380856099643104,-1.0862422637146554,-1.1730410318439182,-1.1704767693704392,-1.0401239783105054,-0.8118356434872271,0
-0.031150218266262557,0.42975707220047665,-1.1267693375623327,-1.1634123637513933,-0.42477219371265235,-0.4658307857472242,1.1865629851283417,-1.0982796281381515,-1.143498120670705,-0.5046531526292226,-1.0862422637146554,-1.1730410318439182,-1.1704767693704392,-1.0401239783105054,-0.8118356434872271,0
-0.06371502761467675,-1.1116455839366395,-1.088940983344217,-1.2618546338524181,-1.300044394622908,-1.2404361647281947,-1.136569143165189,-1.1919052313729446,-1.143498120670705,-1.380856099643104,-1.0862422637146554,-1.1730410318439182,-1.1704767693704392,-1.0401239783105054,-0.8118356434872271,0
-0.1406802230758031,-1.2479954184356736,-1.1119107726804904,-1.2618546338524181,-1.300044394622908,-0.4805125161535106,-1.136569143165189,-0.4535149415102899,0.47568508372936075,-0.6163590942753632,-1.0862422637146554,-1.0670869557386926,1.1607424855307142,1.4730375335142218,0.06316909981819177,0
0.9674791745422191,-1.2479954184356736,-1.2242858659207403,-1.2618546338524181,-1.300044394622908,-1.2404361647281947,-1.136569143165189,-1.1919052313729446,-1.143498120670705,-1.380856099643104,-1.0862422637146554,-1.1730410318439182,-1.1704767693704392,-1.0401239783105054,-0.8118356434872271,0
-1.4648103544931628,-1.2479954184356736,-1.2242858659207403,-0.3720351949613681,-1.1226226632940697,-1.2404361647281947,-1.136569143165189,-0.5171688344596514,-0.4540671734466412,0.19393939650733286,-1.0862422637146554,-1.1730410318439182,-1.1704767693704392,-0.31017298561493406,-0.8118356434872271,0
-0.81976432469099,-1.2479954184356736,-1.2242858659207403,-1.2618546338524181,-1.300044394622908,-1.2404361647281947,-1.136569143165189,-1.1919052313729446,-1.143498120670705,-1.380856099643104,-0.9517156654062234,-1.1730410318439182,-1.1704767693704392,-1.0401239783105054,-0.8118356434872271,0
-0.12115928572627993,-1.0444209714331956,-1.022211842682184,-1.2618546338524181,-1.300044394622908,-0.5691439229172173,-1.136569143165189,-0.34562363251582434,0.3876896176235048,-0.5046531526292226,-0.8805262845686099,-1.1730410318439182,1.0930228458056064,1.2867030555065102,-0.13742695841975483,0
-1.2540545011093656,-1.2479954184356736,-1.2242858659207403,-0.6191802587072801,-1.0569397888631364,-1.2404361647281947,-0.904361456017136,-0.34562363251582434,-0.5189575880973321,0.12818667628512703,-0.5877756368019805,-1.1730410318439182,-0.9231102949159876,-0.37887721593911317,-0.8118356434872271,0
0.05279758279323938,-1.2479954184356736,-1.2242858659207403,-1.2618546338524181,-1.300044394622908,-1.2404361647281947,-1.136569143165189,-1.1919052313729446,-1.143498120670705,-1.380856099643104,-1.0862422637146554,-1.1730410318439182,-1.1704767693704392,-1.0401239783105054,-0.8118356434872271,0
-0.978304986173605,-0.6786585353204324,-1.2242858659207403,-0.9425408219016884,-1.300044394622908,-1.2404361647281947,-1.136569143165189,-0.8882150763774518,-0.2787860242320479,-0.19022565102041272,-0.51091615526361,-0.6401920408291911,-0.5994600415682524,-0.12459000680439548,-0.2508284235535506,0
-0.7060063858499618,-0.9762226943977991,-0.9545162137788551,-1.2618546338524181,-1.0321659760196193,-0.9738770901445566,-1.136569143165189,-0.9328994316238532,-1.143498120670705,-1.380856099643104,-1.0862422637146554,-1.1730410318439182,-1.1704767693704392,-1.0401239783105054,-0.8118356434872271,0
-1.11782784734179,-0.7660579876204932,-0.4181532675334402,-0.3720351949613681,-0.42477219371265235,-1.2404361647281947,-1.136569143165189,-1.1919052313729446,-1.143498120670705,-0.9053193429654719,-1.0862422637146554,-0.7219902017326375,-0.6871173684412458,-0.5432413132590379,-0.8118356434872271,0
0.05279758279323938,-1.2479954184356736,-1.2242858659207403,-1.2618546338524181,-1.300044394622908,-1.2404361647281947,-1.136569143165189,-1.1919052313729446,-1.143498120670705,-1.380856099643104,-1.0862422637146554,-1.1730410318439182,-1.1704767693704392,-1.0401239783105054,-0.8118356434872271,0
-0.7060063858499618,-1.2479954184356736,-1.2242858659207403,-1.2618546338524181,-1.300044394622908,-1.2404361647281947,-0.5895454707548676,-1.1919052313729446,-1.143498120670705,-1.380856099643104,-0.499110441816994,-0.08547488702527763,-1.1704767693704392,-1.0401239783105054,-0.8118356434872271,0
-1.4648103544931628,-1.2479954184356736,-1.2242858659207403,-1.2618546338524181,-1.141096961357847,-1.2404361647281947,-1.136569143165189,-1.0382224252494316,-1.143498120670705,-1.380856099643104,-1.0862422637146554,-1.1730410318439182,-1.1704767693704392,-1.0401239783105054,-0.8118356434872271,0
-1.3953422771060628,-1.2479954184356736,-1.2242858659207403,-1.2618546338524181,-1.300044394622908,-1.2404361647281947,-1.136569143165189,-1.1919052313729446,-1.143498120670705,-1.380856099643104,-0.271055090956664,-1.1730410318439182,-1.1704767693704392,-1.0401239783105054,-0.8118356434872271,0
-1.4648103544931628,-1.2479954184356736,-1.2242858659207403,-1.2618546338524181,-1.300044394622908,-1.2404361647281947,-1.136569143165189,-1.1919052313729446,-1.143498120670705,-1.380856099643104,-0.7124039070364164,-1.1730410318439182,-1.1704767693704392,-1.0401239783105054,-0.8118356434872271,0
0.05279758279323938,-1.2479954184356736,-1.2242858659207403,-1.2618546338524181,-1.300044394622908,-1.2404361647281947,-1.136569143165189,-1.1919052313729446,-1.143498120670705,-1.380856099643104,-1.0862422637146554,-1.1730410318439182,-1.1704767693704392,-1.0401239783105054,-0.8118356434872271,0
-1.4648103544931628,-1.2479954184356736,-0.7500699876430895,-1.2618546338524181,-0.42477219371265235,-1.2404361647281947,-1.136569143165189,-0.8009182211837191,-1.143498120670705,-1.380856099643104,-0.6034796494853006,-0.7259214450337323,-1.1704767693704392,-1.0401239783105054,-0.34108816980505635,0
-1.4248087433769925,-1.2011832061241556,-1.1778186780306474,-0.3720351949613681,-1.2539029672603033,-1.2404361647281947,-1.0924959587181282,-1.1472920917332239,-1.143498120670705,-1.3346656064542468,-1.0862422637146554,-1.1730410318439182,-1.1704767693704392,-1.0401239783105054,-0.8118356434872271,0
-1.4648103544931628,-0.49617438920632734,-1.089114016844326,-0.3720351949613681,-0.42477219371265235,-0.36947481927937725,-1.136569143165189,-1.0621267607568854,-1.0108933073903896,-1.246489148304081,-1.0862422637146554,-1.1730410318439182,-1.0338994634274192,-0.8997255591796061,-0.8118356434872271,0
-1.1508399089213446,-1.2479954184356736,-1.2242858659207403,-1.2618546338524181,-1.300044394622908,-1.2404361647281947,-1.136569143165189,-1.1919052313729446,-1.143498120670705,-1.380856099643104,-1.0862422637146554,-1.1730410318439182,-0.6483707469059623,-1.0401239783105054,-0.8118356434872271,0
-1.4648103544931628,-1.2479954184356736,-1.2242858659207403,-1.2618546338524181,-1.300044394622908,-1.2404361647281947,-1.136569143165189,-1.1919052313729446,-1.143498120670705,-1.380856099643104,-1.0862422637146554,-1.1730410318439182,-0.7304130222991241,-1.0401239783105054,-0.8118356434872271,0
-1.4648103544931628,-0.3599988730018127,-0.8818015561596348,-0.3720351949613681,-0.42477219371265235,-0.9020278228539161,-0.8117297276613374,-1.1919052313729446,-0.8075178980310385,-0.5046531526292226,-1.0862422637146554,-0.66486981558783,-0.6259054743826834,-0.4803168537487903,-0.8118356434872271,0
-0.7197484652060734,-1.2479954184356736,-1.2242858659207403,-1.2618546338524181,-1.300044394622908,-1.2404361647281947,-1.136569143165189,-1.1919052313729446,-1.143498120670705,-1.380856099643104,-1.0862422637146554,-1.1730410318439182,-1.1704767693704392,-1.0401239783105054,-0.8118356434872271,0
-1.2707445837176483,-1.2479954184356736,-1.2242858659207403,-1.2618546338524181,-1.300044394622908,-1.2404361647281947,-1.136569143165189,-1.1919052313729446,-1.143498120670705,-1.268810691807354,-1.0862422637146554,-1.1730410318439182,-1.1704767693704392,-1.0401239783105054,-0.8118356434872271,0
-1.4648103544931628,-0.42027760365448213,-1.2242858659207403,-0.3720351949613681,-0.48418717400478917,-1.2404361647281947,-1.136569143165189,-1.1919052313729446,-1.143498120670705,-0.5641313135654452,-1.0862422637146554,-0.39837033066294697,-0.34031674960536834,-0.1867380252348297,-0.8118356434872271,0
0.7127549150407244,-1.2479954184356736,-1.2242858659207403,-1.2618546338524181,-1.300044394622908,-1.2404361647281947,-1.136569143165189,-1.1919052313729446,-1.143498120670705,-1.380856099643104,-1.0862422637146554,-1.1730410318439182,-1.1704767693704392,-1.0401239783105054,-0.8118356434872271,0
-1.4648103544931628,-1.2479954184356736,-0.6102218397000854,-0.6419611886472941,-0.6902852947422377,-0.6336802258563494,-1.136569143165189,-0.08890480673437057,-0.01647632219369593,-0.23885771053592264,-0.541828802448828,-0.6688223647798714,-0.009692351615849745,0.15313646916469975,-0.28097170751620676,0
0.05279758279323938,-1.2479954184356736,-1.2242858659207403,-1.2618546338524181,-1.300044394622908,-1.2404361647281947,-1.136569143165189,-1.1919052313729446,-1.143498120670705,-1.380856099643104,-1.0862422637146554,-1.1730410318439182,-1.1704767693704392,-1.0401239783105054,-0.8118356434872271,0
-1.2426618683447663,-1.2479954184356736,-0.6008891965987387,-1.2618546338524181,-0.6810180785986562,-1.2404361647281947,-1.136569143165189,-1.1919052313729446,-1.143498120670705,-1.380856099643104,-0.1889043044961856,-0.5852647173551342,-1.1704767693704392,-1.0401239783105054,0.06316909981819177,0
-0.7060063858499618,-1.2479954184356736,-1.2242858659207403,-1.2618546338524181,-1.300044394622908,-1.2404361647281947,-0.42805872542837897,-1.1919052313729446,-1.143498120670705,-1.380856099643104,-0.3257833779660074,0.2355852899140141,-1.1704767693704392,-1.0401239783105054,-0.8118356434872271,0
-1.0275204597157026,-0.8717409460036875,-1.2242858659207403,-0.8848277802444452,-0.9291813750748211,-1.2404361647281947,-1.136569143165189,-1.1919052313729446,-1.143498120670705,-0.8759105401351452,-1.0862422637146554,-1.1730410318439182,-1.1704767693704392,-1.0401239783105054,-0.8118356434872271,0
-1.4648103544931628,-0.3599988730018127,-0.8776241900955729,-0.3720351949613681,-0.42477219371265235,-0.897900172381031,-0.8077675807485575,-1.1919052313729446,-0.8034198639306444,-0.5046531526292226,-1.0862422637146554,-0.668808490512217,-0.6301262748442119,-0.48465574232309566,-0.8118356434872271,0
-0.3841743492424062,-1.2479954184356736,-1.2242858659207403,-1.2618546338524181,-1.300044394622908,-0.7388762394030135,-0.6551199209609807,-1.1919052313729446,-0.6455369461778692,-1.380856099643104,-1.0862422637146554,-1.1730410318439182,-1.1704767693704392,-1.0401239783105054,-0.8118356434872271,0
-0.9059935458167145,-1.2479954184356736,-1.2242858659207403,-1.2618546338524181,-1.300044394622908,-1.2404361647281947,-1.136569143165189,-1.1919052313729446,-1.143498120670705,-0.5046531526292226,-0.8497436719698802,-0.9540034562211354,-1.1704767693704392,-1.0401239783105054,-0.8118356434872271,0
-1.4648103544931628,-0.41828073715343916,-1.2242858659207403,-0.4304367010523479,-0.3673254662772176,-0.31231102615677603,-1.136569143165189,-1.025273268335813,-1.143498120670705,-1.380856099643104,-1.0862422637146554,-1.1730410318439182,-1.1120229429189092,-1.0401239783105054,-0.8118356434872271,0
-1.4083314466948096,-1.181900515025386,-1.1586781079514015,-1.2618546338524181,-0.42477219371265235,-1.1756092165857244,-1.136569143165189,-0.34562363251582434,-1.143498120670705,-1.380856099643104,-1.0862422637146554,-1.1730410318439182,-1.1704767693704392,-1.0401239783105054,-0.8118356434872271,0
-0.6313998256908837,-1.2479954184356736,-0.8268927529081692,-0.8606889973595996,-0.9054372257570172,-0.8477724992287526,-1.136569143165189,-0.34562363251582434,-0.2787860242320479,-0.023476991469527534,-1.0862422637146554,-1.1730410318439182,0.20923140953981129,0.3781852044887712,-0.8118356434872271,0
-0.11905337437749226,-1.2479954184356736,-1.2242858659207403,-1.2618546338524181,-1.300044394622908,-1.2404361647281947,-1.136569143165189,-1.1919052313729446,-1.143498120670705,-1.380856099643104,-1.0862422637146554,-1.1730410318439182,-1.1704767693704392,-1.0401239783105054,-0.8118356434872271,0
0.05279758279323938,-1.2479954184356736,-1.2242858659207403,-1.2618546338524181,-1.2867763174755102,-1.2404361647281947,-1.1238957941857632,-1.179076616994032,-1.143498120670705,-1.380856099643104,-1.0862422637146554,-1.1730410318439182,-1.156976089461541,-1.0262455809932205,-0.8118356434872271,0
-0.8282511572108009,-0.3599988730018127,-0.4848377537588503,-0.3720351949613681,-0.42477219371265235,-1.2404361647281947,-0.43521761930225966,-0.48196121749730075,-1.143498120670705,-0.5046531526292226,-1.0862422637146554,-1.039151444352946,-1.0269967301377732,-0.8926297035771175,-0.8118356434872271,0
-0.04179695444550178,-1.2479954184356736,-1.2242858659207403,-1.2618546338524181,-1.300044394622908,-1.2404361647281947,-1.136569143165189,-1.1919052313729446,-1.143498120670705,-1.380856099643104,-1.0862422637146554,-1.1730410318439182,-1.1704767693704392,-1.0401239783105054,-0.8118356434872271,0
-0.6459408922296995,-1.1777032836568522,0.4688434030711579,-0.3720351949613681,-0.49405709333405723,-1.2404361647281947,-1.136569143165189,-1.1919052313729446,-1.143498120670705,-1.380856099643104,-1.0862422637146554,-1.1730410318439182,-1.1704767693704392,-1.0401239783105054,-0.8118356434872271,0
-1.4648103544931628,-1.2479954184356736,-1.1096057980877883,-1.2618546338524181,-1.186168297098596,-1.2404361647281947,-1.136569143165189,-1.1919052313729446,-1.143498120670705,-1.380856099643104,-0.9694953307605868,-1.0649136854314223,-1.1704767693704392,-1.0401239783105054,-0.6979943431702985,0
-1.4648103544931628,-1.2479954184356736,-1.2242858659207403,-1.2618546338524181,-1.300044394622908,-1.2404361647281947,-1.136569143165189,-1.1919052313729446,-1.143498120670705,-1.380856099643104,-1.0862422637146554,-1.1730410318439182,-1.1704767693704392,-1.0401239783105054,-0.8118356434872271,0
-0.8445267116157413,0.0029471280906502805,-1.2242858659207403,-0.7357262573878041,-0.42477219371265235,-0.8844528683266166,-0.11144010563824332,-1.1919052313729446,-1.143498120670705,-0.5046531526292226,-1.0862422637146554,-0.6816401388379798,-0.6438770484458138,-0.4987912303689446,-0.8118356434872271,0
-0.7060063858499618,-0.7143118956572582,-0.69453580066502,-1.2618546338524181,-1.300044394622908,-1.2404361647281947,-1.136569143165189,-1.1919052313729446,-1.143498120670705,-1.380856099643104,-1.0862422637146554,-1.1730410318439182,-1.1704767693704392,-1.0401239783105054,-0.8118356434872271,0
0.011244233925676412,1.318737925673388,1.3235296436473998,1.3101477413619835,1.2299095278334355,1.2293620597360018,1.2799821479496165,-1.1455614641145997,-1.143498120670705,-1.3328737903239305,-1.0862422637146554,-1.1730410318439182,-1.1704767693704392,-1.0401239783105054,-0.8118356434872271,0
-1.4648103544931628,-1.2479954184356736,-1.2242858659207403,-0.6703002164405514,-0.7181610211471069,-1.2404361647281947,-1.136569143165189,-1.1919052313729446,-1.143498120670705,-0.5046531526292226,-0.7854570549604623,-0.8944632085145889,-1.1704767693704392,-1.0401239783105054,-0.8118356434872271,0
-1.315214768885013,-1.2479954184356736,-1.2242858659207403,-1.2618546338524181,-1.300044394622908,-1.2404361647281947,-1.136569143165189,-1.1919052313729446,-1.143498120670705,-1.380856099643104,-1.0862422637146554,-1.1730410318439182,-1.1704767693704392,-1.0401239783105054,-0.8118356434872271,0
-1.4577807596156844,-1.2479954184356736,-0.346917108752784,-1.2618546338524181,0.44644572622769785,-1.2404361647281947,-1.1326965912481741,-1.1879852355386662,-0.2827913905551101,-0.5087117448364917,-1.0862422637146554,-1.1730410318439182,-0.27986016484131826,-0.12459000680439548,-0.8118356434872271,0
-1.4648103544931628,-1.2479954184356736,-0.6367976033890048,-1.2618546338524181,-0.42477219371265235,-1.2404361647281947,-1.136569143165189,-0.9096710191366378,-1.143498120670705,-1.380856099643104,-0.48816577062256694,-0.6191213483591166,-1.1704767693704392,-1.0401239783105054,-0.22864425729998766,0
-0.7060063858499618,-1.2479954184356736,-1.2242858659207403,-1.2618546338524181,-1.300044394622908,-1.2404361647281947,-0.6334146948737958,-1.1919052313729446,-1.143498120670705,-1.380856099643104,-0.5461961874277669,-0.1726935676008048,-1.1704767693704392,-1.0401239783105054,-0.8118356434872271,0
-1.1137843020906637,-0.3599988730018127,-0.8165224514938934,-1.2618546338524181,-0.8951396258556221,-0.36947481927937725,-1.136569143165189,-0.8004116425889158,-1.143498120670705,-1.380856099643104,-1.0862422637146554,-0.726418927801226,-0.6918633221929866,-1.0401239783105054,-0.8118356434872271,0
-0.6451925095195014,-1.2479954184356736,-1.2242858659207403,-1.2618546338524181,-1.300044394622908,-1.2404361647281947,-1.136569143165189,-1.1919052313729446,-1.143498120670705,-1.380856099643104,-1.0862422637146554,-1.1730410318439182,-1.1704767693704392,-1.0401239783105054,-0.8118356434872271,0
-1.4648103544931628,-1.2479954184356736,-1.2242858659207403,-1.2618546338524181,0.14735298643245753,-0.10182142031813211,-1.136569143165189,0.7607270814588464,-1.143498120670705,-1.380856099643104,-1.0862422637146554,-1.1730410318439182,-0.5883216583357928,-1.0401239783105054,-0.8118356434872271,0
-1.4648103544931628,-1.2479954184356736,-1.2242858659207403,-1.2618546338524181,-1.300044394622908,-1.2404361647281947,-1.136569143165189,-1.1919052313729446,-1.143498120670705,-1.380856099643104,-1.0862422637146554,-1.1730410318439182,-0.5888624474446431,-1.0401239783105054,-0.8118356434872271,0
-1.4648103544931628,-1.01489743357643,-1.2242858659207403,-0.3720351949613681,-1.0702865343197325,-1.0118098986032258,-1.136569143165189,-1.1919052313729446,-1.143498120670705,-1.380856099643104,-1.0862422637146554,-1.1730410318439182,-1.1704767693704392,-1.0401239783105054,-0.8118356434872271,0
-1.4648103544931628,-1.2479954184356736,-1.2242858659207403,-0.3720351949613681,-0.8205859861263778,-1.2404361647281947,-1.136569143165189,-0.8092015093248438,-0.7524597969567072,-0.10841846012902442,-1.0862422637146554,-1.1730410318439182,-1.1704767693704392,-0.626103090901345,-0.8118356434872271,0
-1.4648103544931628,-0.3599988730018127,-0.5408124987497956,-1.0619968963317397,-1.1034540369131718,-1.2404361647281947,-1.136569143165189,-0.5357025611844927,0.1974890575772789,0.1747503866111156,-1.0862422637146554,0.3024655133359621,-0.27986016484131826,-0.834490632744837,-0.8118356434872271,0
-0.36269348543746427,-1.2479954184356736,-1.2242858659207403,-1.2618546338524181,-1.300044394622908,-1.2404361647281947,-1.136569143165189,-1.1919052313729446,-1.143498120670705,-1.380856099643104,-1.0862422637146554,-1.1730410318439182,-1.1704767693704392,-1.0401239783105054,-0.8118356434872271,0
0.05279758279323938,-1.2479954184356736,-1.2242858659207403,-1.2618546338524181,-0.5480604279541406,-1.2404361647281947,-0.41829209889921753,-0.46482833693309134,-1.143498120670705,-1.380856099643104,-1.0862422637146554,-1.1730410318439182,-0.4053097660560648,-0.2535493940872307,-0.8118356434872271,0
-0.5721632404720247,-1.2479954184356736,-1.2242858659207403,-1.2618546338524181,-1.300044394622908,-0.5231010663664999,-0.4479965365277939,-1.1919052313729446,-0.4313099851183414,-1.380856099643104,-1.0862422637146554,-1.1730410318439182,-1.1704767693704392,-1.0401239783105054,-0.8118356434872271,0
0.05279758279323938,-1.2479954184356736,-1.2242858659207403,-1.2618546338524181,-1.300044394622908,-1.2404361647281947,-1.136569143165189,-1.1919052313729446,-1.143498120670705,-1.380856099643104,-1.0862422637146554,-1.1730410318439182,-1.1704767693704392,-1.0401239783105054,-0.8118356434872271,0
-0.2650847108564486,-1.2479954184356736,-1.2242858659207403,-1.2618546338524181,-0.7914459939178162,-0.8755682915849629,-1.136569143165189,-1.1919052313729446,-1.143498120670705,-1.380856099643104,-1.0862422637146554,-0.34195476764483496,-1.1704767693704392,-1.0401239783105054,-0.8118356434872271,0
0.05279758279323938,-1.2479954184356736,-1.2242858659207403,-1.2618546338524181,-1.2255113790342544,-1.2404361647281947,-1.0653769947814868,-1.1198408843796188,-1.143498120670705,-1.380856099643104,-1.0862422637146554,-1.1730410318439182,-1.0946371149179737,-0.9621625079253588,-0.8118356434872271,0
-1.1898244256313777,-1.2479954184356736,-0.9048531614118224,-1.2618546338524181,-0.9828510889466435,-0.9248050867711288,-1.136569143165189,-1.1919052313729446,-0.830131732428982,-1.380856099643104,-1.0862422637146554,-1.1730410318439182,-0.8477227454371146,-0.7083400526026697,-0.8118356434872271,0
0.3710488070974521,-0.8755593223678597,-0.4849036748860434,-0.5154533562124961,-0.5658456791438318,-0.8751448299894513,-1.136569143165189,-1.1919052313729446,-1.143498120670705,-1.0133663761447718,-1.0862422637146554,-0.8244737707149229,-0.7969417899951132,-1.0401239783105054,-0.8118356434872271,0
-0.5052810526837485,-1.2479954184356736,-1.2242858659207403,-1.2618546338524181,-1.300044394622908,-1.2404361647281947,-1.136569143165189,-1.1919052313729446,-1.143498120670705,-1.0586449849959483,-1.0862422637146554,-1.1730410318439182,-1.1704767693704392,-1.0401239783105054,-0.8118356434872271,0
-1.4648103544931628,-1.2479954184356736,-1.2242858659207403,-1.2618546338524181,-1.300044394622908,-1.2404361647281947,-1.136569143165189,-1.1919052313729446,-1.143498120670705,-1.380856099643104,-1.0862422637146554,-1.1730410318439182,-1.1704767693704392,-1.0401239783105054,-0.8118356434872271,0
-1.4648103544931628,-0.3599988730018127,-0.9277103234381955,-0.3720351949613681,-0.42477219371265235,-0.947390221566624,-0.8552732614940911,-1.1919052313729446,-0.8525548162540149,-0.5046531526292226,-1.0862422637146554,-0.6215842361780729,-0.5795193681267402,-0.4326329728653192,-0.8118356434872271,0
-1.4648103544931628,-1.0899000948923572,-1.2242858659207403,-1.1034347697099502,0.29467007463433087,0.3464240809262805,-1.136569143165189,0.8949338771085964,-1.143498120670705,-1.380856099643104,-1.0862422637146554,-1.1730410318439182,-0.43842195313891535,-1.0401239783105054,-0.8118356434872271,0
-1.4648103544931628,-1.2479954184356736,-1.2242858659207403,-1.2618546338524181,-1.300044394622908,-1.2404361647281947,-1.136569143165189,-1.1919052313729446,-1.143498120670705,-1.380856099643104,-1.0862422637146554,-1.1730410318439182,-1.1358053476996886,-1.0401239783105054,-0.8118356434872271,0
-1.4648103544931628,-1.2479954184356736,-1.2242858659207403,-1.2618546338524181,-0.5548925466264417,-1.2404361647281947,-0.4248179747470152,-0.47143416344918954,-1.0149476616930213,-1.380856099643104,-1.0862422637146554,-1.1730410318439182,-1.1704767693704392,-1.0401239783105054,-0.8118356434872271,0
-1.1501919239138876,-1.2479954184356736,-0.8588147431462992,-0.8929140287269445,-1.300044394622908,-1.2404361647281947,-1.136569143165189,-1.1919052313729446,-1.143498120670705,-0.5046531526292226,0.18315366053176807,-0.6865431816799455,-1.1704767693704392,-1.0401239783105054,-0.8118356434872271,0
-1.400046687632708,-0.4357890834095751,-0.41806581111902763,-1.2618546338524181,-1.300044394622908,-1.2404361647281947,-1.136569143165189,-0.4178534860793436,0.43832029137735395,0.2967661636874945,-1.0862422637146554,0.34726562296602453,-0.35587399642320755,-1.0401239783105054,-0.8118356434872271,0
-1.4648103544931628,-1.2479954184356736,-1.2242858659207403,-1.2618546338524181,-0.4220363132463634,-1.2349913530926189,-0.3031433827204098,-0.3403331062249516,-1.143498120670705,-1.380856099643104,-1.0862422637146554,-1.1730410318439182,-1.1676929261628635,-1.0401239783105054,-0.8118356434872271,0
-0.7093375509510811,-1.2479954184356736,-0.781625239646334,-1.2618546338524181,-1.300044394622908,-0.806867261155159,-1.136569143165189,-0.7706220287970162,0.15167197200204752,-0.9446779006571241,-1.0862422637146554,-0.7556736568083058,0.15958339947888928,0.7869247516495954,0.06316909981819177,0
-1.4648103544931628,-1.2479954184356736,-1.2242858659207403,-1.2618546338524181,-1.300044394622908,-1.2404361647281947,-1.136569143165189,-1.1919052313729446,-1.143498120670705,-1.380856099643104,-1.0862422637146554,-1.1730410318439182,-1.1704767693704392,-1.0401239783105054,-0.8118356434872271,0
-1.4648103544931628,-1.2479954184356736,-1.2242858659207403,-1.2618546338524181,-0.4834823697057283,-1.2404361647281947,-1.136569143165189,-0.4023892210458062,-1.143498120670705,-1.380856099643104,-1.0862422637146554,-1.1730410318439182,-1.1704767693704392,-1.0401239783105054,-0.8118356434872271,0
-1.4648103544931628,-1.2479954184356736,-1.2242858659207403,-1.2618546338524181,-1.300044394622908,-1.2404361647281947,-1.136569143165189,-1.1919052313729446,-1.143498120670705,-1.380856099643104,-1.0862422637146554,-1.1730410318439182,-1.1704767693704392,-1.0401239783105054,-0.8118356434872271,0
0.05279758279323938,-1.2479954184356736,-1.2242858659207403,-1.2618546338524181,-1.300044394622908,-1.2404361647281947,-1.136569143165189,-1.1919052313729446,-1.143498120670705,-1.380856099643104,-1.0862422637146554,-1.1730410318439182,-1.1704767693704392,-1.0401239783105054,-0.8118356434872271,0
-1.4648103544931628,-1.2479954184356736,-1.2242858659207403,-0.3720351949613681,-1.300044394622908,-1.2404361647281947,-1.136569143165189,-1.1919052313729446,-1.143498120670705,-1.380856099643104,-1.0862422637146554,-1.1730410318439182,-1.1704767693704392,-1.0401239783105054,-0.8118356434872271,0
-1.3091495811693763,-1.2479954184356736,-1.2242858659207403,-0.5545724347493795,-1.300044394622908,-1.2404361647281947,-1.136569143165189,-1.1919052313729446,-1.143498120670705,-1.380856099643104,-1.0862422637146554,-1.1730410318439182,-1.1704767693704392,-1.0401239783105054,-0.8118356434872271,0
0.05279758279323938,-1.2479954184356736,-1.2242858659207403,-1.2618546338524181,-1.300044394622908,-1.2404361647281947,-1.136569143165189,-1.1919052313729446,-1.143498120670705,-1.380856099643104,-1.0862422637146554,-1.1730410318439182,-1.1704767693704392,-1.0401239783105054,-0.8118356434872271,0
-1.4370763214774378,-1.2479954184356736,-0.34283420437907763,-1.2618546338524181,-1.2680534864029676,-1.2086028168435106,-1.136569143165189,-1.1919052313729446,-0.2787860242320479,-1.380856099643104,-1.0862422637146554,-0.37233069455442547,-1.1379250282949016,-0.12459000680439548,0.031187967084871194,0
-1.4648103544931628,-1.2479954184356736,-1.2242858659207403,-0.8418002896356265,-1.300044394622908,-1.2404361647281947,-1.136569143165189,0.10115639726600929,0.17772407444114935,0.37154979438465885,-0.13877352355672404,-0.29552521117243763,-0.2301048798408022,0.3587506396284,0.11205221086571435,0
0.7131981329344484,-1.2479954184356736,-1.2242858659207403,-1.2618546338524181,-1.300044394622908,-1.2404361647281947,-1.136569143165189,-1.1919052313729446,-1.143498120670705,-1.380856099643104,-1.0862422637146554,-1.1730410318439182,-1.1704767693704392,-1.0401239783105054,-0.8118356434872271,0
-1.3650904017484051,-1.2479954184356736,-0.4007531937808408,-1.2618546338524181,0.33547411629505874,-1.2404361647281947,-1.136569143165189,-1.1919052313729446,-0.3356050795862703,-0.5622272561406174,-1.0862422637146554,-1.1730410318439182,-0.33838137017722575,-0.18474849842249788,-0.8118356434872271,0
-1.4648103544931628,-1.2479954184356736,-1.2242858659207403,-1.2618546338524181,-1.300044394622908,-1.2404361647281947,-1.136569143165189,-1.1919052313729446,-1.143498120670705,-1.380856099643104,-1.0862422637146554,-1.1730410318439182,-1.1704767693704392,-1.0401239783105054,-0.8118356434872271,0
-0.6351171507036717,-1.2479954184356736,-1.2242858659207403,-0.8585094172613503,-1.300044394622908,-1.2404361647281947,-1.136569143165189,-0.34562363251582434,-0.2787860242320479,0.37154979438465885,-1.0862422637146554,-1.1730410318439182,-0.19665668606069764,0.3759426375854758,-0.8118356434872271,0
-1.4648103544931628,-1.2479954184356736,-1.2242858659207403,-1.2618546338524181,-1.300044394622908,-1.2404361647281947,-1.136569143165189,-1.1919052313729446,-1.143498120670705,-1.380856099643104,-1.0862422637146554,-1.1730410318439182,-1.1704767693704392,-1.0401239783105054,-0.8118356434872271,0
-1.4648103544931628,-1.2479954184356736,-1.2242858659207403,-1.2618546338524181,-1.300044394622908,-1.2404361647281947,-1.136569143165189,-1.1919052313729446,-1.143498120670705,-1.380856099643104,-0.6907291198775788,-1.1730410318439182,-1.1704767693704392,-1.0401239783105054,-0.8118356434872271,0
-0.7060063858499618,-0.3599988730018127,-0.34283420437907763,-0.9052478718960759,-0.9492676282870308,-0.7185239539855375,-0.3005301353349685,-0.34562363251582434,-1.143498120670705,-0.5046531526292226,-0.5485242116721979,-1.1730410318439182,-0.6367864013387985,-1.0401239783105054,-0.8118356434872271,0
-1.0401530500836913,-1.2479954184356736,-1.2242858659207403,-1.2618546338524181,-1.300044394622908,-0.8568999152030047,-1.136569143165189,-1.1919052313729446,-1.143498120670705,-0.9950116601893081,0.2062471419298196,-0.807064159886919,-0.7782851364685955,-1.0401239783105054,-0.3221476990475204,0
-1.3470134397877915,-1.110142616336898,-0.34283420437907763,-1.2618546338524181,0.17874506374635526,-1.2404361647281947,-1.136569143165189,-1.1919052313729446,-0.41302414274244703,-0.6406751136088726,-1.0862422637146554,-1.1730410318439182,-0.4181197055583951,-0.26671772569892593,-0.8118356434872271,0
-1.4648103544931628,-1.2479954184356736,-1.2242858659207403,-1.2618546338524181,-1.300044394622908,-1.2404361647281947,-1.136569143165189,-1.1919052313729446,-1.143498120670705,-1.380856099643104,-1.0862422637146554,-1.1730410318439182,-1.1704767693704392,-1.0401239783105054,-0.8118356434872271,0
0.1576752020917379,-0.3599988730018127,-0.22100491037249337,-1.0158829515395642,-1.0580939872370223,-0.36947481927937725,-0.4160827476106976,-1.1919052313729446,-1.143498120670705,-1.2597522534554544,-1.0862422637146554,-0.34195476764483496,-1.047380748460397,-1.0401239783105054,-0.8118356434872271,0
-1.4239225533116584,-1.2479954184356736,-1.2242858659207403,-1.2618546338524181,-1.300044394622908,-1.2404361647281947,-1.0915195675900013,-1.1919052313729446,-1.143498120670705,-0.5518669435062147,-1.037889622472219,-1.0834756332970117,-1.1704767693704392,-1.0401239783105054,-0.8118356434872271,0
-0.9892749765745182,-0.3599988730018127,-0.6718883214828479,-0.9296767475075669,-0.973297127742426,-0.694612803654969,-0.6126312857312711,-0.661548437565312,-1.143498120670705,-0.5046531526292226,-0.5238889245239013,-0.8627887867862643,-0.27986016484131826,-0.6983466173766727,-0.8118356434872271,0
-1.4648103544931628,-0.6004192074479083,-1.2242858659207403,-0.3720351949613681,-0.6617474796597385,-0.6052829640735872,-1.136569143165189,-1.1919052313729446,-1.143498120670705,-1.380856099643104,-1.0862422637146554,-1.1730410318439182,-1.1704767693704392,-1.0401239783105054,-0.8118356434872271,0
-0.7060063858499618,-1.2479954184356736,-0.34283420437907763,-0.3720351949613681,-0.9884470913086651,-0.9303735279272543,-1.136569143165189,-0.8906285956313937,-1.143498120670705,-0.8165818019814849,0.7084336547222841,-0.8771739421812645,-0.8534168513591552,-1.0401239783105054,-0.8118356434872271,0
-1.4648103544931628,-0.8850408864997914,-1.2242858659207403,-0.3720351949613681,-0.9422907370986483,-1.2404361647281947,-1.136569143165189,-1.1919052313729446,-1.143498120670705,-1.022722014381676,-1.0862422637146554,-0.8333476765354922,-0.8064513297520278,-0.6659139593548073,-0.8118356434872271,0
-1.4648103544931628,-1.2479954184356736,-1.2019090205434417,-1.2618546338524181,-1.300044394622908,-1.2404361647281947,-1.136569143165189,-1.1919052313729446,-0.2787860242320479,-1.380856099643104,-1.0862422637146554,-1.151942780356533,-1.1704767693704392,-1.0168819072907231,-0.789622461869187,0
-1.4648103544931628,-0.3599988730018127,-0.48047517078155233,-0.3720351949613681,-0.42477219371265235,-0.5054776955767618,-0.43107979790711015,-1.1919052313729446,-0.41381306406490787,-0.5046531526292226,-1.0862422637146554,-1.0432647530538675,-1.0314046733157598,-0.8971609706828426,-0.8118356434872271,0
-0.9215277858054394,-0.9957797388448835,-1.2242858659207403,-1.009121201895934,-1.0514427822465353,-1.2404361647281947,-1.136569143165189,-1.1919052313729446,-1.143498120670705,-0.7535191227469172,-1.0862422637146554,-1.1730410318439182,-1.1704767693704392,-1.0401239783105054,-0.8118356434872271,0
-0.7060063858499618,-0.6628732343157973,-0.6434762624944553,-1.2618546338524181,-1.300044394622908,-1.2404361647281947,-1.136569143165189,-1.1919052313729446,-1.143498120670705,-1.380856099643104,-1.0862422637146554,-1.1730410318439182,-1.1704767693704392,-1.0401239783105054,-0.8118356434872271,0
-1.4648103544931628,-1.2479954184356736,-1.2242858659207403,-1.2618546338524181,-1.300044394622908,-1.2404361647281947,-1.136569143165189,-1.1919052313729446,-1.143498120670705,-1.380856099643104,-1.0862422637146554,-1.1730410318439182,-1.1704767693704392,-1.0401239783105054,-0.8118356434872271,0
-1.4648103544931628,-0.3599988730018127,-0.34283420437907763,-1.0643394892718077,-1.1057583319070476,-1.0471069919188902,-0.9509917571368369,-0.5334745886182124,0.3939840587105476,0.17705713194396613,-1.0862422637146554,0.12017546692015048,-0.4775522580020299,-1.0401239783105054,-0.8118356434872271,0
-0.8813468585544106,-1.2479954184356736,-0.5465154677720349,-1.2618546338524181,-0.6270255394971833,-0.5707320350150357,-1.136569143165189,-1.1919052313729446,-0.2787860242320479,-1.380856099643104,-1.0862422637146554,-1.1730410318439182,-0.4856592155708437,-0.336146833039639,-0.8118356434872271,0
-1.2158412661952456,-1.2479954184356736,-0.935075179601963,-1.2618546338524181,-1.300044394622908,-1.2404361647281947,-1.136569143165189,-1.1919052313729446,-1.143498120670705,-1.380856099643104,-1.0862422637146554,-1.1730410318439182,-0.5860412281355069,-1.0401239783105054,-0.5247402378231872,0
-0.7060063858499618,-1.2479954184356736,-1.2242858659207403,-1.2618546338524181,-1.300044394622908,-0.38664193576143796,-1.136569143165189,-1.1919052313729446,-1.143498120670705,-1.380856099643104,-1.0685552499910556,-0.35833592483246446,-1.1704767693704392,-1.0401239783105054,-0.794588829459058,0
-0.7060063858499618,-0.4524469341541322,-0.4346008869501266,-1.2618546338524181,-1.300044394622908,-1.2404361647281947,-1.136569143165189,-0.43372880973247707,-0.36880997441718455,-0.5958733989735425,-0.28232488699135183,-1.1730410318439182,-0.372580996630761,-0.21990495033660182,-0.8118356434872271,0
-1.4648103544931628,-1.2479954184356736,-1.2242858659207403,-0.5500737516057215,-1.300044394622908,-1.2404361647281947,-1.136569143165189,-0.17629629733985558,-0.10577104295144525,0.37154979438465885,-0.7271564804673257,-0.8404670455768695,-0.81408065603879,0.058593614188377774,-0.4616868947720756,0
-0.8414867839968493,-1.2479954184356736,-0.5002126934062646,-1.2618546338524181,-0.5810473730297268,-0.5249803183649241,-1.136569143165189,-1.1919052313729446,-0.43317575326498226,-1.380856099643104,-1.0862422637146554,-1.1730410318439182,-0.43887500551694825,-0.2880537103462158,-0.8118356434872271,0
-1.4648103544931628,-0.6683591296178105,-1.2242858659207403,-0.3720351949613681,-0.7287138721677946,-1.2404361647281947,-1.136569143165189,-1.1919052313729446,-1.143498120670705,-0.8089180362914505,-1.0862422637146554,-0.6305527075988118,-0.5891302471758032,-0.44251274180372296,-0.8118356434872271,0
0.05279758279323938,-1.2479954184356736,-1.2242858659207403,-1.2618546338524181,-1.300044394622908,-1.2404361647281947,-1.136569143165189,-1.1919052313729446,-1.143498120670705,-1.380856099643104,-1.0862422637146554,-1.1730410318439182,-1.1704767693704392,-1.0401239783105054,-0.8118356434872271,0
-0.7060063858499618,-1.2479954184356736,-1.2242858659207403,-1.2618546338524181,-1.300044394622908,-1.2404361647281947,-0.3836670186747467,-1.1919052313729446,-1.143498120670705,-1.380856099643104,-0.27813684093669866,0.3238427453240124,-1.1704767693704392,-1.0401239783105054,-0.8118356434872271,0
-0.1317224408008088,-1.2479954184356736,-0.557178736176273,-1.2618546338524181,-0.6376140525289136,0.0778993688721975,-1.136569143165189,-1.1919052313729446,-1.143498120670705,-0.7177213430147668,-0.8680346261045212,-1.1730410318439182,-0.4964333559051589,-1.0401239783105054,-0.5990588229227335,0
-1.2540654001617844,-1.2479954184356736,-0.5876424787599707,-1.2618546338524181,-0.6678642275329076,-1.2404361647281947,-1.136569143165189,-1.1919052313729446,-1.143498120670705,-1.380856099643104,-0.1889043044961856,-0.5727749056934646,-1.1704767693704392,-1.0401239783105054,0.06316909981819177,0
0.2717937681736016,-1.2479954184356736,-1.2242858659207403,-1.2618546338524181,-1.300044394622908,-1.2404361647281947,-1.136569143165189,-1.1919052313729446,-1.143498120670705,-1.380856099643104,-1.0862422637146554,-1.1730410318439182,-1.1704767693704392,-1.0401239783105054,-0.8118356434872271,0
-1.4648103544931628,-1.2479954184356736,-1.2242858659207403,-1.2618546338524181,-1.300044394622908,-1.2404361647281947,-1.136569143165189,-1.1919052313729446,-1.143498120670705,-1.380856099643104,-1.0862422637146554,-1.1730410318439182,-1.1704767693704392,-1.0401239783105054,-0.8118356434872271,0
-0.24858685576095862,-1.2479954184356736,-1.2242858659207403,-1.2618546338524181,-1.300044394622908,-1.2404361647281947,-1.136569143165189,-1.1919052313729446,-1.143498120670705,-1.380856099643104,-1.0862422637146554,-1.1730410318439182,-1.1704767693704392,-1.0401239783105054,-0.8118356434872271,0
-1.4648103544931628,-0.9532561663322557,-0.9317189580605623,-0.966510336316111,-1.0095285415942707,-0.9513511487013041,-0.8590753700596089,-1.1919052313729446,-0.2787860242320479,-1.0900313181485943,-1.0862422637146554,-1.1730410318439182,-1.1704767693704392,-1.0401239783105054,-0.8118356434872271,0
-1.4648103544931628,-1.2479954184356736,-1.2242858659207403,-1.2618546338524181,-1.1206273392222645,-1.2404361647281947,-1.136569143165189,-1.0184307941078432,-1.143498120670705,-1.380856099643104,-1.0862422637146554,-1.1730410318439182,-1.1704767693704392,-1.0401239783105054,-0.8118356434872271,0
-0.7060063858499618,-0.6203130447753697,-0.6012297582948148,-0.6328837438144078,-1.300044394622908,-1.2404361647281947,-1.136569143165189,-0.5937091623824504,-1.143498120670705,-0.7615100577943528,-1.0862422637146554,-1.1730410318439182,-1.1704767693704392,-1.0401239783105054,-0.8118356434872271,0
-0.7060063858499618,-1.2479954184356736,-1.2242858659207403,-1.2618546338524181,-1.300044394622908,-1.2404361647281947,-1.0499018437340542,-1.1919052313729446,-1.143498120670705,-1.380856099643104,-0.9932204586623439,-1.0007332772108415,-1.1704767693704392,-1.0401239783105054,-0.8118356434872271,0
0.8017356402764987,-0.3599988730018127,-0.34283420437907763,-0.3720351949613681,-0.43615241591996107,-1.2404361647281947,-0.3114002505667687,-1.1919052313729446,-1.143498120670705,-0.5160454763261786,-1.0862422637146554,-1.1730410318439182,-0.2914398938107973,-1.0401239783105054,-0.8118356434872271,0
-0.01208662977198061,-1.2479954184356736,-1.2242858659207403,-1.2618546338524181,-1.300044394622908,-1.2404361647281947,-1.136569143165189,-1.1919052313729446,-1.143498120670705,-1.380856099643104,-1.0862422637146554,-1.1730410318439182,-1.1704767693704392,-1.0401239783105054,-0.8118356434872271,0
-1.307065439061984,-0.3599988730018127,-0.5260758893892175,-1.2618546338524181,-1.300044394622908,-1.2404361647281947,-1.136569143165189,-0.5215539449012235,0.40616431269850656,0.18939924498203012,-0.8996980357723491,0.3163600853865991,-0.27986016484131826,-0.8497970495151305,-0.6299341841664527,0
-0.7060063858499618,-1.2479954184356736,-1.2242858659207403,-1.2618546338524181,-1.300044394622908,-1.2404361647281947,-1.136569143165189,-1.1919052313729446,-1.143498120670705,-1.380856099643104,-1.0862422637146554,-1.1730410318439182,-1.1704767693704392,-1.0401239783105054,-0.8118356434872271,0
-0.22255027360404883,0.3668836328530188,-1.0643593001983038,-1.1004098568058611,-0.42477219371265235,-0.36947481927937725,1.0681736780500355,-1.1919052313729446,-0.9866087052259466,-0.5046531526292226,-1.0862422637146554,-1.1730410318439182,-1.1704767693704392,-1.0401239783105054,-0.8118356434872271,0
0.05279758279323938,-1.2479954184356736,-1.2242858659207403,-1.2618546338524181,-0.9350922640047459,-1.2404361647281947,-0.7879756234918529,-0.8390409769334065,-1.143498120670705,-1.380856099643104,-1.0862422637146554,-1.1730410318439182,-0.7991266601715039,-0.6583843626720994,-0.8118356434872271,0
0.05279758279323938,-0.7342224180889683,0.6771383780358363,-1.2618546338524181,0.08163881328289246,0.5014865261694402,-1.136569143165189,-1.1919052313729446,-0.6431969308656057,-0.5046531526292226,-1.0862422637146554,-1.1730410318439182,-0.7951490670565379,-1.0401239783105054,-0.8118356434872271,0
-0.7060063858499618,-1.2479954184356736,0.4440127585609609,-0.3720351949613681,-0.5187136613782404,-1.2404361647281947,-1.136569143165189,-1.1919052313729446,-1.143498120670705,-1.286814736590792,-0.8936227682174599,-1.1730410318439182,-1.1704767693704392,-1.0401239783105054,-0.8118356434872271,0
-1.1877612547846856,-1.2479954184356736,-0.5037488802098569,-1.2618546338524181,-1.300044394622908,-1.0814365636395633,-1.136569143165189,-1.037411076919291,-0.12092726378452091,-1.2208996104419683,-1.0862422637146554,-0.4936749159251247,-0.6827133838321195,0.2096832350868348,0.06316909981819177,0
-0.9653787488694189,-1.2479954184356736,-0.6441296769769412,-1.2618546338524181,-1.300044394622908,-1.2404361647281947,-1.136569143165189,-1.1919052313729446,-1.143498120670705,-1.380856099643104,-1.0862422637146554,-1.1730410318439182,0.001900021411205389,-1.0401239783105054,-0.2359227042615463,0
-0.9028579166966717,-0.3599988730018127,-0.34283420437907763,-1.0310146198813959,-1.0729782750758057,-0.36947481927937725,-0.3005301353349685,-0.5651689105410622,-0.9191715396830176,-0.5046531526292226,-0.4216947988248701,-1.1730410318439182,-0.5109069822591824,-1.0401239783105054,-0.8118356434872271,0
-0.7060063858499618,-1.2479954184356736,-1.2242858659207403,-1.2618546338524181,-1.300044394622908,-0.1599082951786885,-1.136569143165189,-1.1919052313729446,-1.143498120670705,-0.8373407596241794,-1.0862422637146554,-1.1730410318439182,-1.1704767693704392,-1.0401239783105054,-0.8118356434872271,0
-0.8430387073072534,-1.2479954184356736,-0.7039694080414227,-0.7365987193236673,-0.7833756411017795,-0.7263120873838653,-1.136569143165189,-0.34562363251582434,-0.2787860242320479,-0.14566837385420534,-1.0862422637146554,-1.1730410318439182,0.08502996231455208,0.25050889162116174,-0.8118356434872271,0
-0.9094141403553059,-0.3599988730018127,-0.5791193459813093,-0.3720351949613681,-0.42477219371265235,-1.2404361647281947,-0.5246417956438826,-0.5724809590668688,-1.143498120670705,-0.5046531526292226,-1.0862422637146554,-0.9502570220248291,-0.9317348397830553,-0.7947026086115501,-0.8118356434872271,0
-0.7060063858499618,-1.2479954184356736,0.20732288749395567,-0.3720351949613681,-0.7537442063540641,-1.2404361647281947,-1.136569143165189,-1.1919052313729446,-1.143498120670705,-1.0515342650621293,-0.4117113597132731,-1.1730410318439182,-1.1704767693704392,-1.0401239783105054,-0.8118356434872271,0
-1.0166695723414447,-1.2479954184356736,-1.2242858659207403,-1.2618546338524181,-1.300044394622908,-1.2404361647281947,-1.136569143165189,-1.1919052313729446,-1.143498120670705,-1.380856099643104,-0.7188616472571057,-1.1730410318439182,-1.1704767693704392,-1.0401239783105054,-0.8118356434872271,0
-1.1249019775587352,-1.2479954184356736,-1.2242858659207403,-1.2618546338524181,-1.300044394622908,-0.8502865746654446,-1.136569143165189,-1.1919052313729446,-1.143498120670705,-1.380856099643104,-1.0862422637146554,-0.8007535968407429,-1.1704767693704392,-1.0401239783105054,-0.8118356434872271,0
-1.4648103544931628,-1.2479954184356736,-1.2242858659207403,-1.2618546338524181,-1.300044394622908,-1.2404361647281947,-1.136569143165189,-1.1919052313729446,-1.143498120670705,-1.380856099643104,-1.0862422637146554,-1.1730410318439182,-1.1704767693704392,-1.0401239783105054,-0.8118356434872271,0
-1.4648103544931628,-1.2479954184356736,-0.6023915373944286,-1.2618546338524181,-0.6825098871596168,-1.2404361647281947,-1.136569143165189,-1.1919052313729446,-1.143498120670705,-1.380856099643104,-0.4531396082232466,-0.5866812156770729,-1.1704767693704392,-1.0401239783105054,-0.19448983652201912,0
0.09191141804078767,-1.2022221330895293,-1.13341402947037,-1.1701201349011723,-1.2098096196931512,-1.1955409876065175,-1.136569143165189,-1.1919052313729446,-1.143498120670705,-1.3356907352945258,-1.0862422637146554,-1.1302012832952801,-1.1245684286423703,-1.0401239783105054,-0.8118356434872271,0
-1.4648103544931628,-0.5699161111485261,-1.2242858659207403,-0.3720351949613681,-0.6316814705408705,-0.5753650348542967,-1.136569143165189,-0.9918491648939078,-0.9390851913526402,-0.9665975000146567,-1.0862422637146554,-1.1730410318439182,-1.1704767693704392,-0.8236970521965583,-0.8118356434872271,0
-1.4648103544931628,-0.48441888905218994,-1.2242858659207403,-1.2618546338524181,-1.300044394622908,-0.4915079793600334,-1.136569143165189,-1.1919052313729446,-1.143498120670705,-1.380856099643104,-1.0862422637146554,-0.4584009034576455,-0.40464728569222813,-1.0401239783105054,-0.8118356434872271,0
-0.7060063858499618,-1.131195435419097,-1.1083467447300175,-1.2618546338524181,-1.1849180703968936,-1.1258768560466346,-1.136569143165189,-1.080592099714917,-1.143498120670705,-1.380856099643104,-1.0862422637146554,-1.1730410318439182,-1.1704767693704392,-1.0401239783105054,-0.8118356434872271,0
-0.7060063858499618,-0.8151581982534182,-0.7724812439633549,-0.8057609502857425,-0.8514071713968274,-0.7940085515205029,-1.136569143165189,-0.7581276863032647,-0.7220104673627614,-0.9537674472703727,0.2710431380256522,-0.34195476764483496,-0.27986016484131826,-0.5938641575411462,-0.38533103298385873,0
-1.3047819770584603,-1.2479954184356736,-0.435781319189149,-0.46586467325877845,-0.5170676981601462,-0.36947481927937725,-1.136569143165189,-0.34562363251582434,-0.1876040592848499,-0.5046531526292226,-1.0862422637146554,-1.1730410318439182,-0.09203308956383534,0.0684920301918598,-0.7195683418485636,0
-0.7060063858499618,-1.0702675771301455,-1.0478679487266704,-1.2618546338524181,-1.124863263995295,-1.0661178291635591,-1.136569143165189,-1.0225264173731892,-1.143498120670705,-1.380856099643104,-0.3685017806727247,-1.1730410318439182,-1.1704767693704392,-1.0401239783105054,-0.11195850057555645,0
-1.4648103544931628,-1.2479954184356736,-1.2242858659207403,-1.2618546338524181,-1.300044394622908,-1.2404361647281947,-1.136569143165189,-1.1919052313729446,0.3475763859944089,-0.8772264783552652,-1.0862422637146554,-1.1730410318439182,-1.1704767693704392,-1.0401239783105054,-0.8118356434872271,0
-0.6889565855239889,-1.2479954184356736,-1.2242858659207403,-1.2618546338524181,-1.300044394622908,-1.2404361647281947,-1.136569143165189,-1.1919052313729446,-1.143498120670705,-1.380856099643104,-1.0862422637146554,-1.1730410318439182,-1.1704767693704392,-1.0401239783105054,-0.8118356434872271,0
-0.15107586379263332,0.9388250839256612,0.9464169090072734,0.9294550084794486,0.8554405607406242,0.6704250883536134,0.9222983743922046,-0.9645285260959433,-1.143498120670705,-1.1454402055541066,-1.0862422637146554,-1.1730410318439182,-1.1704767693704392,-1.0401239783105054,-0.8118356434872271,0
-0.35819660884437005,0.04702836092441607,-0.7468614874601055,-0.779897980878691,-0.42477219371265235,-0.8412172836215195,0.4658932174615288,-0.7335301621940254,-1.143498120670705,-0.5046531526292226,-1.0862422637146554,-1.1730410318439182,-1.1704767693704392,-1.0401239783105054,-0.8118356434872271,0
-1.4648103544931628,-1.2479954184356736,-1.2242858659207403,-1.2618546338524181,-0.9792380694085951,-1.2404361647281947,-0.8301426377204749,-0.8817245932314585,-1.143498120670705,-1.380856099643104,-1.0862422637146554,-1.1730410318439182,-1.1704767693704392,-1.0401239783105054,-0.8118356434872271,0
-0.14288861637768405,-1.2479954184356736,-1.2242858659207403,-1.2618546338524181,-1.300044394622908,-1.2404361647281947,-1.136569143165189,-1.1919052313729446,-1.143498120670705,-1.380856099643104,-1.0862422637146554,-1.1730410318439182,-1.1704767693704392,-1.0401239783105054,-0.8118356434872271,0
-1.4648103544931628,-1.1242477060737806,-1.2242858659207403,1.035598451908112,-1.300044394622908,-0.36947481927937725,-1.136569143165189,-1.1919052313729446,-1.143498120670705,-1.380856099643104,-1.0862422637146554,-0.34195476764483496,-1.0463639358591919,-1.0401239783105054,-0.8118356434872271,0
-1.4648103544931628,-1.2479954184356736,-1.2242858659207403,-1.2618546338524181,-1.1555634196824958,-1.2404361647281947,-1.136569143165189,-1.052209728248489,-1.143498120670705,-1.380856099643104,-1.0862422637146554,-1.1730410318439182,-1.1704767693704392,-1.0401239783105054,-0.8118356434872271,0
0.07646895716188769,-1.2479954184356736,-1.2242858659207403,-1.2618546338524181,-1.300044394622908,-1.2404361647281947,-1.136569143165189,-1.1919052313729446,-1.143498120670705,-1.380856099643104,-1.0862422637146554,-1.1730410318439182,-1.1704767693704392,-1.0401239783105054,-0.8118356434872271,0
-0.7449940104228524,-1.2479954184356736,-1.2242858659207403,-1.2618546338524181,-0.8848941965736378,-1.2404361647281947,-1.136569143165189,-1.1919052313729446,-1.143498120670705,-1.380856099643104,-1.0862422637146554,-0.7788486573809091,-1.1704767693704392,-1.0401239783105054,-0.8118356434872271,0
-1.4648103544931628,-1.2479954184356736,-1.2242858659207403,0.9493129854124711,-1.300044394622908,-0.5190008410675078,-1.136569143165189,-1.1919052313729446,-1.143498120670705,-1.380856099643104,-1.0862422637146554,-0.48463506396086803,-1.1704767693704392,-1.0401239783105054,-0.8118356434872271,0
-1.4648103544931628,-1.2479954184356736,-0.9842601205102744,-1.2618546338524181,-1.0617013616163125,-0.6066439747602572,-1.136569143165189,-1.1919052313729446,-1.143498120670705,-0.743249634618965,0.4640819540631561,-0.34195476764483496,-0.5223815913744013,-1.0401239783105054,-0.5735654411459619,0
-1.4508554361429116,-1.2479954184356736,-1.2242858659207403,-1.2618546338524181,-1.2839475466849783,-0.3854923876688729,-1.1211938201911185,-0.34562363251582434,-0.2946886647043331,0.3554358293961895,-0.1724016523344349,-0.3572390063127628,-0.27986016484131826,-0.141427295942582,0.04707717060656266,0
-0.7060063858499618,-1.2479954184356736,-1.2242858659207403,-1.2618546338524181,-1.300044394622908,-1.2404361647281947,-1.136569143165189,-1.1919052313729446,-1.143498120670705,-1.380856099643104,-1.0862422637146554,-1.1730410318439182,-1.1704767693704392,-1.0401239783105054,-0.8118356434872271,0
-1.3754603654840891,-0.3599988730018127,-1.2242858659207403,-0.476812397467487,-0.5278364431934721,-1.2404361647281947,-1.136569143165189,-1.1919052313729446,-1.041677334926849,-0.5046531526292226,-0.9805797472982511,-0.34195476764483496,-0.27986016484131826,-0.12459000680439548,-0.7088028874290041,0
-1.0273473648847564,-0.3599988730018127,-0.7161144606725582,-0.3720351949613681,-0.42477219371265235,-1.2404361647281947,-0.6545788809784768,-0.7040099467072702,-1.143498120670705,-0.5046531526292226,-1.0862422637146554,-0.8210896915291982,-0.7933153107189188,-0.652410425270665,-0.8118356434872271,0
-1.4648103544931628,-1.2479954184356736,0.05548459790477551,0.27392458123262947,-1.300044394622908,-1.2404361647281947,-1.136569143165189,-1.1919052313729446,-1.143498120670705,-0.10870618963668024,-1.0862422637146554,-1.1730410318439182,0.12260017948396607,-1.0401239783105054,-0.8118356434872271,0
-1.4648103544931628,-1.2479954184356736,-1.2242858659207403,-1.2618546338524181,-1.300044394622908,-1.2404361647281947,-1.136569143165189,-1.1919052313729446,-0.757990446587667,-1.380856099643104,-1.0862422637146554,-1.1730410318439182,-1.1704767693704392,-1.0401239783105054,-0.8118356434872271,0
-0.9705099785566731,-1.2479954184356736,-1.2242858659207403,-1.2618546338524181,-0.994942350743202,-1.2404361647281947,-0.8451429904930381,-0.896908720298366,-1.143498120670705,-1.380856099643104,-1.0862422637146554,-1.1730410318439182,-1.1704767693704392,-1.0401239783105054,-0.8118356434872271,0
0.05279758279323938,-1.0968067282958684,-1.0742114959073668,-1.2618546338524181,-1.300044394622908,-1.09214785701133,-0.9942266496615948,-1.1919052313729446,-1.143498120670705,-1.380856099643104,-1.0862422637146554,-1.0315417835376621,-1.1704767693704392,-1.0401239783105054,-0.8118356434872271,0
1.2571389596309968,-1.2479954184356736,-1.2242858659207403,-1.2618546338524181,-1.300044394622908,-1.2404361647281947,-1.136569143165189,-1.1919052313729446,-1.143498120670705,-1.380856099643104,-1.0862422637146554,-1.1730410318439182,-1.1704767693704392,-1.0401239783105054,-0.8118356434872271,0
-0.7060063858499618,-1.2479954184356736,-1.2242858659207403,-1.2618546338524181,-1.300044394622908,-0.37905176100209204,-1.136569143165189,-1.1919052313729446,-1.143498120670705,-1.380856099643104,-1.0862422637146554,-0.35109324980638473,-1.1704767693704392,-1.0401239783105054,-0.8118356434872271,0
-0.8098757451963978,-1.2479954184356736,-0.46349227044440516,-1.2618546338524181,-1.300044394622908,-1.2404361647281947,-1.136569143165189,-1.1919052313729446,-1.143498120670705,-1.380856099643104,-1.0862422637146554,-1.1730410318439182,0.36693120956638176,-1.0401239783105054,-0.05660647578236547,0
-0.7060063858499618,-1.2479954184356736,-1.1361571316545604,-1.172889277842134,-1.300044394622908,-1.2404361647281947,-1.136569143165189,-1.1919052313729446,-1.143498120670705,-0.5046531526292226,-0.9068081279468307,-1.1730410318439182,-1.1704767693704392,-1.0401239783105054,-0.8118356434872271,0
-1.4648103544931628,-1.2479954184356736,-1.2242858659207403,-1.2618546338524181,-1.300044394622908,-1.2404361647281947,-1.136569143165189,-1.1919052313729446,-1.143498120670705,-1.380856099643104,-0.30206752493343764,-1.1730410318439182,-1.1704767693704392,-1.0401239783105054,-0.8118356434872271,0
-1.0114909216468866,-1.2479954184356736,-1.2242858659207403,-1.2618546338524181,-1.300044394622908,-1.2404361647281947,-1.136569143165189,-1.1919052313729446,-1.143498120670705,-1.0281082733355518,-1.0862422637146554,-1.1730410318439182,-1.1704767693704392,-1.0401239783105054,-0.8118356434872271,0
-1.4648103544931628,-1.2479954184356736,-1.2242858659207403,-1.2618546338524181,-1.300044394622908,-1.2404361647281947,-1.136569143165189,-1.1919052313729446,-1.143498120670705,-1.380856099643104,-0.7277708785140027,-1.1730410318439182,-1.1704767693704392,-1.0401239783105054,-0.8118356434872271,0
-1.4648103544931628,-1.2479954184356736,-1.2242858659207403,-1.2618546338524181,-1.300044394622908,-1.2404361647281947,-1.136569143165189,-1.1919052313729446,-1.143498120670705,-1.380856099643104,-1.0862422637146554,-1.1730410318439182,-1.1704767693704392,-1.0401239783105054,-0.8118356434872271,0
-1.4648103544931628,-1.2479954184356736,-1.2242858659207403,-0.3720351949613681,-1.300044394622908,-1.2404361647281947,-1.136569143165189,-1.1919052313729446,-1.143498120670705,-1.380856099643104,-1.0862422637146554,-1.1730410318439182,-1.1704767693704392,-1.0401239783105054,-0.8118356434872271,0
-1.4648103544931628,-1.2479954184356736,-1.2242858659207403,-1.2618546338524181,-1.300044394622908,-1.2404361647281947,-1.136569143165189,-1.1919052313729446,-1.143498120670705,-1.380856099643104,-1.0094408539374786,-1.1730410318439182,-1.1704767693704392,-1.0401239783105054,-0.8118356434872271,0
-0.0704769133721587,-0.3599988730018127,-0.34283420437907763,-0.3720351949613681,-0.9335061956242804,-1.2404361647281947,-0.7864606490258795,-0.7000214218757235,-1.143498120670705,-0.5046531526292226,-1.0862422637146554,-1.1730410318439182,-0.7975127864141833,-1.0401239783105054,-0.8118356434872271,0
-1.4648103544931628,-0.9077697289275062,-1.2242858659207403,-0.9209305236279076,-0.9646938917484543,-0.7031736673368393,-1.136569143165189,-0.669866718786573,-0.6100905442210925,0.03584268681788791,-0.5327090495335577,-0.34195476764483496,-0.27986016484131826,-0.12459000680439548,-0.27207892974317577,0
-0.7060063858499618,-0.7871982887800476,-0.34283420437907763,-0.8337782563067739,-1.300044394622908,-1.2404361647281947,-1.136569143165189,-0.7527547260709169,-0.6947837038564454,-0.5046531526292226,0.24278910006145135,-1.1730410318439182,-0.7083200446613953,-0.565037190708072,-0.8118356434872271,0
0.7759635894563641,-0.4017044892510231,0.4558209982630195,0.4342017835241716,0.3682839969834427,-0.41038036089208363,-1.136569143165189,-1.1919052313729446,-1.143498120670705,-0.5458048711268819,-1.0862422637146554,-0.38098753751641373,-0.32168883469894527,-1.0401239783105054,-0.8118356434872271,0
-1.4648103544931628,-1.2479954184356736,-1.2242858659207403,-1.2618546338524181,-1.300044394622908,-1.2404361647281947,-1.136569143165189,-1.1919052313729446,-1.143498120670705,-1.380856099643104,-1.0862422637146554,-1.1730410318439182,-1.1704767693704392,-1.0401239783105054,-0.8118356434872271,0
-0.7060063858499618,-0.5926241166349975,-0.34283420437907763,-0.3720351949613681,-0.42477219371265235,-1.0122735708285453,-0.5195442507427367,-0.34562363251582434,-1.143498120670705,-0.7341888699350057,-0.6160975036750481,-0.9553243687739664,-0.9371651583313201,-1.0401239783105054,-0.8118356434872271,0
-1.4648103544931628,-0.43352380408585045,-1.2242858659207403,-1.2618546338524181,-1.300044394622908,-0.44158925849681524,-1.136569143165189,-1.1919052313729446,-1.143498120670705,-1.380856099643104,-1.0862422637146554,-0.4107676032513888,-0.3536020333283286,-1.0401239783105054,-0.8118356434872271,0
-0.8625508459239882,-1.2479954184356736,-1.2242858659207403,-0.7251581622410834,-1.300044394622908,-1.2404361647281947,-1.136569143165189,-0.34562363251582434,-0.2787860242320479,0.37154979438465885,-1.0862422637146554,-1.1730410318439182,-0.46359812780725995,0.23873771849966416,-0.8118356434872271,0
-0.8921782639792241,-0.3599988730018127,-0.5590975847654456,-1.2618546338524181,-0.6395194489347938,-0.36947481927937725,-1.136569143165189,-0.5532580693351036,-1.143498120670705,-1.380856099643104,-1.0862422637146554,-0.9691347568542981,-0.9519647783818183,-1.0401239783105054,-0.8118356434872271,0
0.2208034376155531,-0.3599988730018127,-0.34283420437907763,-0.3720351949613681,-0.42477219371265235,-1.2404361647281947,-0.3005301353349685,-0.8624515166934362,-1.143498120670705,-0.5046531526292226,-1.0862422637146554,-1.1730410318439182,-0.6265733027774626,-1.0401239783105054,-0.8118356434872271,0
-1.4648103544931628,-1.2479954184356736,-1.2242858659207403,-1.2618546338524181,-1.300044394622908,-1.2404361647281947,-1.136569143165189,-1.1919052313729446,-1.143498120670705,-1.380856099643104,-1.0862422637146554,-1.1730410318439182,-1.1704767693704392,-1.0401239783105054,-0.8118356434872271,0
0.5417156826447292,-0.6758350165277647,-0.6563425112721437,-0.6885196919550647,-0.7360826350566577,-1.2404361647281947,-0.5978864003206039,-1.1919052313729446,-1.143498120670705,-0.8162946349682437,-1.0862422637146554,-1.1730410318439182,-0.59662819190298,-1.0401239783105054,-0.8118356434872271,0
-1.4648103544931628,-1.2479954184356736,-1.2242858659207403,-1.2618546338524181,-1.300044394622908,-1.2404361647281947,-1.136569143165189,-1.1919052313729446,-1.143498120670705,-1.380856099643104,-1.0862422637146554,-1.1730410318439182,-1.1704767693704392,-1.0401239783105054,-0.8118356434872271,0
-1.4648103544931628,-0.6238419300485741,-1.2242858659207403,-0.3720351949613681,-0.6848345716843799,-1.2404361647281947,-1.136569143165189,-1.1919052313729446,-1.143498120670705,-1.380856099643104,-1.0862422637146554,-1.1730410318439182,-1.1704767693704392,-1.0401239783105054,-0.8118356434872271,0
0.05279758279323938,-0.862964236903166,-0.8420925156736854,-1.2618546338524181,-1.300044394622908,-0.8627913668608163,-0.7740665088392193,-1.1919052313729446,-1.143498120670705,-1.380856099643104,-1.0862422637146554,-0.8126858841742087,-1.1704767693704392,-1.0401239783105054,-0.8118356434872271,0
-1.0672353203128306,-0.3599988730018127,-0.7624496223750508,-0.3720351949613681,-0.42477219371265235,-1.2404361647281947,-0.6985268412666812,-0.7484963280254535,-1.143498120670705,-0.5046531526292226,-1.0862422637146554,-0.7774020815097974,-0.7464983765791546,-0.6042836629480827,-0.8118356434872271,0
-1.4648103544931628,-0.9493365751479089,-1.2242858659207403,-1.2618546338524181,-1.300044394622908,-0.9475067503992138,-1.136569143165189,-1.1919052313729446,-1.143498120670705,-1.380856099643104,-1.0862422637146554,-0.8935227571227302,-0.8709367246604847,-1.0401239783105054,-0.8118356434872271,0
-0.7539402303505609,-0.3599988730018127,-0.34283420437907763,-1.205644507943773,-1.2447532215296144,-0.36947481927937725,-0.3005301353349685,-0.3990834617202892,-1.0888740321296402,-0.5046531526292226,-0.245589377293806,-1.1730410318439182,-0.33612064791112173,-1.0401239783105054,-0.8118356434872271,0
-1.4648103544931628,-1.2479954184356736,-1.2242858659207403,-1.2618546338524181,-1.06597218556331,-1.2404361647281947,-1.136569143165189,-0.9655859182210286,-1.143498120670705,-1.380856099643104,-1.0862422637146554,-1.1730410318439182,-1.1704767693704392,-1.0401239783105054,-0.8118356434872271,0
-0.2733976417994374,-1.2479954184356736,-1.2242858659207403,-1.2618546338524181,-0.6129035319462677,-1.2404361647281947,-1.136569143165189,-1.1919052313729446,-1.143498120670705,-1.380856099643104,-1.0862422637146554,-0.5205887639133636,-1.1704767693704392,-1.0401239783105054,-0.8118356434872271,0
-0.7060063858499618,-1.2479954184356736,0.538617457162585,-0.3720351949613681,-0.42477219371265235,-0.39663412454766594,-1.136569143165189,-1.1919052313729446,-1.143498120670705,-1.380856099643104,-1.0862422637146554,-0.36787064286893345,-1.1704767693704392,-1.0401239783105054,-0.8118356434872271,0
-0.5069993882028381,-1.2479954184356736,-1.2242858659207403,-1.2618546338524181,-1.300044394622908,-1.2404361647281947,-1.136569143165189,-1.1919052313729446,-1.143498120670705,-1.380856099643104,-1.0862422637146554,-1.1730410318439182,-1.1704767693704392,-1.0401239783105054,-0.8118356434872271,0
-0.850297408141435,-1.2479954184356736,-0.6997534351582263,-0.7323427234602702,-0.7791892245057754,-0.7221462895586026,-1.136569143165189,-0.34562363251582434,-0.2787860242320479,-0.14985924219782684,-1.0862422637146554,-1.1730410318439182,0.08077015361732609,0.24612990345207234,-0.8118356434872271,0
0.013775471430685254,-1.2479954184356736,-1.2242858659207403,-1.2618546338524181,-1.300044394622908,-1.2404361647281947,-1.136569143165189,-1.1919052313729446,-1.143498120670705,-1.380856099643104,-1.0862422637146554,-1.1730410318439182,-1.1704767693704392,-1.0401239783105054,-0.8118356434872271,0
0.42944226107006983,0.5344511922965736,0.9825462653755181,0.9659273472516716,0.891316630462469,0.5078162426227192,0.12660324583387778,-1.1919052313729446,-1.143498120670705,-0.9459385310471601,-1.0862422637146554,-0.760517861782924,-0.7284047476852118,-1.0401239783105054,-0.8118356434872271,0
-1.4648103544931628,-1.2479954184356736,-1.2242858659207403,-1.2618546338524181,-1.300044394622908,-1.2404361647281947,-1.136569143165189,-1.1919052313729446,-1.143498120670705,-1.380856099643104,-0.5506725196934364,-1.1730410318439182,-1.1704767693704392,-1.0401239783105054,-0.8118356434872271,0
-0.45445359890007,-0.9511879980578398,-1.2242858659207403,-0.9644379224729088,-1.0074900086667398,-1.2404361647281947,-1.136569143165189,-0.6284880868446266,-0.5678107597821958,0.07868431222945166,-1.0862422637146554,-0.8952555252934838,0.3130732805637987,0.4849323278904076,-0.8118356434872271,0
-1.2909776255277674,-1.0445662467609074,-1.022356047273577,-0.3720351949613681,-1.0995302149938333,-1.2404361647281947,-0.9450428092788343,-0.9980324448803044,-1.143498120670705,-1.1801286974402774,-1.0862422637146554,-1.1730410318439182,-1.1704767693704392,-1.0401239783105054,-0.8118356434872271,0
-1.3839231769648241,-1.2479954184356736,-1.2242858659207403,-1.2618546338524181,-1.300044394622908,-1.2404361647281947,-1.136569143165189,-1.1919052313729446,-0.37096282317605034,-0.5980548561715652,-1.0862422637146554,-1.1730410318439182,-1.1704767693704392,-1.0401239783105054,-0.8118356434872271,0
-0.7630212328261401,-1.2479954184356736,-1.2242858659207403,-1.2618546338524181,-1.300044394622908,-1.2404361647281947,-1.136569143165189,-1.1919052313729446,-1.143498120670705,-1.380856099643104,-1.0188182799916419,-1.1730410318439182,-1.1704767693704392,-1.0401239783105054,-0.8118356434872271,0
-0.49975493533541127,0.12273601800074972,0.13634274056100193,-0.5362658485348542,-0.5863179178534297,0.10399935393067508,0.15395946982630673,-0.5756524865031813,-1.143498120670705,-0.7428149654751339,-0.4328108512970781,-1.1730410318439182,-0.5219397718641021,-1.0401239783105054,-0.8118356434872271,0
-1.0888295773276562,-1.2479954184356736,-0.7875342219713213,-1.2618546338524181,-0.42477219371265235,0.5093403047759455,-1.136569143165189,-1.1919052313729446,-0.2787860242320479,-1.380856099643104,-1.0862422637146554,-0.7537507945737311,-0.7291839757572097,-0.5864848457374547,-0.8118356434872271,0
-0.9424478840603064,-1.2479954184356736,-1.2242858659207403,-1.2618546338524181,-1.300044394622908,-1.2404361647281947,-1.136569143165189,-1.1919052313729446,-1.143498120670705,-1.380856099643104,-0.4685126621830867,-1.1730410318439182,-1.1704767693704392,-1.0401239783105054,-0.20948028131014074,0
-1.4648103544931628,-1.2479954184356736,-1.2242858659207403,-1.2618546338524181,-1.300044394622908,-1.2404361647281947,-1.136569143165189,-1.1919052313729446,-1.143498120670705,-1.380856099643104,-1.0862422637146554,-1.1730410318439182,-1.1704767693704392,-1.0401239783105054,-0.8118356434872271,0
-1.0908686730859865,-1.2479954184356736,-1.2242858659207403,-0.591288513919804,-1.300044394622908,-1.2404361647281947,-1.136569143165189,-1.1919052313729446,-1.143498120670705,-1.380856099643104,-1.0862422637146554,-1.1730410318439182,-1.1704767693704392,-1.0401239783105054,-0.8118356434872271,0
0.05279758279323938,-1.2479954184356736,-1.2242858659207403,-1.2618546338524181,-1.300044394622908,-1.2404361647281947,-1.136569143165189,-1.1919052313729446,-1.143498120670705,-1.380856099643104,-1.0862422637146554,-1.1730410318439182,-1.1704767693704392,-1.0401239783105054,-0.8118356434872271,0
-1.3126063274080162,-1.2479954184356736,-1.047480659159073,-1.2618546338524181,-1.1244786895404375,-0.36947481927937725,-1.136569143165189,-1.1919052313729446,-0.2787860242320479,-0.680405550600792,-1.0862422637146554,-1.1730410318439182,-0.9918332205753332,0.6073023877531216,-0.8118356434872271,0
-0.9376719154063979,-1.2479954184356736,-1.2242858659207403,-1.2618546338524181,-0.6919958856135666,-0.9745285922132939,-0.5557757949288983,-0.34562363251582434,-0.8794984659331158,-0.23714530065813288,0.4344732089365988,-0.9193074623595278,-0.27986016484131826,-0.7606082257570274,-0.5446936073369664,0
0.05279758279323938,-0.6016628147186436,-0.5827169877709121,-1.2618546338524181,-1.300044394622908,-0.6065027141585386,-0.5280540858505257,-1.1919052313729446,-1.143498120670705,-1.380856099643104,-1.0862422637146554,-0.5681308530652315,-1.1704767693704392,-1.0401239783105054,-0.8118356434872271,0
-0.2581370134147753,-0.8841216661906861,-0.8630940063836781,-1.2618546338524181,-1.300044394622908,-1.2404361647281947,-1.136569143165189,-1.1919052313729446,-1.143498120670705,-1.380856099643104,-1.0862422637146554,-1.1730410318439182,-1.1704767693704392,-1.0401239783105054,-0.8118356434872271,0
-0.4320979602752676,-1.2479954184356736,-1.2242858659207403,-1.2618546338524181,-1.300044394622908,-1.2404361647281947,-1.136569143165189,-1.1919052313729446,-1.143498120670705,-1.380856099643104,-1.0862422637146554,-1.1730410318439182,-1.1704767693704392,-1.0401239783105054,-0.8118356434872271,0
-1.4648103544931628,-1.2479954184356736,-1.2242858659207403,-1.2618546338524181,-1.300044394622908,-1.2404361647281947,-1.136569143165189,-1.1919052313729446,-1.143498120670705,-1.380856099643104,-0.27108437527610374,-1.1730410318439182,-1.1704767693704392,-1.0401239783105054,-0.8118356434872271,0
-0.7060063858499618,-0.4334241323456187,-1.2242858659207403,-1.2618546338524181,-1.2276712658323456,-1.2404361647281947,-1.067440066833614,-1.1219292318113527,-0.35028597574110876,-0.5046531526292226,-0.11470663704640255,-0.410674319313899,-0.27986016484131826,-0.2002922374510886,-0.009181913859311363,0
-1.3609918343675256,-0.48149334460884086,-1.2242858659207403,-0.49377907235552,-0.5445257379226197,-0.488638558147021,-1.136569143165189,-1.1919052313729446,-1.143498120670705,-1.2609752120255056,-1.0862422637146554,-1.1730410318439182,-1.1704767693704392,-1.0401239783105054,-0.8118356434872271,0
-1.4648103544931628,-1.2479954184356736,-1.2242858659207403,-1.2618546338524181,-1.300044394622908,-1.2404361647281947,-1.136569143165189,-1.1919052313729446,-1.143498120670705,-1.380856099643104,-1.0862422637146554,-1.1730410318439182,-1.1704767693704392,-1.0401239783105054,-0.8118356434872271,0
-1.4648103544931628,-1.2479954184356736,-1.2242858659207403,-1.2618546338524181,-1.300044394622908,-1.2404361647281947,-1.136569143165189,-1.1919052313729446,-0.6644526111902656,-0.5046531526292226,-1.0862422637146554,-1.1730410318439182,-1.1704767693704392,-1.0401239783105054,-0.8118356434872271,0
-1.4648103544931628,-1.2479954184356736,-1.2242858659207403,-1.097119754992981,-1.300044394622908,-1.2404361647281947,-1.136569143165189,0.34398337532264733,0.42583938919073777,0.37154979438465885,0.37618004562591384,0.18140862813680203,0.2809915187502371,0.6214484791055349,0.6141894613719772,0
-1.053613765010954,-0.8412050422411312,-1.2242858659207403,-0.8542291918921072,-0.8990830285998607,-1.2404361647281947,-1.136569143165189,-1.1919052313729446,-1.143498120670705,-0.9060408925605723,-1.0862422637146554,-1.1730410318439182,-1.1704767693704392,-1.0401239783105054,-0.8118356434872271,0
-1.4648103544931628,-1.2479954184356736,-1.2242858659207403,-1.2618546338524181,-1.300044394622908,-1.2404361647281947,-1.136569143165189,-1.1919052313729446,-1.143498120670705,-1.380856099643104,-0.9722317393697829,-1.1730410318439182,-1.1704767693704392,-1.0401239783105054,-0.8118356434872271,0
-1.058432716700545,-1.2479954184356736,-1.2242858659207403,-1.2618546338524181,-1.300044394622908,-1.2404361647281947,-1.136569143165189,-1.1919052313729446,-1.143498120670705,-1.380856099643104,-1.0862422637146554,-1.1730410318439182,-1.1704767693704392,-1.0401239783105054,-0.8118356434872271,0
-1.4648103544931628,-0.5317719054535368,-0.5133412020033148,-0.5441608458310216,-0.5940838435655148,-0.5379525822000438,-0.46225256135269877,-1.1919052313729446,-0.2787860242320479,-0.6741448449400028,-1.0862422637146554,-1.1730410318439182,-1.1704767693704392,-1.0401239783105054,-0.8118356434872271,0
-0.20611895271374,-0.6629980646072683,-0.643600172737568,-1.2618546338524181,-1.300044394622908,-0.6666613172985266,-0.5858005508853086,-1.1919052313729446,-1.143498120670705,-1.380856099643104,-1.0862422637146554,-0.6255352246878134,-1.1704767693704392,-1.0401239783105054,-0.8118356434872271,0
0.34459802325969346,-0.3599988730018127,-0.34283420437907763,-0.3720351949613681,-0.6941139623587768,-1.2404361647281947,-0.55779893102157,-0.9314845503873067,-1.143498120670705,-0.5046531526292226,-1.0862422637146554,-1.1730410318439182,-0.5539237660844645,-1.0401239783105054,-0.8118356434872271,0
-1.3503794164122749,-0.3599988730018127,-1.091359122425283,-0.3720351949613681,-0.42477219371265235,-1.2404361647281947,-1.0104908253233758,-1.0642822862650365,-1.143498120670705,-0.5046531526292226,-1.0862422637146554,-0.4672861902103906,-0.41416902159244,-0.26265651084718994,-0.8118356434872271,0
-1.4648103544931628,-1.2479954184356736,-1.2242858659207403,-1.2618546338524181,-1.300044394622908,-1.2404361647281947,-1.136569143165189,-1.1919052313729446,-1.143498120670705,-1.380856099643104,-1.0862422637146554,-1.1730410318439182,-1.1704767693704392,-1.0401239783105054,-0.8118356434872271,0
0.05279758279323938,-1.2479954184356736,-1.2242858659207403,-1.2618546338524181,-1.300044394622908,-1.2404361647281947,-1.136569143165189,-1.1919052313729446,-1.143498120670705,-1.380856099643104,-1.0862422637146554,-1.1730410318439182,-1.1704767693704392,-1.0401239783105054,-0.8118356434872271,0
-1.4648103544931628,-1.2479954184356736,-0.5378196344196697,-1.0650181724550973,0.06326305719045865,-1.2404361647281947,-1.136569143165189,-1.1919052313729446,-0.4700685044199013,-0.6984775174588538,-1.0862422637146554,-1.1730410318439182,-0.4768729668044745,-0.3271147656081457,-0.8118356434872271,0
-0.6966488213765414,-1.2479954184356736,-1.2242858659207403,-1.2618546338524181,-1.300044394622908,-1.2404361647281947,-1.136569143165189,-1.1919052313729446,-1.143498120670705,-1.380856099643104,-1.0862422637146554,-1.1730410318439182,-1.1704767693704392,-1.0401239783105054,-0.8118356434872271,0
-0.7484543809042808,-1.2479954184356736,-0.3921431923600501,-1.2618546338524181,-0.47373549858552333,-0.4181969720512198,-1.136569143165189,-1.1919052313729446,-0.2787860242320479,-1.380856099643104,-1.0862422637146554,-1.1730410318439182,-0.3296818457847437,-0.17580558170978466,-0.8118356434872271,0
-1.4648103544931628,-1.2479954184356736,-1.2242858659207403,-1.2618546338524181,-1.300044394622908,-1.2404361647281947,-1.136569143165189,-1.1919052313729446,-1.143498120670705,-1.380856099643104,-1.0862422637146554,-1.1730410318439182,-1.1704767693704392,-1.0401239783105054,-0.8118356434872271,0
-1.017988899368792,-1.2479954184356736,-0.6023554577642414,-0.6340201297490524,-0.6824740604674681,-0.36947481927937725,-1.136569143165189,-0.34562363251582434,-0.024193314414498877,-0.5046531526292226,-1.0862422637146554,-1.1730410318439182,0.24457911544498123,0.4145218564290305,-0.5542125228915749,0
-1.4648103544931628,-1.2479954184356736,-1.2242858659207403,-1.2618546338524181,-1.234616324885573,-1.2404361647281947,-1.0740738206237426,-1.1286442579182143,-1.143498120670705,-1.380856099643104,-1.0862422637146554,-1.1730410318439182,-1.1704767693704392,-1.0401239783105054,-0.8118356434872271,0
-1.4648103544931628,-1.2479954184356736,-1.2242858659207403,-1.2618546338524181,-1.300044394622908,-1.2404361647281947,-1.136569143165189,-1.1919052313729446,-0.9873524354205144,-0.5046531526292226,-1.0862422637146554,-1.1730410318439182,-1.1704767693704392,-1.0401239783105054,-0.8118356434872271,0
-0.3781615121220736,-0.743662015709301,-0.7236695987854623,-1.2618546338524181,-1.300044394622908,-0.8641331614227342,-1.136569143165189,-0.34562363251582434,0.09481696123310869,-0.5046531526292226,-0.5766034495826955,-1.1730410318439182,0.4897301386303404,0.6665316311562202,-0.43378567085304875,0
-1.4006825393061757,-0.3599988730018127,-1.1497928854100052,-0.3720351949613681,-0.42477219371265235,-1.2404361647281947,-1.0659140633306525,-1.1203845327336155,-1.143498120670705,-0.5046531526292226,-1.0862422637146554,-0.4121912826834939,-0.35512769028643193,-0.20196334135235802,-0.8118356434872271,0
-1.4648103544931628,-1.2479954184356736,-1.2242858659207403,-1.2618546338524181,-1.300044394622908,-1.2404361647281947,-1.136569143165189,-1.1919052313729446,-1.143498120670705,-1.380856099643104,-1.0862422637146554,-1.1730410318439182,-1.1704767693704392,-1.0401239783105054,-0.8118356434872271,0
-0.17680111925085767,-1.2479954184356736,-1.2242858659207403,-1.2618546338524181,-1.300044394622908,-1.2404361647281947,-1.136569143165189,-1.1919052313729446,-1.143498120670705,-1.380856099643104,-1.0862422637146554,-1.1730410318439182,-1.1704767693704392,-1.0401239783105054,-0.8118356434872271,0
-1.4648103544931628,-0.9839505271006611,-0.6049329809853766,-0.9972677069573642,-1.0397830745014556,-1.2404361647281947,-1.136569143165189,-1.1919052313729446,-0.53590730777112,-1.1203180230916225,-1.0862422637146554,-0.34195476764483496,-0.9056528060641935,-0.12459000680439548,-0.19701269204994812,0
0.1101660497860534,-1.180859501108376,-1.0910036675122832,-1.1273071638362495,-1.1676965776829618,-1.174588173332288,-1.136569143165189,-1.1919052313729446,-1.143498120670705,-1.3146118232265585,-1.0862422637146554,-1.1102077483001613,-1.1031427656072015,-1.0401239783105054,-0.8118356434872271,0
-1.4428492360651453,-1.2479954184356736,-1.2242858659207403,-1.2618546338524181,-1.300044394622908,-1.2404361647281947,-1.1123727071683776,-1.1919052313729446,-1.143498120670705,-1.380856099643104,-1.060271728495145,-1.1249348420341576,-1.1704767693704392,-1.0401239783105054,-0.8118356434872271,0
0.05279758279323938,-1.2479954184356736,-1.2242858659207403,-1.2618546338524181,-1.300044394622908,-1.191894431099845,-1.136569143165189,-0.34562363251582434,-0.2305925831914387,0.3227159278984195,-1.0862422637146554,-1.1730410318439182,0.6603936299120828,0.8419698872696711,-0.7630685571004177,0
-0.307038046793471,-0.8268948322482214,-0.8062889567213408,-1.2618546338524181,-1.300044394622908,-1.2404361647281947,-1.136569143165189,-1.1919052313729446,-1.143498120670705,-1.380856099643104,-1.0862422637146554,-1.1730410318439182,-1.1704767693704392,-1.0401239783105054,-0.8118356434872271,0
-1.3601277705603587,-0.4825045223405159,-0.34283420437907763,-0.494792325848954,-0.42477219371265235,-0.36947481927937725,-0.41586786052475033,-1.1919052313729446,-0.2787860242320479,-0.6255317883946088,-1.0862422637146554,-1.1730410318439182,-1.0476096636247025,-0.913819338672297,-0.8118356434872271,0
-0.18311548384588303,-1.2479954184356736,-1.0872636749718272,-1.2618546338524181,-1.300044394622908,-1.2404361647281947,-1.136569143165189,-1.1919052313729446,-1.143498120670705,-0.6408594277478743,-0.9467505382368318,-1.0438481722049293,-1.1704767693704392,-0.8978036717783049,-0.8118356434872271,0
-1.4648103544931628,-1.2479954184356736,-0.6241058467180761,-1.2618546338524181,-1.300044394622908,-1.2404361647281947,-1.136569143165189,-1.1919052313729446,-0.5547160634247911,-1.380856099643104,-1.0862422637146554,-0.6071547878567318,-1.1704767693704392,-0.41673733038227245,-0.21604532786066083,0
-1.4648103544931628,-0.5119213409332013,-1.2242858659207403,-0.3720351949613681,-0.5745177231944766,-1.2404361647281947,-1.136569143165189,-1.1919052313729446,-1.143498120670705,-0.6545579183668717,-1.0862422637146554,-0.48414076709522,-0.4322308843407166,-0.2812237022184656,-0.8118356434872271,0
-1.4648103544931628,-1.2479954184356736,-1.2242858659207403,-1.2618546338524181,-1.300044394622908,-1.2404361647281947,-1.136569143165189,-1.1919052313729446,-1.143498120670705,-1.380856099643104,-1.0862422637146554,-1.1730410318439182,-0.3128197788132843,-1.0401239783105054,-0.8118356434872271,0
-0.2535544356753806,-1.2479954184356736,-1.2242858659207403,-1.2618546338524181,-1.300044394622908,-1.2404361647281947,-1.136569143165189,-1.1919052313729446,-1.143498120670705,-1.380856099643104,-1.0862422637146554,-1.1730410318439182,-1.1704767693704392,-1.0401239783105054,-0.8118356434872271,0
0.4625383143226059,-0.5642459259325521,-0.5455758761755894,-0.5767015294966948,-0.6260925349542691,-1.2404361647281947,-0.49282649545316237,-1.1919052313729446,-1.143498120670705,-0.7061875736999443,-1.0862422637146554,-1.1730410318439182,-0.4847098545181834,-1.0401239783105054,-0.8118356434872271,0
-1.4648103544931628,-0.3599988730018127,-0.34283420437907763,-1.1545718752012386,-1.194515551151734,-1.135427067675042,-1.0357705236027732,-0.44765716938064365,0.4816704276450584,0.2659087337543211,-1.0862422637146554,0.2887285311807358,-0.3872390352709287,-1.0401239783105054,-0.8118356434872271,0
-0.7060063858499618,-1.1796612412288605,-0.34283420437907763,-0.3720351949613681,-0.42477219371265235,-0.4364980833069474,-1.072233264825746,-0.34562363251582434,-1.143498120670705,-1.3134294775934376,0.5703275969117202,-0.40590951650501317,-0.3483959639839693,-1.0401239783105054,-0.8118356434872271,0
-1.4648103544931628,-1.2479954184356736,-1.2242858659207403,-1.2618546338524181,-0.690602185290941,-1.2404361647281947,-0.5544445658167102,-0.6026488528565254,-1.143498120670705,-1.380856099643104,-1.0862422637146554,-1.1730410318439182,-1.1704767693704392,-1.0401239783105054,-0.8118356434872271,0
-1.4648103544931628,-1.2479954184356736,-1.2242858659207403,-1.2618546338524181,-1.300044394622908,-1.2404361647281947,-1.136569143165189,-1.1919052313729446,-1.143498120670705,-1.380856099643104,-1.0862422637146554,-1.1730410318439182,-1.1704767693704392,-1.0401239783105054,-0.8118356434872271,0
-0.4971583197835051,-1.2479954184356736,-1.2242858659207403,-1.2618546338524181,-1.300044394622908,-1.2404361647281947,-1.136569143165189,-1.1919052313729446,-1.143498120670705,-1.380856099643104,-1.0862422637146554,-1.1730410318439182,-1.1704767693704392,-1.0401239783105054,-0.8118356434872271,0
-1.4648103544931628,-1.2479954184356736,-1.2242858659207403,1.2331376553276707,-1.300044394622908,-0.4263976657952355,-1.136569143165189,-1.1919052313729446,-1.143498120670705,-1.380856099643104,-1.0862422637146554,-0.3962715247611501,-1.1704767693704392,-1.0401239783105054,-0.8118356434872271,0
-1.4648103544931628,-1.2479954184356736,-1.2242858659207403,-0.3720351949613681,-1.300044394622908,-1.2404361647281947,-1.136569143165189,-1.1919052313729446,-1.143498120670705,-1.380856099643104,-1.0862422637146554,-1.1730410318439182,-1.1704767693704392,-1.0401239783105054,-0.8118356434872271,0
-1.0554422207903074,-1.2479954184356736,-0.7487503698692404,-1.2618546338524181,-0.8278426637736285,-0.36947481927937725,-1.136569143165189,-1.1919052313729446,-0.2787860242320479,-0.9773570128968206,-1.0862422637146554,-1.1730410318439182,-0.6899968663820891,0.297021359200358,-0.8118356434872271,0
-1.3060102614278792,-1.062158311773342,-1.039818451845864,-1.2618546338524181,-1.1168701985119749,-1.058164130805068,-1.136569143165189,-1.0147980967091046,-1.143498120670705,-1.380856099643104,-1.0862422637146554,-1.1730410318439182,-1.1704767693704392,-1.0401239783105054,-0.8118356434872271,0
-1.4648103544931628,-1.2479954184356736,-1.2242858659207403,-1.2618546338524181,-1.300044394622908,-1.2404361647281947,-1.136569143165189,-1.1919052313729446,-1.143498120670705,-1.380856099643104,-0.4749330249730285,-1.1730410318439182,-1.1704767693704392,-1.0401239783105054,-0.8118356434872271,0
-1.4648103544931628,-1.2479954184356736,-1.2242858659207403,-0.9289655083492945,-1.300044394622908,-1.2404361647281947,-1.136569143165189,-0.8753039872778201,-0.8200018684937708,-0.7252659427047051,-1.0862422637146554,-1.1730410318439182,-1.1704767693704392,-0.6976148244051961,-0.8118356434872271,0
-1.4648103544931628,-1.2479954184356736,-1.1237807626508056,-1.2618546338524181,-1.300044394622908,-1.2404361647281947,-1.136569143165189,-1.1919052313729446,-1.143498120670705,-1.380856099643104,-0.9839257690114209,-1.0782787045899638,-1.1704767693704392,-0.9357327333131124,-0.8118356434872271,0
-1.4648103544931628,-1.2479954184356736,-1.2242858659207403,-1.2618546338524181,-1.300044394622908,-1.2404361647281947,-1.136569143165189,-1.1919052313729446,-1.143498120670705,-1.380856099643104,-1.0862422637146554,-1.1730410318439182,-1.1704767693704392,-1.0401239783105054,-0.8118356434872271,0
-0.8827769598260545,-0.5668660818091262,-0.5481767204725411,-1.2618546338524181,-1.300044394622908,-0.36947481927937725,-0.49529334347264575,-0.5427729492792445,-0.9420552448712419,-0.5046531526292226,-0.39794768415221793,-1.1730410318439182,-0.487337741239287,-0.613559352068162,-0.8118356434872271,0
-0.7060063858499618,-0.3816666827299047,-0.3643423138250032,-1.2618546338524181,-1.300044394622908,-1.2404361647281947,-1.136569143165189,-0.36627356494485463,-0.2998856752065436,-0.5260331893385032,-0.2108000520214651,-1.1730410318439182,-0.30159190605905895,-0.1469297512507058,-0.8118356434872271,0
-1.4648103544931628,-1.2479954184356736,-1.2242858659207403,-1.2618546338524181,-0.5384710382541061,-1.2404361647281947,-0.4091325439148634,-0.4555565652042858,-1.143498120670705,-1.380856099643104,-1.0862422637146554,-1.1730410318439182,-1.1704767693704392,-1.0401239783105054,-0.8118356434872271,0
-0.7221456992139382,-1.2479954184356736,-0.3615821619131636,-1.2618546338524181,-0.44338871775973515,-0.36947481927937725,-1.136569143165189,-1.1919052313729446,-0.2787860242320479,-1.362219779174746,-1.0862422637146554,-1.1730410318439182,-0.2988030553132249,-0.10511713861694531,-0.8118356434872271,0
-1.3697334864615784,-0.3599988730018127,-1.1138414471198368,-0.3720351949613681,-0.5344423364327268,-0.47860481902083324,-1.136569143165189,-1.085867562598006,-1.143498120670705,-1.2710693359930896,-1.0862422637146554,-1.1730410318439182,-1.1704767693704392,-1.0401239783105054,-0.8118356434872271,0
-1.0634507580305537,-1.2479954184356736,-0.34283420437907763,-1.2618546338524181,-0.8370804251797473,-0.7797523668180126,-1.136569143165189,-1.1919052313729446,-0.2787860242320479,-1.380856099643104,-1.0862422637146554,-0.7815471543596804,-0.6993965750537591,-0.12459000680439548,-0.3996534013659928,0
-0.7060063858499618,-1.2479954184356736,-1.1705769875333751,-1.2076358875328232,-1.2467120449937636,-1.1873664854436936,-1.136569143165189,-1.1403393458483944,-1.143498120670705,-1.380856099643104,-0.9768885295808107,-1.1224010330319487,-1.11620944991385,-1.0401239783105054,-0.8118356434872271,0
-1.4648103544931628,-0.5386786645181776,-1.2242858659207403,-0.3720351949613681,-0.6008916337970762,-1.2404361647281947,-1.136569143165189,-1.1919052313729446,-1.143498120670705,-0.6809598744329344,-1.0862422637146554,-0.5091832565199271,-0.45906715617091304,-0.3088107900901402,-0.8118356434872271,0
-0.7075739909760435,-1.2479954184356736,-1.2242858659207403,-1.2618546338524181,-1.300044394622908,-1.2404361647281947,-1.136569143165189,-1.1919052313729446,-1.143498120670705,-1.380856099643104,-1.0862422637146554,-1.1730410318439182,-1.1704767693704392,-1.0401239783105054,-0.8118356434872271,0
-1.1986888370783433,-1.2479954184356736,-1.2242858659207403,-1.2618546338524181,-1.300044394622908,-1.2404361647281947,-1.136569143165189,-1.1919052313729446,-1.143498120670705,-0.8119478788805996,-1.0862422637146554,-1.1730410318439182,-1.1704767693704392,-1.0401239783105054,-0.8118356434872271,0
-0.7060063858499618,-1.0412594232699683,-1.0190735963727244,-1.2618546338524181,-1.300044394622908,-1.2404361647281947,-1.136569143165189,-0.9948809642969166,-0.942183017916869,-0.5046531526292226,-0.8773314780219527,-1.1730410318439182,-0.9631307937636647,-0.826976947862487,-0.8118356434872271,0
-1.1598235821260823,-1.2479954184356736,-1.2242858659207403,-0.7296811349821111,-1.300044394622908,-1.2404361647281947,-1.136569143165189,-0.6857703687151568,-0.6263405471626005,0.01937674338425908,-1.0862422637146554,-1.1730410318439182,-1.1704767693704392,-0.4925714124121441,-0.8118356434872271,0
-1.4648103544931628,-0.786126766069615,-1.2242858659207403,-1.2618546338524181,-1.300044394622908,-0.7874279351873555,-1.136569143165189,-1.1919052313729446,-1.143498120670705,-1.380856099643104,-1.0862422637146554,-0.7407728042034283,-0.7072453603926913,-1.0401239783105054,-0.8118356434872271,0
0.6180982484088626,-1.2479954184356736,-1.2242858659207403,-1.2618546338524181,-1.300044394622908,-1.2404361647281947,-1.136569143165189,-1.1919052313729446,-1.143498120670705,-1.380856099643104,-1.0862422637146554,-1.1730410318439182,-1.1704767693704392,-1.0401239783105054,-0.8118356434872271,0
-1.3689560474072946,-1.2479954184356736,-1.2242858659207403,-1.2618546338524181,-1.300044394622908,-1.2404361647281947,-1.0309582830432855,-1.1919052313729446,-0.38801895165216,-0.6153376374544506,-0.9728879431560368,-0.963070601336472,-1.1704767693704392,-1.0401239783105054,-0.8118356434872271,0
0.06487510953184607,-1.233861594069356,-1.1962265608802196,-1.2335289568400676,-1.2721818007333305,-1.2265734816471352,-1.136569143165189,-1.1919052313729446,-1.143498120670705,-1.3669099884492892,-1.0862422637146554,-1.1598130217217506,-1.156301242752832,-1.0401239783105054,-0.8118356434872271,0
-1.2889753012934186,-1.2479954184356736,-1.2242858659207403,-1.2618546338524181,-1.300044394622908,-1.2404361647281947,-1.136569143165189,-1.1919052313729446,-1.143498120670705,-1.380856099643104,-1.0862422637146554,-1.1730410318439182,-1.1704767693704392,-1.0401239783105054,-0.8118356434872271,0
-1.023009478125834,-1.2479954184356736,-1.2242858659207403,-1.2618546338524181,-1.300044394622908,-0.2262309111911279,-1.136569143165189,-1.1919052313729446,-1.143498120670705,-0.8707016383287467,-1.0862422637146554,-1.1730410318439182,-1.1704767693704392,-1.0401239783105054,-0.8118356434872271,0
-0.7060063858499618,-1.2479954184356736,-1.2242858659207403,-1.2618546338524181,-1.300044394622908,-1.2404361647281947,-1.136569143165189,-1.1919052313729446,-1.143498120670705,-1.380856099643104,-0.708142631188937,-1.1730410318439182,-1.1704767693704392,-1.0401239783105054,-0.4431462678698386,0
0.05279758279323938,-1.2479954184356736,-1.2242858659207403,-1.2618546338524181,-1.300044394622908,-1.2404361647281947,-1.136569143165189,-1.1919052313729446,-1.143498120670705,-1.380856099643104,-1.0862422637146554,-1.1730410318439182,-1.1704767693704392,-1.0401239783105054,-0.8118356434872271,0
-1.2836253086628788,-1.2479954184356736,-1.2242858659207403,0.7701980452180601,-1.300044394622908,-0.5774404834201662,-1.136569143165189,-1.1919052313729446,-1.143498120670705,-1.380856099643104,-0.8719784670229158,-0.5403991736975333,-1.1704767693704392,-1.0401239783105054,-0.6029045083470331,0
0.05279758279323938,-1.2479954184356736,-1.2242858659207403,-1.2618546338524181,-1.300044394622908,-1.2404361647281947,-1.136569143165189,-1.1919052313729446,-1.143498120670705,-1.380856099643104,-1.0862422637146554,-1.1730410318439182,-1.1704767693704392,-1.0401239783105054,-0.8118356434872271,0
-1.4648103544931628,-0.9330921675163621,-1.2242858659207403,0.4609546148299841,-1.300044394622908,-0.36947481927937725,-1.136569143165189,-1.1919052313729446,-1.143498120670705,-1.380856099643104,-1.0862422637146554,-0.34195476764483496,-0.8546443874416201,-1.0401239783105054,-0.8118356434872271,0
-0.9239644726661502,-1.2479954184356736,-0.5960214908321197,-0.6276260333426341,-1.300044394622908,-1.2404361647281947,-1.136569143165189,-1.1919052313729446,-1.143498120670705,-0.5046531526292226,0.45068320414343926,-0.9343206513378156,-1.1704767693704392,-1.0401239783105054,-0.8118356434872271,0
-0.9308461635931747,-1.2479954184356736,-1.2242858659207403,-1.2618546338524181,-1.300044394622908,-1.2404361647281947,-0.5482552823730319,-1.1919052313729446,-0.8872769046394077,-1.1212300512754214,-0.4547928286060242,-0.0033837212089932287,-1.1704767693704392,-1.0401239783105054,-0.8118356434872271,0
0.6343390628339559,-0.5674417489207062,0.12678957653867665,0.10204680801002003,0.0415592663753039,-0.5729381404410792,-1.136569143165189,-1.1919052313729446,-1.143498120670705,-0.7093409525444389,-1.0862422637146554,-0.536102960752854,-0.4879151068730732,-1.0401239783105054,-0.8118356434872271,0
-1.4648103544931628,-1.2479954184356736,-1.2242858659207403,-1.2618546338524181,-0.46161519244900356,-1.2404361647281947,-1.136569143165189,-0.3812463243422806,-1.143498120670705,-1.380856099643104,-1.0862422637146554,-1.1730410318439182,-1.1704767693704392,-1.0401239783105054,-0.8118356434872271,0
-0.7060063858499618,-1.2479954184356736,-1.2242858659207403,-1.2618546338524181,-1.300044394622908,0.4703515136816833,-1.136569143165189,-1.1919052313729446,-1.143498120670705,-0.5203143469173735,-1.0862422637146554,-1.1730410318439182,-1.1704767693704392,-1.0401239783105054,-0.8118356434872271,0
-1.4648103544931628,-1.2479954184356736,-1.2242858659207403,-1.2618546338524181,-1.289298143665246,-1.2404361647281947,-1.1263045820615747,-1.1815149157286087,-1.143498120670705,-1.380856099643104,-1.0862422637146554,-1.1730410318439182,-1.1704767693704392,-1.0401239783105054,-0.8118356434872271,0
-1.1402144029354517,-1.2479954184356736,-1.2242858659207403,0.2656811333201986,-1.300044394622908,-0.7420486833848208,-1.136569143165189,-1.1919052313729446,-1.143498120670705,-1.380856099643104,-0.7023851928796271,-0.6974711432861076,-1.1704767693704392,-1.0401239783105054,-0.4375321224097243,0
-1.173181769373061,-0.7012796079977884,-1.2242858659207403,-0.7140165164878747,-0.7611626240405662,-1.2404361647281947,-1.136569143165189,-1.1919052313729446,-1.143498120670705,-1.0441079587858266,-1.0862422637146554,-1.1730410318439182,-1.1704767693704392,-1.0401239783105054,-0.8118356434872271,0
0.05279758279323938,-1.2479954184356736,-1.2242858659207403,-1.2618546338524181,-1.300044394622908,-1.2404361647281947,-1.136569143165189,-1.1919052313729446,-1.143498120670705,-1.380856099643104,-1.0862422637146554,-1.1730410318439182,-1.1704767693704392,-1.0401239783105054,-0.8118356434872271,0
-0.8716183021337807,-1.2479954184356736,-1.2242858659207403,-1.2618546338524181,-1.300044394622908,-1.2404361647281947,-0.48299889920076494,-1.1919052313729446,-1.143498120670705,-1.380856099643104,-0.384751802824519,0.12635587992884467,-1.1704767693704392,-1.0401239783105054,-0.8118356434872271,0
-1.3888710500836106,-0.3599988730018127,-0.2546206092817746,-0.41656070618155105,-0.3809746090578226,-0.3258929447279996,-0.34236453745822104,-1.1919052313729446,-0.2787860242320479,-0.5046531526292226,-1.0862422637146554,-1.1730410318439182,-1.1704767693704392,-1.0401239783105054,-0.8118356434872271,0
-1.3026881035112776,-1.2479954184356736,-1.0359593238806686,-1.0717402744633893,-1.300044394622908,-1.2404361647281947,-1.136569143165189,-1.1919052313729446,-1.143498120670705,-0.5046531526292226,0.0028164242450143956,-0.5195204914417227,-1.1704767693704392,-1.0401239783105054,-0.8118356434872271,0
-0.7060063858499618,-1.1685987572586085,-1.1454743893724937,-1.2618546338524181,-1.300044394622908,-1.2404361647281947,-1.136569143165189,-1.1919052313729446,-1.143498120670705,-1.380856099643104,-1.0862422637146554,-1.1730410318439182,-1.1704767693704392,-1.0401239783105054,-0.8118356434872271,0
-1.0228683357446722,-1.2479954184356736,-0.7109114730225592,-1.2618546338524181,-1.300044394622908,-1.2404361647281947,-1.136569143165189,-1.1919052313729446,-1.143498120670705,-1.380856099643104,-1.0862422637146554,-1.1730410318439182,-0.13305230560461542,-1.0401239783105054,-0.3022160597067772,0
-1.4648103544931628,-1.2479954184356736,-1.2242858659207403,-1.2618546338524181,-1.300044394622908,-1.2404361647281947,-1.136569143165189,-1.1919052313729446,-1.143498120670705,-1.380856099643104,-1.0862422637146554,-1.1730410318439182,-1.1704767693704392,-1.0401239783105054,-0.8118356434872271,0
-1.4648103544931628,-0.409076646280156,-1.2242858659207403,-0.3720351949613681,-0.42477219371265235,-0.4176110915046858,-1.136569143165189,-1.1919052313729446,-1.143498120670705,-1.3324301346993404,-1.0862422637146554,-1.1730410318439182,-1.1704767693704392,-1.0401239783105054,-0.8118356434872271,0
-1.4648103544931628,-1.2479954184356736,-1.2242858659207403,0.15989483138916832,-1.300044394622908,-0.7765634683823743,-1.136569143165189,-1.1919052313729446,-1.143498120670705,-1.380856099643104,-1.0862422637146554,-0.7304057435104949,-1.1704767693704392,-1.0401239783105054,-0.8118356434872271,0
-0.8781204102948091,-0.9047060675507068,-0.20200834598082568,-1.2618546338524181,-0.6233038661981439,-0.5670286915517322,-1.136569143165189,-1.1919052313729446,-0.809210272575788,-1.0421260195875237,-1.0862422637146554,-1.1730410318439182,-1.1704767693704392,-1.0401239783105054,-0.8118356434872271,0
-1.4648103544931628,-1.2479954184356736,-1.2242858659207403,-1.2618546338524181,-1.300044394622908,-1.2404361647281947,-1.136569143165189,-1.1919052313729446,-1.143498120670705,-1.380856099643104,-1.0862422637146554,-1.1730410318439182,-0.42862337075094253,-1.0401239783105054,-0.8118356434872271,0
-1.4648103544931628,-1.2479954184356736,-0.35061863354433526,-0.3798935230968007,-0.4325020497508022,-0.37716660454127765,-1.136569143165189,-0.3381498033229199,-0.2711494284245193,-0.49691507682426006,-1.0703928097159736,-1.158361764820787,-0.27199479663810505,-0.11650458401772637,-0.7963806554471291,0
-1.4648103544931628,-1.2479954184356736,-1.2242858659207403,-0.5781811782933186,-0.6275479936711624,-1.2404361647281947,-1.136569143165189,-1.1919052313729446,-1.143498120670705,-0.5046531526292226,-0.8783544519865655,-0.9805018630205067,-1.1704767693704392,-1.0401239783105054,-0.8118356434872271,0
-1.421354997429741,-1.197141431704539,-1.1738066930786037,-1.2618546338524181,-0.42477219371265235,-1.1905577536774568,-1.136569143165189,-0.34562363251582434,-1.143498120670705,-1.380856099643104,-1.0862422637146554,-1.1730410318439182,-1.1704767693704392,-1.0401239783105054,-0.8118356434872271,0
-1.4648103544931628,-1.2479954184356736,-1.2242858659207403,-1.2618546338524181,-1.300044394622908,-1.2404361647281947,-1.136569143165189,-1.1919052313729446,-0.5817408048761656,-0.5046531526292226,-1.0862422637146554,-1.1730410318439182,-1.1704767693704392,-1.0401239783105054,-0.8118356434872271,0
-1.4648103544931628,-1.2479954184356736,-1.2242858659207403,-1.2618546338524181,-0.956707315740416,-1.2404361647281947,-1.136569143165189,-0.8599400989702068,-1.143498120670705,-1.380856099643104,-1.0862422637146554,-1.1730410318439182,-1.1704767693704392,-1.0401239783105054,-0.8118356434872271,0
0.05279758279323938,-1.2479954184356736,-1.2242858659207403,-1.2618546338524181,-0.8735141951314738,-1.2404361647281947,-0.7291577294111634,-0.7795024853345515,-1.143498120670705,-1.380856099643104,-1.0862422637146554,-1.1730410318439182,-0.7364690657039319,-0.5939737554408936,-0.8118356434872271,0
-0.12223558578437581,-1.2479954184356736,-0.5461584931851985,-1.2618546338524181,-0.6266710674984093,0.09967754703319119,-1.136569143165189,-1.1919052313729446,-1.143498120670705,-0.7067667214434599,-0.8792534856145331,-1.1730410318439182,-0.4852985293207601,-1.0401239783105054,-0.6099984640968203,0
-1.4648103544931628,-1.2479954184356736,-1.2242858659207403,-1.2618546338524181,-1.300044394622908,-1.2404361647281947,-1.136569143165189,-1.1919052313729446,-1.143498120670705,-1.380856099643104,-1.0862422637146554,-1.1730410318439182,-1.1704767693704392,-1.0401239783105054,-0.8118356434872271,0
-0.11450822768030425,0.3322066804619246,-1.029937930588812,-1.06566171901438,-0.42477219371265235,-0.5615097845840464,1.0028777373829205,-1.0053118098350913,-1.143498120670705,-0.5046531526292226,-1.0862422637146554,-1.1730410318439182,-1.1704767693704392,-1.0401239783105054,-0.8118356434872271,0
0.05279758279323938,-1.2479954184356736,-1.2242858659207403,-1.2618546338524181,-1.300044394622908,-1.2404361647281947,-1.136569143165189,-1.1919052313729446,-1.143498120670705,-1.380856099643104,-1.0862422637146554,-1.1730410318439182,-1.1704767693704392,-1.0401239783105054,-0.8118356434872271,0
-1.4648103544931628,-1.2479954184356736,-1.2242858659207403,-1.2618546338524181,-1.1071208116868878,-1.2404361647281947,-1.136569143165189,-1.0053716272500828,-1.143498120670705,-1.380856099643104,-1.0862422637146554,-1.1730410318439182,-1.1704767693704392,-1.0401239783105054,-0.8118356434872271,0
0.05279758279323938,-1.2479954184356736,-1.2242858659207403,-1.2618546338524181,-1.300044394622908,-1.2404361647281947,-1.136569143165189,-1.1919052313729446,-1.143498120670705,-1.380856099643104,-1.0862422637146554,-1.1730410318439182,-1.1704767693704392,-1.0401239783105054,-0.8118356434872271,0
0.09668883532648963,1.313266023932021,1.369083595339425,1.3561341448171342,1.2751441212856753,1.2716904008102246,1.2264716785525536,-1.1919052313729446,-1.143498120670705,-1.3301741759750854,-1.0862422637146554,-1.1249687778675692,-1.1189611211726709,-1.0401239783105054,-0.8118356434872271,0
-0.7060063858499618,-1.2479954184356736,-0.3700687423787267,-0.3995282752726806,-1.2730007857039178,-1.2404361647281947,-1.1107377367235496,-1.1657573558080305,-1.143498120670705,-0.5046531526292226,0.7084336547222841,-1.1730410318439182,-1.1429590587375682,-1.0401239783105054,-0.8118356434872271,0
-0.7060063858499618,-1.2479954184356736,0.4361803323690027,-0.3720351949613681,-0.5264911779575524,-1.2404361647281947,-1.136569143165189,-1.1919052313729446,-1.143498120670705,-1.2790289495634475,-0.8776755900760551,-1.1730410318439182,-1.1704767693704392,-1.0401239783105054,-0.8118356434872271,0
-1.4648103544931628,-1.2479954184356736,-1.2242858659207403,-1.2618546338524181,-1.300044394622908,-1.2404361647281947,-1.136569143165189,-1.1919052313729446,-1.143498120670705,-1.380856099643104,-1.0862422637146554,-1.1730410318439182,-1.1704767693704392,-1.0401239783105054,-0.8118356434872271,0
-0.7021424214650419,-0.3554770371031108,-0.34732271256824204,-0.37656631335685076,-0.42477219371265235,-1.23600107508907,-0.292015617530229,-0.3499330485082631,-1.143498120670705,-0.5046531526292226,-1.0862422637146554,-1.1730410318439182,-1.1704767693704392,-1.0401239783105054,-0.8118356434872271,0
-0.07915482244270601,-1.2479954184356736,-1.2242858659207403,-1.2618546338524181,-0.5769778712248305,-1.2404361647281947,-1.136569143165189,-1.1919052313729446,-1.143498120670705,-1.380856099643104,-1.0862422637146554,-0.4864767206806272,-1.1704767693704392,-1.0401239783105054,-0.8118356434872271,0
-0.7060063858499618,-1.2479954184356736,-0.15991891470615788,-0.7246190458863888,-0.7715918176907056,-0.02436333737256182,-1.136569143165189,-1.1919052313729446,-1.143498120670705,-1.0336676749498643,-1.0862422637146554,-0.6712660668533481,-1.1704767693704392,-1.0401239783105054,-0.8118356434872271,0
-1.4648103544931628,-0.5746822713954041,-0.34283420437907763,-1.2618546338524181,-1.300044394622908,-1.2404361647281947,-1.136569143165189,-0.5502219618391004,0.7949801867187299,0.5833819544473022,-0.43541688522694383,0.08728213244592298,-0.495176992715525,-1.0401239783105054,-0.8118356434872271,0
-1.4648103544931628,-1.2479954184356736,-0.9563427346298478,-1.2618546338524181,-1.300044394622908,-1.2404361647281947,-1.136569143165189,-1.1919052313729446,0.24692327304161737,-0.5818132087649277,-0.26792554899435006,-1.1730410318439182,-1.1704767693704392,-1.0401239783105054,-0.8118356434872271,0
-0.8227832103385861,-0.49665790618801703,-0.47848600672680297,-1.2618546338524181,-1.300044394622908,-0.36947481927937725,-0.42919311618047346,-0.4758629061906825,-1.0104224688662418,-0.5046531526292226,-0.3270009430232679,-1.1730410318439182,-0.41692241439665156,-0.7583301176507857,-0.8118356434872271,0
-1.4648103544931628,-1.2479954184356736,-1.2242858659207403,-1.2618546338524181,-1.300044394622908,-1.2404361647281947,-1.136569143165189,-1.1919052313729446,-1.143498120670705,-1.219488541017546,-1.0862422637146554,-1.1730410318439182,-1.1704767693704392,-1.0401239783105054,-0.8118356434872271,0
-1.4648103544931628,-1.0486929659895188,0.14295042723701418,0.3180726602335982,-1.1035978013378778,-1.2404361647281947,-1.136569143165189,-1.1919052313729446,-1.143498120670705,0.174894303911896,-1.0862422637146554,-0.986511555461482,0.4108659396800617,-0.8346410102097851,-0.8118356434872271,0
-0.7060063858499618,-0.5587481417715485,-0.5401186128467705,-0.5711924593967678,-1.300044394622908,-1.2404361647281947,-1.136569143165189,-0.5350363614403009,-1.143498120670705,-0.7007628063304228,-1.0862422637146554,-1.1730410318439182,-1.1704767693704392,-1.0401239783105054,-0.8118356434872271,0
-1.4648103544931628,-0.8368303055175051,-0.8161512016438525,-0.8498454746392308,-0.894770978671085,-0.837158785114227,-0.7494616990809831,-1.1919052313729446,-0.2787860242320479,-0.9751517244395099,-1.0862422637146554,-1.1730410318439182,-1.1704767693704392,-1.0401239783105054,-0.8118356434872271,0
-1.4648103544931628,-1.2479954184356736,-1.2242858659207403,-1.2618546338524181,-1.300044394622908,-1.2404361647281947,-1.136569143165189,-1.1919052313729446,-0.08752883371224338,-1.0241888709397418,-1.0862422637146554,-1.1730410318439182,-1.1704767693704392,-1.0401239783105054,-0.8118356434872271,0
-0.7060063858499618,-1.2479954184356736,-1.2242858659207403,-1.2618546338524181,-1.300044394622908,-1.2404361647281947,-1.136569143165189,-1.1919052313729446,-1.143498120670705,-1.380856099643104,-1.0862422637146554,-1.1730410318439182,-1.1704767693704392,-1.0401239783105054,-0.8118356434872271,0
-1.4648103544931628,-1.166755422873798,-1.2242858659207403,-1.1804478675332313,-1.2199685090994565,1.1334033746458403,-1.136569143165189,-0.4230472595431777,-0.357895799194803,1.0874306683167552,-1.0862422637146554,-0.34195476764483496,-0.27986016484131826,-0.9563646707272051,-0.8118356434872271,0
-1.4648103544931628,-1.2479954184356736,-1.2242858659207403,-1.2618546338524181,-1.300044394622908,-1.2404361647281947,-1.136569143165189,-1.1919052313729446,-1.143498120670705,-1.380856099643104,-1.0862422637146554,-1.1730410318439182,-1.1704767693704392,-1.0401239783105054,-0.8118356434872271,0
-1.4648103544931628,-1.2479954184356736,-1.2242858659207403,-1.2618546338524181,-1.300044394622908,-1.2404361647281947,-1.136569143165189,-1.1919052313729446,-1.143498120670705,-1.380856099643104,-1.0862422637146554,-1.1730410318439182,-1.1704767693704392,-1.0401239783105054,-0.8118356434872271,0
-1.3665339182252592,-1.2479954184356736,-1.2242858659207403,-0.4872800895452514,-0.5381330039145709,-1.2404361647281947,-1.136569143165189,-1.1919052313729446,-1.143498120670705,-0.5046531526292226,-1.0862422637146554,-1.1730410318439182,-1.1704767693704392,-1.0401239783105054,-0.8118356434872271,0
-1.4648103544931628,-1.2479954184356736,-1.1262226760715497,-1.2618546338524181,-1.300044394622908,-1.2404361647281947,-1.136569143165189,-1.1919052313729446,-1.143498120670705,-1.380856099643104,-0.1889043044961856,-1.0805810891572518,-1.1704767693704392,-0.9382690660352696,-0.8118356434872271,0
-1.4648103544931628,-1.2479954184356736,-1.2242858659207403,-1.2618546338524181,-1.300044394622908,-1.2404361647281947,-1.136569143165189,-1.1919052313729446,-1.143498120670705,-1.380856099643104,-0.2286998985690954,-1.1730410318439182,-1.1704767693704392,-1.0401239783105054,-0.8118356434872271,0
-0.7060063858499618,-1.1255652188566587,0.41708961632050845,-0.3720351949613681,-0.5454480575934625,-1.2404361647281947,-1.136569143165189,-1.0752263708741092,-1.143498120670705,-1.260051911579266,-1.0862422637146554,-1.1730410318439182,-1.1704767693704392,-1.0401239783105054,-0.8118356434872271,0
-1.4648103544931628,-0.3599988730018127,-1.2242858659207403,-0.3720351949613681,-0.42477219371265235,-0.5353789551233694,-1.136569143165189,-1.1919052313729446,-1.143498120670705,-1.21395352295827,-1.0862422637146554,-1.0147324579970398,-1.0008286226245313,-0.8657294736953,-0.8118356434872271,0
-1.4648103544931628,-1.2479954184356736,-1.2242858659207403,-1.2618546338524181,-1.300044394622908,-1.2404361647281947,-1.136569143165189,-1.1919052313729446,-1.143498120670705,-1.380856099643104,-1.0862422637146554,-1.1730410318439182,-1.1704767693704392,-1.0401239783105054,-0.8118356434872271,0
-1.4648103544931628,-1.2479954184356736,-0.8283883489749749,-1.2618546338524181,-1.300044394622908,-1.2404361647281947,-1.136569143165189,-1.1919052313729446,-1.143498120670705,-1.380856099643104,-0.1889043044961856,-0.7997647618909144,-1.1704767693704392,-0.6289186430515938,-0.8118356434872271,0
-0.013208315846952026,0.37350978783241456,-1.2242858659207403,-1.2618546338524181,-0.5009092865103643,-0.44523692472805226,1.1533749069733696,-1.1919052313729446,-1.143498120670705,-0.5046531526292226,-1.0862422637146554,-1.1730410318439182,-1.1704767693704392,-1.0401239783105054,-0.8118356434872271,0
-1.4648103544931628,-1.2479954184356736,-0.7028659677022757,-1.2618546338524181,-0.7822799364859084,-1.2404361647281947,-1.136569143165189,-1.1919052313729446,-1.143498120670705,-1.380856099643104,-0.5554248771492731,-0.681414622595874,-1.1704767693704392,-1.0401239783105054,-0.2942293990370085,0
-0.5127974687601466,0.7541019866063022,0.4345483810302406,0.7443527086426625,0.6733644110291646,0.7232532871975187,0.43680146634739875,-1.1919052313729446,-1.143498120670705,-1.380856099643104,-1.0862422637146554,-1.1730410318439182,-1.1704767693704392,-1.0401239783105054,-0.8118356434872271,0
-1.2677081525057394,-1.2479954184356736,-1.2242858659207403,-1.2618546338524181,-0.6521274597193197,-1.2404361647281947,-0.5176944309900973,-0.5654484799456999,-1.143498120670705,-1.380856099643104,-1.0862422637146554,-1.1730410318439182,-1.1704767693704392,-1.0401239783105054,-0.8118356434872271,0
-0.9158763012299489,-1.2479954184356736,-0.5866260047172785,-1.2618546338524181,-0.42477219371265235,0.1123059605323648,-1.136569143165189,-1.1919052313729446,-0.2787860242320479,-1.380856099643104,-1.0862422637146554,-0.943179287376757,-0.5261868040690411,-0.3778082885577937,-0.8118356434872271,0
0.05279758279323938,-0.8003348127162376,-0.7799246949824534,-1.2618546338524181,-1.300044394622908,-0.8013634166790048,-0.7151015928973052,-1.1919052313729446,-1.143498120670705,-1.380856099643104,-1.0862422637146554,-0.7540702798184249,-1.1704767693704392,-1.0401239783105054,-0.8118356434872271,0
-1.4648103544931628,-1.2479954184356736,-0.4142725260525382,-1.2618546338524181,-0.49570969348558713,-1.2404361647281947,-1.136569143165189,-1.1919052313729446,-1.143498120670705,-1.380856099643104,-0.26163015048113386,-0.40931116445099436,-1.1704767693704392,-1.0401239783105054,-0.007746723527955264,0
-0.11427830467484487,-0.5555207956958114,-0.14875335517685295,-0.3720351949613681,-1.1073241588488294,-1.2404361647281947,-1.136569143165189,-1.1919052313729446,-1.143498120670705,-1.380856099643104,-1.0862422637146554,-1.1730410318439182,-1.1704767693704392,-1.0401239783105054,-0.8118356434872271,0
-0.7060063858499618,-1.2479954184356736,0.538617457162585,-0.3720351949613681,-0.42477219371265235,-0.6453441926415374,-1.136569143165189,-1.1919052313729446,-1.143498120670705,-1.380856099643104,-1.0862422637146554,-0.6051940584727803,-1.1704767693704392,-1.0401239783105054,-0.8118356434872271,0
-0.004970815524218394,-1.2479954184356736,-0.40993987697139755,-1.2618546338524181,-0.4914074186559168,0.36887245454574674,-1.136569143165189,-1.1919052313729446,-1.143498120670705,-0.5713592360733234,-1.0862422637146554,-1.1730410318439182,-0.347663572420453,-1.0401239783105054,-0.8118356434872271,0
-1.2390007862402364,-0.22787112669267565,-1.2242858659207403,-0.5044341752133605,-0.42477219371265235,-1.1108431383946287,-0.7633786713131966,-1.1919052313729446,-1.143498120670705,-0.5046531526292226,-1.0862422637146554,-0.46561465758669685,-0.4123777578286135,-0.26081513171797627,-0.8118356434872271,0
-0.7060063858499618,-0.7996872784737958,-0.34283420437907763,-0.8212636290159914,-1.300044394622908,-1.2404361647281947,-1.136569143165189,-0.7646570270657608,-0.7069452156506218,-0.5046531526292226,0.255409469568647,-1.1730410318439182,-0.7208458834748908,-0.5779134731589567,-0.8118356434872271,0
-1.4648103544931628,-1.2479954184356736,-1.2242858659207403,-1.2618546338524181,-1.300044394622908,-1.2404361647281947,-1.136569143165189,-1.1919052313729446,-1.143498120670705,-1.380856099643104,-1.0862422637146554,-1.1730410318439182,-1.1704767693704392,-1.0401239783105054,-0.8118356434872271,0
-1.4648103544931628,-1.2479954184356736,-1.2242858659207403,-0.17380420480053396,-1.300044394622908,-0.8854391004607839,-1.136569143165189,-1.1919052313729446,-1.143498120670705,-1.380856099643104,-1.0862422637146554,-0.8342967402799684,-1.1704767693704392,-1.0401239783105054,-0.8118356434872271,0
0.05279758279323938,-1.2479954184356736,-1.2242858659207403,-1.2618546338524181,-1.1465925178067535,-1.2404361647281947,-0.989995591863498,-1.0435359589059938,-1.143498120670705,-1.380856099643104,-1.0862422637146554,-1.1730410318439182,-1.0143347265333702,-0.8796134467633422,-0.8118356434872271,0
-1.4648103544931628,-1.2479954184356736,-1.2242858659207403,-1.2618546338524181,-0.7291999246100576,-1.2404361647281947,-0.5913122004237329,-0.6399681650765208,-1.143498120670705,-1.380856099643104,-1.0862422637146554,-1.1730410318439182,-1.1704767693704392,-1.0401239783105054,-0.8118356434872271,0
-0.7060063858499618,-1.2479954184356736,-1.2242858659207403,-1.2618546338524181,-1.300044394622908,-1.2404361647281947,-1.136569143165189,-1.1919052313729446,-1.143498120670705,-1.380856099643104,-0.47783263306014656,-1.1730410318439182,-1.1704767693704392,-1.0401239783105054,-0.21856829396035599,0
-1.4648103544931628,-1.2479954184356736,-1.2242858659207403,-1.2618546338524181,-1.300044394622908,-1.2404361647281947,-1.136569143165189,-1.1919052313729446,-1.143498120670705,-1.380856099643104,-1.0862422637146554,-1.1730410318439182,-1.1704767693704392,-1.0401239783105054,-0.8118356434872271,0
-1.262188243348677,-0.3599988730018127,-0.9889133535013078,-0.3720351949613681,-0.42477219371265235,-1.2404361647281947,-0.9133230931101259,-0.9659241199539156,-1.143498120670705,-0.5046531526292226,-1.0862422637146554,-0.5638782951354828,-0.517679976132893,-0.3690634594970123,-0.8118356434872271,0
-1.4648103544931628,-0.3599988730018127,-0.34283420437907763,-0.4800325924010205,-0.531003992680081,-0.47518340966063016,-0.40200020112294255,-1.089192022172277,-0.1738359052884282,-0.3983083889944971,-1.0862422637146554,-0.9713031293921511,-1.062382619926417,-1.0401239783105054,-0.8118356434872271,0
-0.2546302947037707,-1.2479954184356736,-1.0457266960810623,-1.2618546338524181,-0.2474648217974016,-1.2404361647281947,-0.46988988324293285,-0.5170582628371609,-0.9683299511305126,-1.2033601827867682,-1.0862422637146554,-1.1730410318439182,-0.27986016484131826,-0.12459000680439548,-0.8118356434872271,0
-1.4648103544931628,-1.2479954184356736,-1.2242858659207403,-1.2618546338524181,-1.0010967802275283,-1.2404361647281947,-1.136569143165189,-0.9028593039209609,-1.143498120670705,-1.380856099643104,-1.0862422637146554,-1.1730410318439182,-1.1704767693704392,-1.0401239783105054,-0.8118356434872271,0
-0.7060063858499618,-1.2479954184356736,-1.2242858659207403,-1.2618546338524181,-1.300044394622908,-1.2404361647281947,-1.0116496402054318,-1.1919052313729446,-1.143498120670705,-1.380856099643104,-0.9521635774301298,-0.9246820867036121,-1.1704767693704392,-1.0401239783105054,-0.8118356434872271,0
0.2541929567405775,-1.2479954184356736,-1.2242858659207403,-1.2618546338524181,-1.300044394622908,-1.2404361647281947,-1.136569143165189,-1.1919052313729446,-1.143498120670705,-1.380856099643104,-1.0862422637146554,-1.1730410318439182,-1.1704767693704392,-1.0401239783105054,-0.8118356434872271,0
-1.2435150238212416,-1.2479954184356736,-1.2242858659207403,-1.2618546338524181,-1.300044394622908,-1.2404361647281947,-0.8927492155714677,-1.1919052313729446,-1.143498120670705,-1.380856099643104,-0.8245452924075752,-0.6882899834758326,-1.1704767693704392,-1.0401239783105054,-0.8118356434872271,0
-1.341135421219571,-1.1032638170708515,-1.0806209933977535,-1.2618546338524181,-0.42477219371265235,-1.0984810739095938,-1.136569143165189,-0.34562363251582434,-1.143498120670705,-1.380856099643104,-1.0862422637146554,-1.1730410318439182,-1.1704767693704392,-1.0401239783105054,-0.8118356434872271,0
-0.7060063858499618,-0.9793511215028422,-0.9576215831453597,-1.2618546338524181,-1.0352495750400195,-0.9769455019470098,-1.136569143165189,-0.9358808962545183,-1.143498120670705,-1.380856099643104,-1.0862422637146554,-1.1730410318439182,-1.1704767693704392,-1.0401239783105054,-0.8118356434872271,0
0.295508034588675,-0.9639615287336795,-0.9423454177294233,-0.9772376748560445,-1.0200805039400906,-1.2404361647281947,-0.8691543513423304,-1.1919052313729446,-1.143498120670705,-1.1005945012298937,-1.0862422637146554,-1.1730410318439182,-0.8856048295882928,-1.0401239783105054,-0.8118356434872271,0
-1.175411154687484,-0.6986706516145105,-1.2242858659207403,-0.7114022043973637,-0.7585910521043772,-0.5760866703910482,-1.136569143165189,-1.1919052313729446,-1.143498120670705,-1.046682265277686,-1.0862422637146554,-1.1730410318439182,-1.1704767693704392,-1.0401239783105054,-0.8118356434872271,0
0.4280767733594174,-1.2479954184356736,-1.2242858659207403,-1.2618546338524181,-1.300044394622908,-1.2404361647281947,-1.136569143165189,-1.1919052313729446,-1.143498120670705,-1.380856099643104,-1.0862422637146554,-1.1730410318439182,-1.1704767693704392,-1.0401239783105054,-0.8118356434872271,0
-0.7060063858499618,-1.2479954184356736,-1.08448313233117,-1.1207247280552795,-0.5635948332981239,-1.2404361647281947,-0.43313019020099747,-0.47984821461014865,-1.143498120670705,-0.5046531526292226,0.7084336547222841,-1.1730410318439182,-0.42111650517841925,-1.0401239783105054,-0.8118356434872271,0
-1.4648103544931628,-1.1422090641441636,-0.447840871621379,-0.3720351949613681,-0.42477219371265235,-0.36947481927937725,-1.136569143165189,-0.44644051689159003,-0.38179851979228807,-0.6090345444946478,-1.0862422637146554,-1.1730410318439182,-0.3859586447837006,-0.23365687375750824,-0.8118356434872271,0
-1.4648103544931628,-1.2479954184356736,-1.2242858659207403,-1.2618546338524181,-1.300044394622908,-1.2404361647281947,-1.136569143165189,-1.1919052313729446,-1.143498120670705,-1.380856099643104,-1.0862422637146554,-1.1730410318439182,-1.1704767693704392,-1.0401239783105054,-0.8118356434872271,0
-1.4648103544931628,-1.2479954184356736,0.4870573247098022,0.49175944295078283,-1.300044394622908,-1.2404361647281947,-1.136569143165189,-1.1919052313729446,-1.143498120670705,0.32029668321059923,-1.0862422637146554,-1.1730410318439182,0.5586602078719202,-1.0401239783105054,-0.8118356434872271,0
-1.4648103544931628,-1.2479954184356736,-1.2242858659207403,-1.2618546338524181,-1.300044394622908,-1.2404361647281947,-1.136569143165189,-1.1919052313729446,-1.143498120670705,-1.380856099643104,-1.0862422637146554,-1.1730410318439182,-1.1704767693704392,-1.0401239783105054,-0.8118356434872271,0
-0.7060063858499618,-0.4744348701287515,-0.34283420437907763,-1.147183720687233,-1.300044394622908,-1.2404361647281947,-1.136569143165189,-0.45468383000575674,-0.3902213575027826,-0.5046531526292226,-0.07326448061280963,-1.1730410318439182,-0.39463380863663583,-0.24257474837982482,-0.8118356434872271,0
-1.2105208379141634,-1.2479954184356736,-1.2242858659207403,-1.2618546338524181,-1.0067241774889857,-0.6613503874701856,-0.8563967087451757,-0.34562363251582434,-0.5685673512545912,0.07791766668288329,0.11181056428034457,-0.6204674442937422,-0.27986016484131826,-0.4314027023708449,-0.23006148722963476,0
-1.4648103544931628,-1.2479954184356736,-1.2242858659207403,-1.2618546338524181,-1.300044394622908,-1.2404361647281947,-1.136569143165189,-1.1919052313729446,-1.143498120670705,-1.380856099643104,-1.0862422637146554,-1.1730410318439182,-1.1704767693704392,-1.0401239783105054,-0.8118356434872271,0
0.6896163043163158,-0.3599988730018127,0.3969153796815389,0.2316896829339037,0.1690826711329902,-0.36947481927937725,-1.0021675991740722,-1.1919052313729446,-1.143498120670705,-0.6455114473083955,-1.0862422637146554,-0.34195476764483496,-0.42303559760431697,-1.0401239783105054,-0.8118356434872271,0
-0.08532976172914834,-1.2479954184356736,-1.2242858659207403,-1.2618546338524181,-1.300044394622908,-1.2404361647281947,-1.136569143165189,-1.1919052313729446,-1.143498120670705,-1.380856099643104,-1.0862422637146554,-1.1730410318439182,-1.1704767693704392,-1.0401239783105054,-0.8118356434872271,0
-1.4648103544931628,-1.0989311483657331,-0.49079981213428303,-0.3720351949613681,-0.42477219371265235,-0.36947481927937725,-1.136569143165189,-0.4876853887872113,-0.4239416311306074,-0.6517376806055569,-1.0862422637146554,-1.1730410318439182,-0.4293642532850838,-0.2782768695388819,-0.8118356434872271,0
-1.4648103544931628,-1.2479954184356736,-1.2242858659207403,-1.2618546338524181,-1.300044394622908,-1.2404361647281947,-1.136569143165189,-1.1919052313729446,-1.143498120670705,-1.380856099643104,-1.0862422637146554,-1.1730410318439182,-1.1704767693704392,-1.0401239783105054,-0.8118356434872271,0
-1.4599647296911833,-1.2423247864115416,-0.3484630416142725,-0.3777174677492712,-0.4303615697049758,-0.37503666670173413,-1.136569143165189,-0.3510278782424427,-0.2787860242320479,-0.5046531526292226,-1.0805119786204407,-1.1677338215751203,-0.27986016484131826,-0.12459000680439548,-0.8062479754448578,0
-1.4648103544931628,-0.6148877436689197,-1.2242858659207403,-0.6274473055634034,-0.6760086922818294,-0.6194739379445161,-1.136569143165189,-1.1919052313729446,-1.143498120670705,-1.380856099643104,-1.0862422637146554,-1.1730410318439182,-1.1704767693704392,-1.0401239783105054,-0.8118356434872271,0
-0.7060063858499618,-0.9078278453046293,-0.34283420437907763,-0.7129010695065305,-1.300044394622908,-1.2404361647281947,-1.136569143165189,-0.8677175313768435,-0.8122501931701762,-0.5046531526292226,0.3646876374260423,-1.1730410318439182,-0.8293055221277359,-0.6894075585139644,-0.8118356434872271,0
-1.4648103544931628,-1.2312888095176182,-1.2242858659207403,-1.2618546338524181,-1.300044394622908,-1.224050053029925,-1.136569143165189,-1.1919052313729446,-1.143498120670705,-1.380856099643104,-1.0862422637146554,-1.157405122825423,-1.1537208671270078,-1.0401239783105054,-0.8118356434872271,0
-1.4648103544931628,-1.2479954184356736,-1.2242858659207403,-1.2618546338524181,-1.300044394622908,-1.2404361647281947,-1.136569143165189,-1.1919052313729446,-1.143498120670705,-1.0582500269644621,-1.0862422637146554,-1.1730410318439182,-1.1704767693704392,-1.0401239783105054,-0.8118356434872271,0
0.41732157467804054,-0.3599988730018127,-0.34283420437907763,-0.3720351949613681,-0.6521710459150456,-1.2404361647281947,-0.5177360634785869,-0.9720382414011618,-1.143498120670705,-0.5046531526292226,-1.0862422637146554,-1.1730410318439182,-0.5112455480531864,-1.0401239783105054,-0.8118356434872271,0
-1.1870924295043699,-1.2479954184356736,-0.90167958480312,-1.2618546338524181,-1.300044394622908,-1.2404361647281947,-1.136569143165189,-1.1919052313729446,-1.143498120670705,-1.380856099643104,-1.0862422637146554,-1.1730410318439182,-0.5185555734055449,-1.0401239783105054,-0.4915888976766553,0
-1.4648103544931628,-1.2479954184356736,-1.2242858659207403,-1.2618546338524181,-0.8974063854759095,-1.2404361647281947,-1.136569143165189,-0.8026033230212276,-1.143498120670705,-1.380856099643104,-1.0862422637146554,-1.1730410318439182,-1.1704767693704392,-1.0401239783105054,-0.8118356434872271,0
-1.2977561666187747,-1.2479954184356736,-1.2242858659207403,-1.2618546338524181,-1.300044394622908,-1.2404361647281947,-0.9525113057580968,-1.1919052313729446,-0.46915637413152667,-0.6975532661964672,-0.8886891798870339,-0.8071060956637953,-1.1704767693704392,-1.0401239783105054,-0.8118356434872271,0
-1.4648103544931628,-1.2479954184356736,-1.2242858659207403,-1.2618546338524181,-1.300044394622908,-1.2404361647281947,-1.136569143165189,-1.1919052313729446,-1.050990668192299,-0.5046531526292226,-1.0862422637146554,-1.1730410318439182,-1.1704767693704392,-1.0401239783105054,-0.8118356434872271,0
0.05279758279323938,-1.2479954184356736,-1.2242858659207403,-1.2618546338524181,-1.300044394622908,-1.2404361647281947,-1.136569143165189,-1.1919052313729446,-1.143498120670705,-1.380856099643104,-1.0862422637146554,-1.1730410318439182,-1.1704767693704392,-1.0401239783105054,-0.8118356434872271,0
-1.1167216138433216,-1.2479954184356736,-0.7471855408097118,-1.2618546338524181,-0.826288805025905,-1.2404361647281947,-1.136569143165189,-1.1919052313729446,-1.143498120670705,-1.380856099643104,-0.1889043044961856,-0.7232018130361705,-1.1704767693704392,-1.0401239783105054,0.06316909981819177,0
-1.4648103544931628,-1.2479954184356736,-0.37545496406789425,-0.4049656293220396,-0.3923801234790364,-0.33724228516804267,-1.136569143165189,-0.282985260226408,-0.31078728616013035,-0.5370796679110499,-1.0862422637146554,-1.1730410318439182,-0.27986016484131826,-0.15847208448885292,-0.8118356434872271,0
-1.2053963981343605,-1.2479954184356736,-0.9229420771310932,-1.2618546338524181,-1.000813191424271,-0.36947481927937725,-1.136569143165189,-1.1919052313729446,-0.2787860242320479,-0.8042025520143383,-1.0862422637146554,-1.1730410318439182,-0.8659997416700487,0.4779483827809199,-0.8118356434872271,0
-1.4648103544931628,-1.2479954184356736,-1.2242858659207403,-1.2618546338524181,-1.300044394622908,-1.2404361647281947,-1.136569143165189,-1.1919052313729446,-1.143498120670705,-1.380856099643104,-1.0862422637146554,-1.1730410318439182,-1.1704767693704392,-1.0401239783105054,-0.8118356434872271,0
-0.7575837291451574,-1.2479954184356736,-1.2242858659207403,-1.2013719208369802,-1.300044394622908,-1.2404361647281947,-1.136569143165189,-1.1919052313729446,-1.143498120670705,-1.380856099643104,-1.0862422637146554,-1.1730410318439182,-1.1704767693704392,-1.0401239783105054,-0.8118356434872271,0
-0.7837911742738242,-0.3599988730018127,-0.4331915744406457,-1.1706394852108777,-1.2103204793897946,-0.45875682989173155,-0.38623226661724175,-0.4323757290181849,-1.143498120670705,-0.5046531526292226,-0.28089017461138216,-1.0878466049640805,-0.27986016484131826,-0.9462728399251877,-0.8118356434872271,0
-0.7060063858499618,-1.2479954184356736,-1.2242858659207403,-1.2618546338524181,-1.300044394622908,-1.1857646035157965,-1.0840897099143496,-1.1919052313729446,-1.0892188342723108,-1.380856099643104,-1.0862422637146554,-1.1730410318439182,-1.1704767693704392,-1.0401239783105054,-0.8118356434872271,0
-0.7060063858499618,-1.2479954184356736,-1.2242858659207403,-1.2618546338524181,-1.300044394622908,-0.6967572222508558,-1.136569143165189,-1.1919052313729446,-1.143498120670705,-1.1073806497179677,-1.0862422637146554,-1.1730410318439182,-1.1704767693704392,-1.0401239783105054,-0.8118356434872271,0
-1.4648103544931628,-1.2479954184356736,-1.2242858659207403,-1.2618546338524181,-1.300044394622908,-1.2404361647281947,-1.136569143165189,-1.1919052313729446,-1.143498120670705,-1.380856099643104,-1.0862422637146554,-1.1730410318439182,-0.3402769760828077,-1.0401239783105054,-0.8118356434872271,0
0.05279758279323938,-1.2479954184356736,-1.2242858659207403,-1.2618546338524181,-1.0366193509875672,-1.2404361647281947,-0.8849518612619286,-0.34562363251582434,-0.5390328611582855,-0.15586053422056115,-1.0862422637146554,-1.1730410318439182,0.3427132896066564,0.5154015949762507,-0.8118356434872271,0
-1.4648103544931628,-0.6191410501459816,-1.2242858659207403,-0.3720351949613681,-0.42477219371265235,-1.2404361647281947,-1.136569143165189,-1.1919052313729446,-1.143498120670705,-1.125155623693194,-1.0862422637146554,-1.1730410318439182,-1.1704767693704392,-1.0401239783105054,-0.8118356434872271,0
-1.4648103544931628,-0.4198059744389747,-1.2242858659207403,-0.3720351949613681,-0.4837223028928537,-0.4281345897514057,-1.136569143165189,-1.1919052313729446,-1.143498120670705,-1.380856099643104,-1.0862422637146554,-1.1730410318439182,-1.1704767693704392,-1.0401239783105054,-0.8118356434872271,0
-1.4648103544931628,-1.2479954184356736,-1.2242858659207403,-1.2618546338524181,-1.300044394622908,-1.2404361647281947,-1.136569143165189,-1.1919052313729446,-1.143498120670705,-1.380856099643104,-0.7113079571480401,-1.1730410318439182,-1.1704767693704392,-1.0401239783105054,-0.8118356434872271,0
-1.4648103544931628,-0.9408524587373447,-1.2242858659207403,-0.3720351949613681,-0.9973025701061263,-1.2404361647281947,-1.136569143165189,-1.1919052313729446,-1.143498120670705,-1.077792345818753,-1.0862422637146554,-0.8855823741911266,-0.8624275756228443,-0.7234562895016909,-0.8118356434872271,0
-1.4648103544931628,-1.2479954184356736,-1.2242858659207403,-1.2618546338524181,-0.7565743028072375,-1.2404361647281947,-0.6174595497444798,-0.6664358542414873,-1.143498120670705,-1.380856099643104,-1.0862422637146554,-1.1730410318439182,-1.1704767693704392,-1.0401239783105054,-0.8118356434872271,0
-0.7060063858499618,-1.2479954184356736,-1.2242858659207403,-1.2618546338524181,-1.300044394622908,-1.2404361647281947,-0.33877225989971815,-1.1919052313729446,-1.143498120670705,-1.380856099643104,-0.22995036776800812,0.41310034455802935,-1.1704767693704392,-1.0401239783105054,-0.8118356434872271,0
-1.4648103544931628,-1.2479954184356736,-1.2242858659207403,-1.2618546338524181,-1.300044394622908,-1.2404361647281947,-1.136569143165189,-1.1919052313729446,-0.3898697018992322,-0.5046531526292226,-1.0862422637146554,-1.1730410318439182,-1.1704767693704392,-1.0401239783105054,-0.8118356434872271,0
0.05279758279323938,-1.2479954184356736,-1.2242858659207403,-1.2618546338524181,-1.300044394622908,-1.2404361647281947,-1.136569143165189,-1.1919052313729446,-1.143498120670705,-1.380856099643104,-1.0862422637146554,-1.1730410318439182,-1.1704767693704392,-1.0401239783105054,-0.8118356434872271,0
-1.4648103544931628,-1.2479954184356736,-1.2242858659207403,-1.2618546338524181,-1.300044394622908,-1.2404361647281947,-1.136569143165189,-1.1919052313729446,-1.143498120670705,-1.380856099643104,-1.0862422637146554,-1.1730410318439182,-1.1704767693704392,-1.0401239783105054,-0.8118356434872271,0
-1.0848799872611137,-0.5823071815697906,-1.0036160570466295,-1.2618546338524181,-1.0809216023986867,-0.1514312418235481,-1.136569143165189,-1.1919052313729446,-1.143498120670705,-1.1615002968367276,-1.0862422637146554,-0.5500156915506912,-0.27986016484131826,-1.0401239783105054,-0.8118356434872271,0
-0.1446223277607526,-1.1324792865911928,-1.2242858659207403,-1.1461013686519328,-1.1861835249156298,-1.2404361647281947,-1.136569143165189,-0.4557132238028868,-0.3912731696532292,0.25756784741624367,-1.0862422637146554,-1.0649281445100465,0.4948994742066994,0.6718455926366194,-0.8118356434872271,0
-0.7060063858499618,-1.0333339715164238,-1.0112065583166057,-1.2618546338524181,-1.0884588900826924,-1.0298927526100392,-1.136569143165189,-0.9873278223211472,-1.143498120670705,-1.380856099643104,-1.0862422637146554,-1.1730410318439182,-1.1704767693704392,-1.0401239783105054,-0.8118356434872271,0
-1.4648103544931628,-1.2479954184356736,-1.2242858659207403,-1.2618546338524181,-1.300044394622908,-1.2404361647281947,-1.136569143165189,-1.1919052313729446,-1.143498120670705,-1.380856099643104,-0.21096707793480154,-1.1730410318439182,-1.1704767693704392,-1.0401239783105054,-0.8118356434872271,0
-0.7227938245506472,-0.3599988730018127,-0.34283420437907763,-0.3720351949613681,-0.42477219371265235,-1.221167406522393,-0.3005301353349685,-0.364346387076182,-1.1243676180473972,-0.5046531526292226,-1.0862422637146554,-1.1730410318439182,-1.1704767693704392,-1.0401239783105054,-0.8118356434872271,0
1.079292082911306,-1.2479954184356736,-1.2242858659207403,-1.2618546338524181,-1.300044394622908,-1.2404361647281947,-1.136569143165189,-1.1919052313729446,-1.143498120670705,-1.380856099643104,-1.0862422637146554,-1.1730410318439182,-1.1704767693704392,-1.0401239783105054,-0.8118356434872271,0
-1.094025962363627,-0.8140819534065501,-0.7935705138375286,-1.2618546338524181,-0.8723485938976072,-0.8148468341689443,-1.136569143165189,-0.7783754909266398,-0.7013217018173403,-0.932803756100056,-1.0862422637146554,-1.1730410318439182,-1.1704767693704392,-1.0401239783105054,-0.8118356434872271,0
-1.4648103544931628,-1.2479954184356736,-1.2242858659207403,-1.2618546338524181,-0.6257281984406939,-1.2404361647281947,-1.136569143165189,-0.5399236100591799,-1.143498120670705,-1.380856099643104,-1.0862422637146554,-1.1730410318439182,-1.1704767693704392,-1.0401239783105054,-0.8118356434872271,0
-1.4648103544931628,-0.641231484498168,-0.34283420437907763,-0.653845125243569,-0.7019749464687303,-0.6453123041800365,-0.5653075544521096,-1.1919052313729446,0.2689306134607607,0.05034189607138063,-0.23366902242173723,-1.1730410318439182,-1.1704767693704392,-1.0401239783105054,-0.8118356434872271,0
0.134896064981599,-0.3599988730018127,-0.34283420437907763,-0.3720351949613681,-0.42477219371265235,-1.2404361647281947,-0.3005301353349685,-0.8145459760857129,-1.143498120670705,-0.5046531526292226,-1.0862422637146554,-1.1730410318439182,-0.6769885191449234,-1.0401239783105054,-0.8118356434872271,0
-0.49837738554882477,-0.6029784073985159,-0.584022884015158,-1.2618546338524181,-1.300044394622908,-1.2404361647281947,-1.136569143165189,-1.1919052313729446,-1.143498120670705,-1.380856099643104,-1.0862422637146554,-1.1730410318439182,-1.1704767693704392,-1.0401239783105054,-0.8118356434872271,0
0.04843370140891602,-1.2479954184356736,-1.2242858659207403,-1.2618546338524181,-1.300044394622908,-1.2404361647281947,-1.136569143165189,-1.1919052313729446,-1.143498120670705,-1.3783365782071526,-1.0862422637146554,-1.1730410318439182,-1.1704767693704392,-1.0401239783105054,-0.8118356434872271,0
-0.7060063858499618,-1.2479954184356736,-1.2242858659207403,-1.2618546338524181,-1.300044394622908,-0.24088835463170402,-1.136569143165189,-1.1919052313729446,-1.143498120670705,-0.8780744656105959,-1.0862422637146554,-1.1730410318439182,-1.1704767693704392,-1.0401239783105054,-0.8118356434872271,0
-1.4648103544931628,-1.2479954184356736,-1.2242858659207403,-1.2618546338524181,-1.300044394622908,-1.2404361647281947,-1.136569143165189,-1.1919052313729446,-1.143498120670705,-1.380856099643104,-1.0862422637146554,-1.1730410318439182,-1.1704767693704392,-1.0401239783105054,-0.8118356434872271,0
-1.4648103544931628,-1.2479954184356736,-1.2242858659207403,-1.1162589770904376,-1.300044394622908,-1.2404361647281947,-1.136569143165189,-1.1919052313729446,-1.143498120670705,-0.6480208269590355,-0.33573017028384583,-0.4779402779329981,-1.1704767693704392,-1.0401239783105054,-0.8118356434872271,0
0.05279758279323938,-1.2479954184356736,-1.2242858659207403,-1.2618546338524181,-1.1204468967514902,-1.2404361647281947,-0.9650219218858447,-1.0182563282188208,-1.143498120670705,-1.380856099643104,-1.0862422637146554,-1.1730410318439182,-0.9877307463963032,-0.8522651495623974,-0.8118356434872271,0
-1.4648103544931628,-1.2479954184356736,-1.2242858659207403,-1.2618546338524181,-1.300044394622908,-1.2404361647281947,-1.136569143165189,-1.1919052313729446,-1.143498120670705,-1.380856099643104,-1.0862422637146554,-1.1730410318439182,-1.1704767693704392,-1.0401239783105054,-0.8118356434872271,0
-0.7060063858499618,-1.2479954184356736,-1.2242858659207403,-1.2618546338524181,-1.300044394622908,0.11692292819201379,-1.136569143165189,-1.1919052313729446,-1.143498120670705,-0.5046531526292226,-1.0862422637146554,-1.1730410318439182,-1.1704767693704392,-1.0401239783105054,-0.8118356434872271,0
-0.7060063858499618,-1.2479954184356736,-1.2242858659207403,-1.2618546338524181,-1.300044394622908,-1.16868545839914,-1.136569143165189,-1.1919052313729446,-1.143498120670705,-1.380856099643104,-0.26282794384738956,-1.1045752764022332,-1.1704767693704392,-1.0401239783105054,-0.00891470585413067,0
-0.7060063858499618,-1.2479954184356736,-0.024631384937344934,-0.6563331267145458,-0.704422272778081,-1.2404361647281947,-1.136569143165189,-1.1919052313729446,-1.143498120670705,-1.1009086465479758,-1.0862422637146554,-1.1730410318439182,-1.1704767693704392,-1.0401239783105054,-0.8118356434872271,0
-0.9681646475751569,-0.9412025702311825,-0.07044587126922455,-0.3720351949613681,-0.42477219371265235,-1.2404361647281947,-1.136569143165189,-1.1919052313729446,-1.143498120670705,-1.380856099643104,-1.0862422637146554,-1.1730410318439182,-1.1704767693704392,-1.0401239783105054,-0.8118356434872271,0
-1.4648103544931628,-1.0053419024543728,-0.583699268483738,-1.018702994867238,-1.06086792700749,-1.2404361647281947,-1.136569143165189,-1.1919052313729446,-0.5150768426945053,-1.141425296787654,-1.0862422637146554,-0.34195476764483496,-0.9271072972800602,-0.12459000680439548,-0.17593428245863657,0
-0.74329130981934,-1.2479954184356736,-0.3861455990756919,-1.2618546338524181,-0.46777995172662545,-0.36947481927937725,-1.136569143165189,-1.1919052313729446,-0.2787860242320479,-1.3378026080811496,-1.0862422637146554,-1.1730410318439182,-0.3236218921885143,-0.07960392880585083,-0.8118356434872271,0
0.05279758279323938,-1.2479954184356736,-1.2242858659207403,-1.2618546338524181,-1.300044394622908,-1.2404361647281947,-1.136569143165189,-1.1919052313729446,-1.143498120670705,-1.380856099643104,-1.0862422637146554,-1.1730410318439182,-1.1704767693704392,-1.0401239783105054,-0.8118356434872271,0
-0.6033171428341508,-0.7439106827984788,-0.7239164331003632,-0.3720351949613681,-1.300044394622908,-1.2404361647281947,-1.136569143165189,-1.1919052313729446,-1.143498120670705,-1.380856099643104,-1.0862422637146554,-1.1730410318439182,-1.1704767693704392,-1.0401239783105054,-0.8118356434872271,0
0.05279758279323938,-1.2479954184356736,-1.2242858659207403,-1.2618546338524181,-1.300044394622908,-1.2404361647281947,-1.136569143165189,-1.1919052313729446,-1.143498120670705,-1.380856099643104,-1.0862422637146554,-1.1730410318439182,-1.1704767693704392,-1.0401239783105054,-0.8118356434872271,0
-1.4648103544931628,-1.2479954184356736,-1.2242858659207403,-1.2618546338524181,0.08312435472952005,-0.2296460111737552,-0.7856607335630331,0.6365245554939203,-1.143498120670705,-1.380856099643104,-1.0862422637146554,-1.1730410318439182,-0.6536762826701795,-1.0401239783105054,-0.8118356434872271,0
-0.7060063858499618,-1.2479954184356736,-1.2242858659207403,-1.2618546338524181,-1.300044394622908,-1.2404361647281947,-1.136569143165189,-1.1919052313729446,-1.143498120670705,-1.380856099643104,-1.0862422637146554,-1.1730410318439182,-1.1704767693704392,-1.0401239783105054,-0.8118356434872271,0
-0.8614179403242177,-1.2479954184356736,-0.6932944470830397,-1.2618546338524181,-0.24550664035136266,-1.2404361647281947,-1.136569143165189,-1.1919052313729446,-0.6225907096267215,-0.853026535840433,-1.0862422637146554,-1.1730410318439182,-0.6339643375347421,-0.4886011850198533,-0.8118356434872271,0
0.05279758279323938,-1.2479954184356736,-1.2242858659207403,-1.2618546338524181,-1.300044394622908,-1.2404361647281947,-1.136569143165189,-1.1919052313729446,-1.143498120670705,-1.380856099643104,-1.0862422637146554,-1.1730410318439182,-1.1704767693704392,-1.0401239783105054,-0.8118356434872271,0
-1.452652530178082,-1.2479954184356736,-1.2242858659207403,-1.2618546338524181,-1.300044394622908,-1.226481315438032,-1.136569143165189,-1.1919052313729446,-1.143498120670705,-1.380856099643104,-1.0862422637146554,-1.1597250751431694,-1.1704767693704392,-1.0401239783105054,-0.8118356434872271,0
-1.4648103544931628,-1.2479954184356736,-1.2242858659207403,-1.2618546338524181,-1.300044394622908,-1.2404361647281947,-1.136569143165189,-1.1919052313729446,-1.143498120670705,-1.380856099643104,-0.5562152463616464,-1.1730410318439182,-1.1704767693704392,-1.0401239783105054,-0.8118356434872271,0
-0.6256484413192136,-1.2479954184356736,-1.2242858659207403,-1.2618546338524181,-1.2073523715489953,-1.2404361647281947,-1.136569143165189,-1.1919052313729446,-1.143498120670705,-1.380856099643104,-1.0862422637146554,-1.085028334653902,-1.1704767693704392,-1.0401239783105054,-0.8118356434872271,0
-0.2961833523226395,-1.2479954184356736,-1.2242858659207403,-1.2618546338524181,-0.6260450677203938,-1.2404361647281947,-1.136569143165189,-1.1919052313729446,-1.143498120670705,-1.380856099643104,-1.0862422637146554,-0.5330668819902302,-1.1704767693704392,-1.0401239783105054,-0.8118356434872271,0
-1.4648103544931628,-1.2479954184356736,-1.2242858659207403,-1.2618546338524181,-0.6112968170290156,-1.2404361647281947,-0.47869398065205193,-0.5259702221621452,-1.143498120670705,-1.380856099643104,-1.0862422637146554,-1.1730410318439182,-1.1704767693704392,-1.0401239783105054,-0.8118356434872271,0
-1.4411856888403294,-1.220348460388976,-1.2242858659207403,-0.3997389071240514,-1.300044394622908,-1.2404361647281947,-1.136569143165189,-0.3719718339582787,-0.2787860242320479,0.34427001920867545,-1.058304469316929,-1.147165923210165,-1.1427482381867073,-0.12459000680439548,-0.7845931732848157,0
-0.7060063858499618,-0.3599988730018127,-0.34283420437907763,-0.6819888249525362,-0.7296585381159579,-0.9370514342931177,-0.3005301353349685,-0.34562363251582434,-1.143498120670705,-0.5046531526292226,-0.7736696836693612,-1.1730410318439182,-0.8602454601418605,-1.0401239783105054,-0.8118356434872271,0
-1.4648103544931628,-1.2479954184356736,-1.2242858659207403,-1.2618546338524181,-1.300044394622908,-1.2404361647281947,-1.136569143165189,-1.1919052313729446,-1.143498120670705,-1.380856099643104,-1.0862422637146554,-1.1730410318439182,-1.1704767693704392,-1.0401239783105054,-0.8118356434872271,0
-1.4648103544931628,-0.3599988730018127,-1.1047242198674692,-0.49273186097926225,-0.5434956469108323,-1.2404361647281947,-1.136569143165189,-1.0771141141754543,-0.908915996379153,-0.385803451400592,-1.0862422637146554,-0.2292247722346336,-0.27986016484131826,-0.2487746370307521,-0.8118356434872271,0
-1.065079941048794,-1.2479954184356736,-1.2242858659207403,-1.2618546338524181,-1.300044394622908,-1.2404361647281947,-1.136569143165189,-1.1919052313729446,-1.143498120670705,-1.380856099643104,-0.661613051762091,-1.1730410318439182,-1.1704767693704392,-1.0401239783105054,-0.8118356434872271,0
0.004527676538748976,-1.2479954184356736,-1.2242858659207403,-1.2618546338524181,-0.45261160206514456,-1.212733869910686,-1.136569143165189,-1.1919052313729446,-1.143498120670705,-1.3529870874475738,-1.0291597747451777,-0.34195476764483496,-1.142149308138138,-1.0401239783105054,-0.8118356434872271,0
-0.08797991480686555,-1.2479954184356736,-1.2242858659207403,-1.2618546338524181,-0.5871575201671334,-1.2404361647281947,-0.45563670341059587,-0.5026304625738535,-1.143498120670705,-1.380856099643104,-1.0862422637146554,-1.1730410318439182,-0.4450922696903461,-0.29444491901179315,-0.8118356434872271,0
-0.7060063858499618,-1.1313332454302114,-1.1084835390271335,-1.2618546338524181,-1.300044394622908,-1.2404361647281947,-1.136569143165189,-1.1919052313729446,-1.143498120670705,-1.380856099643104,-1.0862422637146554,-1.1730410318439182,-1.1704767693704392,-1.0401239783105054,-0.8118356434872271,0
-1.4648103544931628,-0.5583800959617984,-1.2242858659207403,-0.3720351949613681,-0.42477219371265235,-1.2404361647281947,-1.136569143165189,-1.1919052313729446,-1.143498120670705,-1.185109603687052,-1.0862422637146554,-1.1730410318439182,-1.1704767693704392,-1.0401239783105054,-0.8118356434872271,0
-1.1171595276660486,-1.2479954184356736,-1.2242858659207403,-1.2618546338524181,-1.300044394622908,-1.2404361647281947,-1.136569143165189,-1.1919052313729446,-1.143498120670705,-1.1801371448237186,-1.0862422637146554,-1.1730410318439182,-1.1704767693704392,-1.0401239783105054,-0.8118356434872271,0
-1.4648103544931628,-1.2479954184356736,-1.2242858659207403,-1.2618546338524181,-1.300044394622908,-1.2404361647281947,-1.136569143165189,-1.1919052313729446,-1.143498120670705,-1.380856099643104,-1.0862422637146554,-1.1730410318439182,-1.1704767693704392,-1.0401239783105054,-0.8118356434872271,0
-0.7060063858499618,-1.2479954184356736,-1.0136400656688511,-1.049209135564895,-1.300044394622908,-1.2404361647281947,-1.136569143165189,-1.1919052313729446,-1.143498120670705,-0.5046531526292226,-0.6573577751758874,-1.1730410318439182,-1.1704767693704392,-1.0401239783105054,-0.8118356434872271,0
-1.4648103544931628,-0.9160803552909909,-1.2242858659207403,-1.2618546338524181,-1.300044394622908,-0.9148885131548659,-1.136569143165189,-1.1919052313729446,-1.143498120670705,-1.380856099643104,-1.0862422637146554,-0.8623978753150362,-0.8375823813798234,-1.0401239783105054,-0.8118356434872271,0
-1.4648103544931628,-1.2479954184356736,-1.2242858659207403,-1.2618546338524181,-1.300044394622908,-1.2404361647281947,-1.136569143165189,-1.1919052313729446,-1.143498120670705,-1.380856099643104,-0.30667531519357694,-1.1730410318439182,-1.1704767693704392,-1.0401239783105054,-0.8118356434872271,0
-0.7060063858499618,-1.2479954184356736,0.48127694725025233,-0.40097762174554347,-0.45324145442316244,-0.39780386433138776,-1.136569143165189,-1.1919052313729446,-1.143498120670705,-1.3523565653177667,-1.0862422637146554,-0.36898682864688837,-1.1704767693704392,-1.0401239783105054,-0.8118356434872271,0
-0.7060063858499618,-1.1777085807323484,-0.34283420437907763,-0.4424663186050326,-1.300044394622908,-1.2404361647281947,-1.136569143165189,-1.124920221469422,-1.075054297217776,-0.5046531526292226,0.6374074240134627,-1.1730410318439182,-1.0999825483508738,-0.967657494067945,-0.8118356434872271,0
-0.9968936485697486,-0.3599988730018127,-0.34283420437907763,-0.3720351949613681,-0.42477219371265235,-0.9065534068857957,-0.3005301353349685,-0.6700454172645883,-0.8120110104708326,-0.5046531526292226,-1.0862422637146554,-1.1730410318439182,-1.1704767693704392,-1.0401239783105054,-0.8118356434872271,0
-1.4648103544931628,-0.540673055739583,-1.2242858659207403,-0.5530802685401999,-0.6028574468430975,-1.2404361647281947,-1.136569143165189,-1.1919052313729446,-1.143498120670705,-0.5046531526292226,-0.903667451622156,-0.34195476764483496,-0.4610674319004126,-0.3108670288503688,-0.8118356434872271,0
-0.7060063858499618,-0.3599988730018127,-0.7998471891105544,-1.2618546338524181,-1.300044394622908,-1.2404361647281947,-1.136569143165189,-0.7844017258494634,-0.2787860242320479,-0.5046531526292226,-0.1889043044961856,-0.742141379891758,-0.27986016484131826,-0.12459000680439548,-0.3581652417628688,0
-1.3757964351541514,-1.2479954184356736,-1.2242858659207403,-1.2618546338524181,-1.300044394622908,-1.0360943685464923,-1.136569143165189,-1.1919052313729446,-1.143498120670705,-1.2780703187653928,-1.0862422637146554,-1.1730410318439182,-1.1704767693704392,-1.0401239783105054,-0.8118356434872271,0
-0.8009978617910002,-1.2479954184356736,-1.2242858659207403,-1.2618546338524181,-1.300044394622908,-1.2404361647281947,-1.136569143165189,-1.1919052313729446,-1.143498120670705,-1.380856099643104,-0.9739083004164714,-1.1730410318439182,-1.1704767693704392,-1.0401239783105054,-0.8118356434872271,0
-1.2262160465633214,-0.6392158117069745,-0.669967865883943,-0.3720351949613681,-0.42477219371265235,-1.2404361647281947,-1.136569143165189,-1.1919052313729446,-1.143498120670705,-0.7801617746026612,-1.0862422637146554,-0.6032771384162209,-0.5599009410755412,-0.4124656681670383,-0.8118356434872271,0
-0.37948856506968526,-0.8658852702851247,-0.8449920198904368,-1.2618546338524181,-1.300044394622908,-0.8656563635520013,-0.776816629729947,-1.1919052313729446,-1.143498120670705,-1.380856099643104,-1.0862422637146554,-0.8154197131890804,-1.1704767693704392,-1.0401239783105054,-0.8118356434872271,0
0.05279758279323938,-1.2479954184356736,-1.2242858659207403,-1.2618546338524181,-1.300044394622908,-1.2404361647281947,-1.136569143165189,-1.1919052313729446,-1.143498120670705,-1.380856099643104,-1.0862422637146554,-1.1730410318439182,-1.1704767693704392,-1.0401239783105054,-0.8118356434872271,0
-1.4648103544931628,-1.2479954184356736,-1.2242858659207403,-1.2618546338524181,-1.300044394622908,-1.2404361647281947,-1.136569143165189,-1.1919052313729446,-1.143498120670705,-1.380856099643104,-1.0862422637146554,-1.1730410318439182,-1.1704767693704392,-1.0401239783105054,-0.8118356434872271,0
-1.4648103544931628,-1.2479954184356736,-1.2242858659207403,-1.2618546338524181,-1.300044394622908,-1.2404361647281947,-1.136569143165189,-1.1919052313729446,-1.143498120670705,-1.380856099643104,-1.0862422637146554,-1.1730410318439182,-1.1704767693704392,-1.0401239783105054,-0.8118356434872271,0
0.05279758279323938,-1.2479954184356736,-1.2242858659207403,-1.2618546338524181,-0.9341555835330951,-1.2404361647281947,-1.136569143165189,-1.1919052313729446,-1.143498120670705,-0.8709310422079077,-1.0862422637146554,-0.8256232059325759,-1.1704767693704392,-1.0401239783105054,-0.8118356434872271,0
-0.7060063858499618,-0.3599988730018127,-0.34283420437907763,-0.6113907551612,-1.300044394622908,-1.2404361647281947,-1.136569143165189,-0.34562363251582434,-0.9108962699934602,-0.5046531526292226,-0.8448642711356362,-1.1730410318439182,-0.9309067768717239,-0.7938513784390911,-0.8118356434872271,0
-1.4648103544931628,-1.2479954184356736,-1.2242858659207403,-1.2618546338524181,-1.300044394622908,-1.2404361647281947,-1.136569143165189,-1.1919052313729446,-1.143498120670705,-1.380856099643104,-1.0862422637146554,-1.1730410318439182,-1.1704767693704392,-1.0401239783105054,-0.8118356434872271,0
0.05279758279323938,-1.2479954184356736,-1.2242858659207403,-1.2618546338524181,-1.300044394622908,-1.2404361647281947,-1.136569143165189,-1.1919052313729446,-1.143498120670705,-1.380856099643104,-1.0862422637146554,-1.1730410318439182,-1.1704767693704392,-1.0401239783105054,-0.8118356434872271,0
-1.051429241579582,-1.2479954184356736,-0.7440887611544746,-1.2618546338524181,-1.300044394622908,-1.2404361647281947,-1.136569143165189,-1.1919052313729446,-1.143498120670705,-1.380856099643104,-1.0862422637146554,-1.1730410318439182,-0.20009680728914533,-1.0401239783105054,-0.3351506898765842,0
1.5527700964795546,-1.2479954184356736,-1.2242858659207403,-1.2618546338524181,-1.300044394622908,-1.2404361647281947,-1.136569143165189,-1.1919052313729446,-1.143498120670705,-1.380856099643104,-1.0862422637146554,-1.1730410318439182,-1.1704767693704392,-1.0401239783105054,-0.8118356434872271,0
0.05279758279323938,-1.2479954184356736,-1.2242858659207403,-1.2618546338524181,-1.300044394622908,-0.43257325814650577,-1.136569143165189,-0.34562363251582434,0.52328037198132,-0.441174976041646,-1.0862422637146554,-1.1730410318439182,1.4368506430006314,1.6401503493020142,-0.00022227063976270318,0
-1.4648103544931628,-1.2479954184356736,-1.2242858659207403,-0.3720351949613681,-1.300044394622908,-1.2404361647281947,-1.136569143165189,-1.1919052313729446,-1.143498120670705,-1.380856099643104,-1.0862422637146554,-1.1730410318439182,-1.1704767693704392,-1.0401239783105054,-0.8118356434872271,0
-0.7060063858499618,-1.2479954184356736,-1.2242858659207403,-1.2618546338524181,-1.300044394622908,-0.7874829924977408,-1.136569143165189,-1.1919052313729446,-1.143498120670705,-1.380856099643104,-1.0862422637146554,-0.7408253408339504,-1.1704767693704392,-1.0401239783105054,-0.8118356434872271,0
-1.4648103544931628,-1.2479954184356736,-1.2242858659207403,-1.2618546338524181,-1.300044394622908,-1.2404361647281947,-1.136569143165189,-1.1919052313729446,-1.143498120670705,-1.380856099643104,-0.7273255186347092,-1.1730410318439182,-1.1704767693704392,-1.0401239783105054,-0.8118356434872271,0
-1.4648103544931628,-0.9890000561094808,-1.2242858659207403,-1.0023276017197893,-1.0447602474328557,0.6103673757090785,-1.136569143165189,-0.5924523059527241,-0.5309901841204744,0.736641519401021,-1.0862422637146554,-0.34195476764483496,-0.27986016484131826,-0.7730969792850636,-0.8118356434872271,0
-0.7060063858499618,-0.9771403870212916,-0.955427142646677,-1.2618546338524181,-1.300044394622908,-1.2404361647281947,-1.136569143165189,-0.9337740142837317,-0.8797452679714227,-1.1135983293745648,-0.8125379318867801,-1.1730410318439182,-0.8988225724725838,-0.760869533134636,-0.8118356434872271,0
0.05279758279323938,-1.2479954184356736,-1.2242858659207403,-1.2618546338524181,-1.300044394622908,-1.118608179585949,-1.136569143165189,-0.34562363251582434,-0.15783216906071126,0.2489886265806028,-1.0862422637146554,-1.1730410318439182,0.7353337553528262,0.919006661927836,-0.6894420775455897,0
-1.2977604111725605,-0.3599988730018127,-1.0302351542940296,-0.3720351949613681,-0.42477219371265235,-1.2404361647281947,-0.952515982344781,-1.0055971742667946,-1.143498120670705,-0.5046531526292226,-1.0862422637146554,-0.5249175868525834,-0.4759285296035668,-0.3261439052660096,-0.8118356434872271,0
-1.4648103544931628,-0.3599988730018127,-1.2242858659207403,-0.3720351949613681,-0.42477219371265235,-1.2404361647281947,-1.136569143165189,-1.1919052313729446,-1.143498120670705,-1.3461419681156452,-1.0862422637146554,-1.1401143702931962,-1.135191585663253,-1.003851597792917,-0.8118356434872271,0
-1.4648103544931628,-1.2479954184356736,-1.2242858659207403,-1.2618546338524181,-1.300044394622908,-1.2404361647281947,-1.136569143165189,-1.1919052313729446,-1.143498120670705,-1.380856099643104,-1.0862422637146554,-1.1730410318439182,-1.1704767693704392,-1.0401239783105054,-0.8118356434872271,0
-1.4648103544931628,-1.2479954184356736,-1.1317949858081768,-1.2618546338524181,-1.300044394622908,-1.2404361647281947,-1.136569143165189,-1.1919052313729446,-0.2787860242320479,-1.380856099643104,-1.0862422637146554,-1.085835001860614,-1.1704767693704392,-0.944056835332469,-0.7200212396554403,0
-1.4648103544931628,-1.2479954184356736,-1.2242858659207403,-1.2618546338524181,-1.300044394622908,-1.2404361647281947,-1.136569143165189,-1.1919052313729446,-1.143498120670705,-1.380856099643104,-1.0862422637146554,-1.1730410318439182,-0.4954294750119997,-1.0401239783105054,-0.8118356434872271,0
-1.4648103544931628,-1.2479954184356736,-1.2242858659207403,-1.2618546338524181,-1.300044394622908,-1.2404361647281947,-1.136569143165189,-1.1919052313729446,-1.143498120670705,-1.380856099643104,-1.0862422637146554,-1.1730410318439182,-1.1704767693704392,-1.0401239783105054,-0.8118356434872271,0
-0.5978802023823259,-0.48653442283807896,-0.46843713743189774,-1.2618546338524181,-1.300044394622908,-1.2404361647281947,-1.136569143165189,-1.1919052313729446,-1.143498120670705,-1.380856099643104,-1.0862422637146554,-1.1730410318439182,-1.1704767693704392,-1.0401239783105054,-0.8118356434872271,0
1.5704055200796414,1.4159942178659093,1.4200691187042478,1.4076036828207321,1.3257722081078593,1.3724478716182575,1.3715478803254724,1.346939565198416,1.4506381686452665,1.2477527413985403,1.6057716139407539,1.3202177607533314,1.5013730442169235,1.7064779362078242,1.8131785864290297,2
1.5704055200796414,1.4159942178659093,1.4200691187042478,1.4076036828207321,1.3257722081078593,1.3724478716182575,1.3715478803254724,1.346939565198416,1.4506381686452665,1.2477527413985403,1.6057716139407539,1.3202177607533314,1.3014654170806186,1.7064779362078242,1.6167751945793118,2
1.5704055200796414,1.4159942178659093,1.4200691187042478,1.4076036828207321,0.5809781919379687,1.3724478716182575,1.3715478803254724,1.346939565198416,0.7148300457922162,1.2477527413985403,1.6057716139407539,1.3202177607533314,1.5013730442169235,-1.0401239783105054,1.8131785864290297,2
1.521565098252754,0.5279976724320483,0.538617457162585,0.517784243929682,0.4505000071976035,0.5014865261694402,0.5355088724952519,0.5551288863424401,1.4506381686452665,1.2477527413985403,1.5480144510098939,1.2667248885552664,0.6107564396878027,-0.06566165743748598,0.06316909981819177,2
1.5704055200796414,1.4159942178659093,1.4200691187042478,1.2165956214422233,1.1378868473623984,0.998527880980324,1.3715478803254724,1.346939565198416,1.4506381686452665,1.2477527413985403,1.220527649827595,1.3202177607533314,1.5013730442169235,1.7064779362078242,0.4388249967584961,2
0.8116015514364405,0.8219349587438465,0.830388310034534,0.8123249293862144,0.7402253860210257,1.0841494365848008,1.3715478803254724,0.7807871153822243,1.1644083084333883,1.2477527413985403,0.7084336547222841,1.3202177607533314,0.9055609963334748,0.7909439647017144,1.8131785864290297,2
1.2522288643204345,0.5279976724320483,0.16901298292109992,0.1446710486967577,0.4505000071976035,0.13628078181104553,0.8860712134794559,0.8555151627742338,1.4506381686452665,1.2477527413985403,1.6057716139407539,1.3202177607533314,-0.13613847521199457,-0.12459000680439548,0.06316909981819177,2
0.8116015514364405,0.5279976724320483,1.4200691187042478,0.18651980147890387,1.3257722081078593,1.3724478716182575,0.5355088724952519,1.346939565198416,1.4506381686452665,0.6977450515685392,-0.1889043044961856,0.4891314965542483,0.6107564396878027,1.1317814844952692,-0.8118356434872271,2
0.05279758279323938,1.4159942178659093,0.5913869337789559,1.4076036828207321,1.3257722081078593,1.3724478716182575,1.3715478803254724,1.346939565198416,1.4506381686452665,1.2477527413985403,1.6057716139407539,1.3202177607533314,1.5013730442169235,1.7064779362078242,1.8131785864290297,2
1.5704055200796414,0.5513840944133088,0.5618315120132432,1.4076036828207321,1.3257722081078593,0.5244243063429889,0.5575269322843913,0.47837015600282357,0.563152873275149,0.32539814668859957,0.7084336547222841,0.4453562495055272,0.6107564396878027,0.8150556168313521,0.9381738431236107,2
1.0270419138482754,0.7801185171751323,-0.09257158945021014,1.4076036828207321,1.3257722081078593,0.2542023320109575,0.5355088724952519,1.346939565198416,-0.2787860242320479,1.2477527413985403,0.06586876355405046,1.3202177607533314,1.5013730442169235,-0.12459000680439548,1.5647463868098492,2
1.5704055200796414,1.4159942178659093,1.4200691187042478,1.4076036828207321,1.3257722081078593,1.3724478716182575,1.1162517814959398,0.7590817823067314,1.1865863447902647,1.2477527413985403,1.331757030680242,1.3202177607533314,1.2294109197710954,0.5113729768861749,0.06316909981819177,2
0.42128322624218967,1.4159942178659093,1.4200691187042478,1.4076036828207321,1.3257722081078593,1.3724478716182575,1.3715478803254724,1.346939565198416,1.4506381686452665,1.2477527413985403,1.6057716139407539,1.3202177607533314,1.5013730442169235,1.7064779362078242,-0.3617452379841054,2
1.2301395007462508,1.017795128004982,0.14335325125196113,1.4076036828207321,-0.42477219371265235,0.8920466210764751,0.5355088724952519,0.8801510670338312,-0.7557403398953589,0.8548421858018161,-1.0862422637146554,1.3202177607533314,-0.6792341524566109,1.2959303996604015,1.3305470952492446,2
1.5661998207123786,0.5230759183775191,0.538617457162585,0.5128523864200097,0.45535123609685807,0.5063138619911204,0.5308750950355405,0.5006579663412959,1.4506381686452665,1.2477527413985403,1.6007980847510555,1.3202177607533314,0.6107564396878027,-0.11951562553625905,0.05831935331271224,2
1.4369127401635142,1.4159942178659093,1.264999512424665,0.6743259535538034,1.3257722081078593,1.219223776847974,0.6825892461959004,0.6495402704564224,0.5859260722066093,0.5256960192347104,0.7084336547222841,1.3202177607533314,-0.12317821365089326,-0.12459000680439548,1.8131785864290297,2
0.8253172090825667,1.4159942178659093,1.4200691187042478,1.4076036828207321,1.3257722081078593,1.3724478716182575,0.5355088724952519,1.346939565198416,1.4506381686452665,0.37154979438465885,-0.1889043044961856,1.3202177607533314,0.6107564396878027,0.7909439647017144,0.9539898720241616,2
1.5704055200796414,1.4159942178659093,1.4200691187042478,0.9681274543043922,1.3257722081078593,0.9422855369333784,1.3715478803254724,1.346939565198416,1.4506381686452665,1.2477527413985403,1.6057716139407539,1.3202177607533314,1.5013730442169235,-0.587947503746708,0.4846423869354955,2
1.5704055200796414,1.4159942178659093,0.6962410313271071,1.4076036828207321,0.6070185534704908,0.6572341935896516,0.5355088724952519,0.651992334613084,-0.12415586445043225,0.5282347791973937,-0.028439899541600575,1.3202177607533314,-0.8519518211716428,-0.87640571314162,-0.6553649247078388,2
-0.9086544182425139,1.4159942178659093,1.0970445996305322,1.4076036828207321,1.3257722081078593,1.3724478716182575,1.3715478803254724,1.346939565198416,1.4506381686452665,1.2477527413985403,1.6057716139407539,1.3202177607533314,1.5013730442169235,1.7064779362078242,1.8131785864290297,2
1.3762810976790465,1.1888185261199848,1.4200691187042478,1.4076036828207321,1.1018517787658568,1.3724478716182575,1.3715478803254724,1.346939565198416,1.4506381686452665,1.02359419976768,1.6057716139407539,1.3202177607533314,-0.27986016484131826,1.7064779362078242,-0.8118356434872271,2
0.8116015514364405,0.5279976724320483,0.6821352163905389,-0.12372211494250382,1.3257722081078593,1.1293973325838433,0.30220376364197593,1.110776158117319,1.4506381686452665,1.2477527413985403,0.06150689437476029,0.4891314965542483,0.8592919768100103,1.7064779362078242,-0.8118356434872271,2
1.5704055200796414,1.4159942178659093,1.4200691187042478,1.4076036828207321,1.3257722081078593,0.7697955679212252,0.5355088724952519,1.346939565198416,1.1842542754920342,1.2477527413985403,0.9848682969983328,1.3202177607533314,1.2270089877887964,0.7909439647017144,1.2740692782345018,2
0.4644792628868944,0.9342203673742682,1.4200691187042478,1.4076036828207321,0.850901826427715,1.3724478716182575,1.3715478803254724,1.346939565198416,1.4506381686452665,0.7723773925127467,0.7847795820639174,1.3202177607533314,-0.27986016484131826,1.7064779362078242,-0.8118356434872271,2
0.8116015514364405,1.4159942178659093,1.4200691187042478,1.4076036828207321,0.8804213912190779,0.9292904786714733,1.3715478803254724,1.346939565198416,1.4506381686452665,1.2477527413985403,1.6057716139407539,1.3202177607533314,1.5013730442169235,1.7064779362078242,1.8131785864290297,2
0.5356492988498155,0.5279976724320483,0.8591726751111339,0.8413825495584859,0.4505000071976035,0.5014865261694402,1.3715478803254724,1.346939565198416,1.4506381686452665,1.2477527413985403,1.6057716139407539,1.3202177607533314,1.5013730442169235,1.7064779362078242,1.4949679023562252,2
0.05279758279323938,1.1935849881810683,0.7593874433252238,1.4076036828207321,0.4505000071976035,0.7196290886857175,0.7449047228216172,1.346939565198416,-0.7103433921821584,1.0282973578218713,0.9331825518919656,1.112062383603908,1.2783075897662295,0.7909439647017144,0.719018563826823,2
0.05279758279323938,0.1638044018840939,0.538617457162585,0.8827251362262208,0.8094746531107441,0.5014865261694402,0.8783928421829841,1.346939565198416,0.940569711423141,0.37154979438465885,-0.1889043044961856,1.3202177607533314,1.1361052110528889,0.7909439647017144,1.297038796875966,2
1.5704055200796414,1.4159942178659093,1.4200691187042478,1.4076036828207321,1.3257722081078593,1.3724478716182575,1.3715478803254724,1.346939565198416,1.4506381686452665,1.2477527413985403,0.7273738942027226,1.3202177607533314,0.6295548105822292,1.7064779362078242,1.8131785864290297,2
1.1809434288080112,1.4159942178659093,0.9676571366310631,1.4076036828207321,1.3257722081078593,0.9254201265976615,0.9424442991246204,0.9125788937789807,1.4506381686452665,1.2477527413985403,1.6057716139407539,1.3202177607533314,0.17725579613785877,1.236572941100119,1.8131785864290297,2
0.05279758279323938,-1.0812275141997223,-1.2242858659207403,-1.2618546338524181,-1.300044394622908,-1.1586518385402715,-1.058064066815354,1.346939565198416,1.207045626255205,1.2477527413985403,1.4372493695472077,1.1641377453158275,1.2504831076871148,1.7064779362078242,1.8131785864290297,2
1.5704055200796414,1.4159942178659093,1.4200691187042478,1.4076036828207321,1.3257722081078593,0.12314582512909178,0.6452066116287184,1.346939565198416,1.4506381686452665,1.2477527413985403,0.20089424894694455,1.3202177607533314,0.9976352745252827,1.3087751375521848,-0.8118356434872271,2
0.31843846788825186,0.2171292557681895,1.1114919245719161,-0.3720351949613681,1.3257722081078593,1.3724478716182575,0.7861894710617923,1.050674650609211,1.4506381686452665,1.2477527413985403,1.291632970013562,1.3202177607533314,0.6107564396878027,1.3859692612725827,-0.8118356434872271,2
1.0808985287857773,-0.044851884498862654,0.538617457162585,-0.05624126769908516,1.3257722081078593,1.0633466183171365,-0.3005301353349685,0.801000460551086,1.143754752807685,1.2477527413985403,1.026895879571273,1.3202177607533314,0.9268332783549417,0.7909439647017144,-0.8118356434872271,2
1.5704055200796414,1.4159942178659093,1.4200691187042478,0.517784243929682,1.3257722081078593,1.0840935251766988,1.3715478803254724,1.346939565198416,-0.8572127502215842,0.9576630267899564,0.4113466460740341,1.3202177607533314,1.5013730442169235,1.7064779362078242,1.8131785864290297,2
0.7085313607425312,1.4159942178659093,1.4200691187042478,0.6386505849606062,0.569390361472118,1.3724478716182575,1.3715478803254724,1.2319870749908106,1.2157262695031823,0.49056657416872856,0.7084336547222841,1.2073292898518744,1.5013730442169235,-0.9157647697014396,0.06316909981819177,2
0.8116015514364405,0.732401395440316,1.4200691187042478,0.7226075701573685,1.3257722081078593,1.3724478716182575,1.3715478803254724,1.346939565198416,1.4506381686452665,1.2477527413985403,1.6057716139407539,1.3202177607533314,-0.07485334282739939,0.08615242601099483,1.8131785864290297,2
0.8116015514364405,1.4159942178659093,1.4200691187042478,1.4076036828207321,1.3257722081078593,1.3724478716182575,0.9542027422912099,1.346939565198416,1.4506381686452665,0.37154979438465885,-0.1889043044961856,1.3202177607533314,1.05678313122055,1.249449438572379,0.9381738431236107,2
0.8116015514364405,1.035935425303465,1.4200691187042478,1.0267646995133217,1.3257722081078593,1.3724478716182575,1.3715478803254724,1.346939565198416,1.4506381686452665,1.2477527413985403,1.6057716139407539,1.3202177607533314,0.22957627283476328,0.39909926941575996,1.8131785864290297,2
-0.2984466821485812,0.3224744366815159,0.3346090085157332,0.039855079285724196,0.4505000071976035,-0.16789431218087236,0.08646560915631317,0.6965264451632148,-0.2787860242320479,-0.30185949788987787,0.22646623244718206,0.29677991694020417,0.1984971638669815,0.7909439647017144,1.1406901784245884,2
1.5704055200796414,0.5667176711178721,1.4200691187042478,1.4076036828207321,1.3257722081078593,1.3724478716182575,1.3715478803254724,1.346939565198416,1.4506381686452665,1.2477527413985403,1.6057716139407539,1.3202177607533314,1.5013730442169235,-0.04474853815043015,1.8131785864290297,2
1.5704055200796414,1.4159942178659093,1.4200691187042478,1.4076036828207321,1.3257722081078593,0.5062328206173967,1.3715478803254724,1.346939565198416,1.4506381686452665,1.2477527413985403,1.6057716139407539,1.3202177607533314,1.4916662330767434,1.7064779362078242,0.9334055142226926,2
0.05279758279323938,0.5279976724320483,1.4200691187042478,0.9894379190713839,1.3257722081078593,1.3724478716182575,1.3715478803254724,1.346939565198416,1.4506381686452665,1.2477527413985403,1.1840725628102053,1.3202177607533314,1.5013730442169235,1.7064779362078242,1.8131785864290297,2
1.0237330482670706,0.5279976724320483,1.4200691187042478,1.4076036828207321,1.3257722081078593,1.3724478716182575,1.3715478803254724,1.346939565198416,1.4506381686452665,1.2477527413985403,1.3549115073544327,1.3202177607533314,1.5013730442169235,-1.0401239783105054,1.1827904682358585,2
0.9000067497114597,1.4159942178659093,1.4200691187042478,1.4076036828207321,1.3257722081078593,1.3724478716182575,1.3715478803254724,1.346939565198416,1.4506381686452665,1.2477527413985403,1.6057716139407539,1.3202177607533314,0.5069942813912327,0.8976091452004888,1.8131785864290297,2
0.8116015514364405,0.5279976724320483,0.31624375123869275,0.29329950487633283,1.3257722081078593,1.3724478716182575,1.3715478803254724,0.9199376464229538,0.5859260722066093,0.59259934817202,0.037477216083842226,0.6987989582834107,-0.0551743158633897,0.7909439647017144,-0.5910883740005575,2
0.8116015514364405,1.4159942178659093,1.4200691187042478,1.4076036828207321,1.3257722081078593,1.3724478716182575,1.3715478803254724,1.346939565198416,1.4506381686452665,1.2477527413985403,1.6057716139407539,1.3202177607533314,1.5013730442169235,1.7064779362078242,1.8131785864290297,2
1.0625761952503743,1.4159942178659093,1.4200691187042478,1.1132956323057717,1.3257722081078593,1.3724478716182575,1.095027723769193,1.346939565198416,1.4506381686452665,1.2477527413985403,1.00522845812621,1.3202177607533314,1.5013730442169235,1.0937571047135657,1.8131785864290297,2
0.8116015514364405,1.4159942178659093,1.4200691187042478,1.0096452565578673,1.3257722081078593,1.3724478716182575,0.9976419469316995,0.8791447452726748,1.4506381686452665,1.2477527413985403,0.7084336547222841,0.11744060362260252,1.5013730442169235,0.2848688593053752,-0.8118356434872271,2
0.05279758279323938,0.9078004822643906,1.4200691187042478,0.13720176883780075,0.9514116962531278,0.9999311451086993,1.0139677006095467,0.984978552165082,1.4506381686452665,1.2477527413985403,1.0922318575788947,1.3202177607533314,1.5013730442169235,1.7064779362078242,1.8131785864290297,2
0.05279758279323938,1.4159942178659093,1.4200691187042478,1.4076036828207321,0.4505000071976035,-0.36947481927937725,1.3715478803254724,1.346939565198416,-0.2787860242320479,1.2477527413985403,-0.1889043044961856,1.3202177607533314,-0.27986016484131826,0.7909439647017144,0.06316909981819177,2
0.8116015514364405,1.4159942178659093,1.3536550361567028,0.5848288071715962,1.3257722081078593,1.3068241951126294,1.3715478803254724,1.346939565198416,0.5859260722066093,0.43756840594369056,0.7084336547222841,1.3202177607533314,0.6107564396878027,0.7219619077023077,1.8131785864290297,2
1.3384414086421308,1.1445363207894634,1.1506119731252276,1.4076036828207321,1.3257722081078593,1.1061975844002006,1.3715478803254724,0.5006579663412959,1.4506381686452665,1.2477527413985403,0.7084336547222841,-0.0878941739086558,0.8830152810200259,0.15528599934117807,-0.8118356434872271,2
0.8116015514364405,0.5279976724320483,1.4200691187042478,0.517784243929682,0.4505000071976035,1.3724478716182575,0.6951179415620317,1.346939565198416,1.4506381686452665,1.2477527413985403,1.6057716139407539,1.3202177607533314,1.5013730442169235,1.7064779362078242,1.1052219009294921,2
0.8116015514364405,0.7664024178863579,0.775265065850574,0.517784243929682,1.3257722081078593,0.73531774874567,0.922636974361858,0.7278632974832344,0.5859260722066093,0.6067882551909445,0.7084336547222841,1.0970919949091076,-0.9313686039254859,-1.0401239783105054,-0.8118356434872271,2
0.05279758279323938,0.07092797892413392,1.4200691187042478,-0.3720351949613681,1.3257722081078593,0.9497878593993249,0.5108956738849217,0.4757432232756611,1.4506381686452665,0.8225490854311067,1.6057716139407539,0.9169083229500277,1.0691747303426327,0.3197002037837854,-0.8118356434872271,2
0.05279758279323938,1.085049567357825,1.4200691187042478,1.4076036828207321,1.3257722081078593,1.3724478716182575,1.3715478803254724,1.346939565198416,1.4506381686452665,1.2477527413985403,1.0428597274679834,1.3202177607533314,1.5013730442169235,1.7064779362078242,1.8131785864290297,2
1.5704055200796414,1.4159942178659093,1.4200691187042478,1.4076036828207321,1.3257722081078593,1.3724478716182575,1.3715478803254724,1.346939565198416,1.4506381686452665,1.2477527413985403,1.6057716139407539,1.3202177607533314,1.5013730442169235,1.7064779362078242,1.8131785864290297,2
0.5751781772777709,0.5279976724320483,1.4200691187042478,0.37916206822416937,0.4505000071976035,1.3724478716182575,1.3715478803254724,1.346939565198416,1.4506381686452665,1.2477527413985403,1.6057716139407539,1.3202177607533314,1.5013730442169235,1.7064779362078242,1.6768643456198984,2
0.10590108627699298,1.3538494089394006,-1.1625990886848034,1.4076036828207321,1.3257722081078593,1.3114952399063329,0.5355088724952519,1.346939565198416,-0.2787860242320479,1.2477527413985403,0.6456351040917868,1.3202177607533314,1.5013730442169235,0.726871999537507,1.8131785864290297,2
1.5704055200796414,0.5279976724320483,1.4200691187042478,0.517784243929682,0.4505000071976035,1.3724478716182575,0.5355088724952519,1.346939565198416,0.5859260722066093,1.2477527413985403,-0.1889043044961856,0.4891314965542483,1.5013730442169235,0.7909439647017144,-0.8118356434872271,2
1.5704055200796414,1.4159942178659093,1.4200691187042478,1.4076036828207321,1.3257722081078593,1.3724478716182575,1.3715478803254724,1.346939565198416,1.4506381686452665,1.2477527413985403,1.6057716139407539,1.3202177607533314,1.5013730442169235,1.7064779362078242,1.8131785864290297,2
1.320867915531685,0.5279976724320483,0.24874636365839653,0.8104071352649894,0.7383389450106234,0.7879078112159316,1.3715478803254724,0.5006579663412959,1.4506381686452665,0.6596948140880468,-0.7911468582257858,0.4891314965542483,0.9036414841113548,0.48986468260410515,-0.5240846608415327,2
0.5970827847705182,0.5279976724320483,-0.9081560646406674,-0.6235928784663507,-0.9861308370084357,-0.36947481927937725,-0.3005301353349685,1.346939565198416,-0.8333719105351226,0.9335053746897983,-0.1889043044961856,-0.04388835401038037,-1.1704767693704392,1.0497713121119039,1.499360951623665,2
1.5704055200796414,1.4159942178659093,1.4200691187042478,1.4076036828207321,1.3257722081078593,1.3724478716182575,1.3715478803254724,1.346939565198416,1.4506381686452665,1.0250538030598335,-0.6301008833871379,1.1089858431527557,1.5013730442169235,1.7064779362078242,1.8131785864290297,2
1.1222701792890881,1.4159942178659093,1.4200691187042478,1.4076036828207321,1.3257722081078593,1.3724478716182575,1.3715478803254724,1.346939565198416,1.4506381686452665,1.2477527413985403,0.44345820073401254,1.3202177607533314,0.9753916418027608,1.7064779362078242,-0.8118356434872271,2
1.325652720086494,1.4159942178659093,1.4200691187042478,1.4076036828207321,0.7328197245180084,1.3724478716182575,1.3715478803254724,0.7736267428137247,0.8648396197592606,1.2477527413985403,-0.47834134902240916,1.0521502510877137,1.5013730442169235,-0.7448177961148085,0.06316909981819177,2
-0.06203237739350716,1.2816135185392226,-0.07605368296890505,1.4076036828207321,0.5829551288580839,0.5014865261694402,1.2450299258195536,0.3725899984347734,1.4506381686452665,0.504145766043874,0.8442279921126891,1.3202177607533314,1.5013730442169235,-0.2631379504658424,0.06316909981819177,2
1.5704055200796414,1.4159942178659093,1.4200691187042478,0.517784243929682,1.3257722081078593,1.3724478716182575,1.3715478803254724,1.346939565198416,-0.2787860242320479,0.37154979438465885,-0.1889043044961856,1.3202177607533314,-0.27986016484131826,1.7064779362078242,0.06316909981819177,2
0.5907220606634452,1.4159942178659093,1.4200691187042478,1.4076036828207321,1.3257722081078593,1.3724478716182575,1.3715478803254724,1.346939565198416,1.4506381686452665,1.2477527413985403,0.9696388667058973,1.3202177607533314,1.2421243446692465,-0.12459000680439548,-0.19153515860950018,2
1.5704055200796414,1.4159942178659093,1.4200691187042478,1.4076036828207321,1.3257722081078593,1.3724478716182575,1.3715478803254724,1.346939565198416,1.4506381686452665,1.2477527413985403,1.6057716139407539,1.3202177607533314,1.5013730442169235,1.7064779362078242,1.8131785864290297,2
0.05279758279323938,1.1526942346205662,1.4200691187042478,1.4076036828207321,1.3257722081078593,1.3724478716182575,1.3715478803254724,1.346939565198416,1.4506381686452665,1.2477527413985403,0.974503461910775,1.3202177607533314,1.5013730442169235,1.7064779362078242,1.8131785864290297,2
1.5704055200796414,1.4159942178659093,1.4200691187042478,1.4076036828207321,1.3257722081078593,1.3724478716182575,1.3715478803254724,1.346939565198416,1.4506381686452665,1.2477527413985403,1.085118951764767,1.3202177607533314,0.9846202407023117,1.17526759936621,1.0785581053504236,2
0.05279758279323938,1.4159942178659093,1.4200691187042478,1.4076036828207321,1.3257722081078593,1.149301527311899,1.3715478803254724,1.346939565198416,-0.05724078091434326,0.37154979438465885,0.9383378706249369,1.3202177607533314,0.17650415148044224,1.7064779362078242,1.8131785864290297,2
0.5168166134778488,0.5279976724320483,1.077637233660647,0.517784243929682,0.9857409587938055,0.5014865261694402,1.3715478803254724,1.346939565198416,0.5859260722066093,1.2477527413985403,1.6057716139407539,1.3202177607533314,1.1553807044819977,1.7064779362078242,1.4732512407273797,2
-1.3409823786813795,1.3435388675429885,1.4200691187042478,1.4076036828207321,1.3257722081078593,1.3724478716182575,1.3715478803254724,1.346939565198416,1.4506381686452665,1.2477527413985403,1.6057716139407539,1.3202177607533314,1.5013730442169235,1.7064779362078242,1.8131785864290297,2
0.8116015514364405,1.4159942178659093,0.538617457162585,0.522397835613958,1.3257722081078593,1.3679320565606585,0.5355088724952519,1.346939565198416,1.4506381686452665,1.2477527413985403,1.6011190397603168,1.3202177607533314,-0.27062471508388314,0.7909439647017144,1.8131785864290297,2
1.2880503253883662,1.0855657438036521,1.0920760324917902,1.0764968999221014,1.3257722081078593,1.048358290612902,0.8466036566296782,1.0320334557374835,0.9076902727529075,0.9217127311762106,1.6057716139407539,1.3202177607533314,0.9421598523725706,1.1316192688033944,0.06316909981819177,2
0.9590173983653828,1.2434796182794374,1.2488260195867904,0.6906529842349133,1.3257722081078593,0.5014865261694402,0.5355088724952519,0.5006579663412959,1.2826471310204424,0.37154979438465885,0.7084336547222841,0.4891314965542483,0.6107564396878027,1.528613531988751,0.9381738431236107,2
0.16045808151070562,1.4159942178659093,1.4200691187042478,1.4076036828207321,1.3257722081078593,1.3724478716182575,1.3715478803254724,1.346939565198416,1.4506381686452665,1.2477527413985403,1.6057716139407539,1.3202177607533314,1.5013730442169235,1.7064779362078242,1.0002474819929836,2
1.2693243772963048,1.0636515500159502,0.538617457162585,1.0545377203282262,1.3257722081078593,1.026864495615718,1.3715478803254724,0.5006579663412959,1.1075343935821909,-0.15698999389696686,0.1671448852668189,0.8188930852080535,-0.6332424297666209,-1.0401239783105054,-0.28401863106083836,2
1.5318821572447614,1.4159942178659093,1.4200691187042478,1.4076036828207321,1.3257722081078593,0.5457039542699735,1.3715478803254724,1.346939565198416,0.6298262351147974,1.2477527413985403,1.6057716139407539,1.3202177607533314,1.5013730442169235,0.8374242795517448,1.8131785864290297,2
0.8116015514364405,0.6286812524753043,1.2201861138087045,1.4076036828207321,1.3257722081078593,1.3724478716182575,1.3715478803254724,1.346939565198416,1.4506381686452665,1.2477527413985403,1.6057716139407539,1.3202177607533314,1.5013730442169235,1.7064779362078242,1.8131785864290297,2
0.8116015514364405,0.5279976724320483,1.3957262692497536,0.517784243929682,1.3016000154079255,1.3724478716182575,1.3715478803254724,0.5006579663412959,0.5859260722066093,1.2477527413985403,0.6836520770089319,0.4891314965542483,0.6107564396878027,0.7656598718680034,-0.8118356434872271,2
0.4920425628126068,1.4159942178659093,1.4200691187042478,1.4076036828207321,1.3257722081078593,1.3724478716182575,0.8875942474175889,0.8570568559060195,0.9500866912961813,1.2477527413985403,-0.708341748494151,1.3202177607533314,-0.27986016484131826,1.7064779362078242,-0.8118356434872271,2
-0.04057457646301859,1.026630711363706,0.04365953989823864,1.4076036828207321,0.4505000071976035,0.9905538594899342,0.5355088724952519,0.025448949369396005,0.10036785391702387,0.7557421131624339,-0.6927827889954968,0.022455053202236293,-0.27986016484131826,0.7909439647017144,-0.8118356434872271,2
1.5704055200796414,1.4159942178659093,1.4200691187042478,1.4076036828207321,1.3257722081078593,1.3724478716182575,1.3715478803254724,1.346939565198416,1.4506381686452665,1.2477527413985403,1.6057716139407539,1.047643186780883,1.5013730442169235,1.7064779362078242,1.8131785864290297,2
0.05279758279323938,0.8193961075245166,1.1308184047193168,1.115607060377765,1.0385493006126796,0.5014865261694402,0.2481667257298618,0.5006579663412959,0.5859260722066093,0.37154979438465885,0.7084336547222841,0.4891314965542483,0.6107564396878027,0.7909439647017144,0.3503042403869081,2
1.5704055200796414,1.4159942178659093,1.4200691187042478,1.4076036828207321,1.3257722081078593,1.3724478716182575,1.3715478803254724,1.346939565198416,1.4506381686452665,1.2477527413985403,1.6057716139407539,1.3202177607533314,1.5013730442169235,1.7064779362078242,1.8131785864290297,2
1.5704055200796414,0.5441229008804445,1.4200691187042478,0.5339425745039652,1.3257722081078593,1.3724478716182575,1.3715478803254724,1.346939565198416,1.4192333615683375,0.37154979438465885,1.6057716139407539,1.3202177607533314,0.6269292460819427,0.807569248345797,1.8131785864290297,2
0.8116015514364405,1.4159942178659093,1.4200691187042478,0.517784243929682,1.3257722081078593,0.5014865261694402,-0.16587226021035076,0.6369655797323521,1.311362019553633,0.37154979438465885,0.7084336547222841,1.052497452647727,1.5013730442169235,-0.12459000680439548,-0.8118356434872271,2
0.8116015514364405,1.4159942178659093,0.538617457162585,1.4076036828207321,1.3257722081078593,1.3724478716182575,1.3715478803254724,0.6187949691495613,0.7066358873594752,0.4938636792094967,-0.31416853941671025,0.6051473008210433,0.7350824045350052,0.7909439647017144,1.0603204642444255,2
0.05279758279323938,1.4159942178659093,-0.7831169108612003,1.4076036828207321,1.3257722081078593,1.3724478716182575,1.3715478803254724,1.346939565198416,0.8023214507949081,1.2477527413985403,0.9329936998592349,1.3202177607533314,1.5013730442169235,1.7064779362078242,1.157144970593626,2
1.5704055200796414,1.4159942178659093,1.4200691187042478,1.4076036828207321,1.3257722081078593,1.3724478716182575,1.3390805274837474,1.346939565198416,1.4170573040221615,1.2477527413985403,1.6057716139407539,1.3202177607533314,1.4667861849016006,1.6709234175632695,-0.7778550666564756,2
-0.4758873097632973,0.5279976724320483,1.152755226907248,1.1377521327191995,0.4505000071976035,0.5014865261694402,0.5355088724952519,0.5006579663412959,-0.6190234027294433,0.9820306037141809,1.3336399559025451,0.4891314965542483,0.6107564396878027,1.4288280551382042,1.5478198226090005,2
0.40406127419109505,1.4159942178659093,1.0120296549999062,0.9956906279360533,1.3257722081078593,1.3724478716182575,1.3715478803254724,1.346939565198416,1.4506381686452665,1.2477527413985403,1.6057716139407539,1.3202177607533314,1.0230385165547793,0.2992267571042193,-0.4067805715248691,2
0.8116015514364405,-0.06993369872524746,0.538617457162585,1.4076036828207321,1.0398634567709704,1.0879472665710508,0.5355088724952519,0.2242190311654785,0.5859260722066093,-0.5046531526292226,0.4153170960328458,1.3202177607533314,-0.27986016484131826,0.7909439647017144,1.223995229101752,2
1.5704055200796414,1.4159942178659093,1.4200691187042478,1.4076036828207321,1.3257722081078593,1.3724478716182575,1.3715478803254724,1.346939565198416,1.3017944140483577,1.2477527413985403,1.4513119370812664,1.3202177607533314,1.5013730442169235,1.5488861616261722,1.8131785864290297,2
1.5704055200796414,1.1748650466809407,1.4200691187042478,1.4076036828207321,1.3257722081078593,0.7379899094788976,0.7625293424205142,1.346939565198416,1.4506381686452665,1.2477527413985403,0.952099420644204,1.3202177607533314,1.5013730442169235,0.5423372005469167,1.8131785864290297,2
0.8379686004390114,1.4159942178659093,0.5692462890001725,0.5487038407138582,1.3257722081078593,1.3724478716182575,1.3715478803254724,1.3175328286641583,0.6159732347968128,0.40199624299960457,0.7084336547222841,-0.34195476764483496,-0.24891286801034365,-0.12459000680439548,-0.8118356434872271,2
-0.012057147140417807,1.4159942178659093,0.46328006855999826,1.4076036828207321,1.3257722081078593,0.5014865261694402,1.3715478803254724,1.346939565198416,1.0552354521178977,1.2477527413985403,0.2214170824479814,1.3202177607533314,1.5013730442169235,1.287836146764224,1.8131785864290297,2
1.4505320024446837,1.4159942178659093,1.4200691187042478,1.4076036828207321,1.3257722081078593,1.3724478716182575,1.23947300869842,1.2132466005370242,-0.1421814662367257,0.5099696416193518,-0.3306629959685435,1.3202177607533314,-0.27986016484131826,0.935577206242318,-0.8118356434872271,2
1.5704055200796414,1.4159942178659093,-1.2242858659207403,1.4076036828207321,0.6206354473653063,0.6707840221060015,1.3715478803254724,0.6651582122963783,1.4506381686452665,-0.16402043537529018,1.6057716139407539,-0.018861615069455304,0.06637600688821957,0.9689054892065331,-0.4716687399884622,2
0.05279758279323938,0.8932785190731073,1.4200691187042478,0.883814944912858,0.810546645029591,1.3724478716182575,1.3715478803254724,1.346939565198416,1.4506381686452665,0.731979298260989,1.6057716139407539,0.8310020767715076,1.5013730442169235,1.7064779362078242,1.8131785864290297,2
1.5704055200796414,0.7948297912158383,0.2737519960703471,-0.3720351949613681,1.3257722081078593,0.7631997753705857,1.3715478803254724,0.7549552530502764,1.4506381686452665,0.6348380808521297,0.97807275428252,1.3202177607533314,1.5013730442169235,1.7064779362078242,0.5890255815863206,2
0.05279758279323938,0.40514060431494897,1.4200691187042478,1.4076036828207321,0.5715966229008725,0.621986721688653,0.6511774546104734,0.5006579663412959,0.7055616647999776,1.2477527413985403,0.8325831363240382,0.4891314965542483,0.6107564396878027,0.0020769493670260456,-0.690776031370678,2
1.4696777668624585,1.298116741491993,1.3030604457061323,0.39966478679408707,-0.30858381582528693,-1.1248200331692864,-0.3005301353349685,0.38831795816455184,1.3358515962849133,1.2477527413985403,0.8275511610133847,0.4891314965542483,0.6107564396878027,-0.12459000680439548,-0.8118356434872271,2
1.54728997394856,1.4159942178659093,1.4200691187042478,1.4076036828207321,0.47716354056521526,1.3724478716182575,1.3715478803254724,0.5264383551461224,0.6122679117084144,1.2477527413985403,-0.2162400299913672,1.2949002694474376,1.5013730442169235,-1.0122339452750129,0.06316909981819177,2
1.0281679190548925,0.5279976724320483,1.4200691187042478,0.2638254196743284,1.0759652367928836,1.3724478716182575,1.3715478803254724,0.742190877897536,0.5859260722066093,0.9976801305888243,0.7084336547222841,0.7263275852054606,0.8649427789190415,0.2683482091868824,-0.8118356434872271,2
1.5704055200796414,1.4159942178659093,-1.188086835030306,1.4076036828207321,1.3257722081078593,1.3724478716182575,1.3715478803254724,-0.34562363251582434,-0.2787860242320479,-0.5046531526292226,0.6347307713489722,1.3202177607533314,0.6473318520280508,1.6312805227550502,1.8131785864290297,2
1.5704055200796414,1.4159942178659093,1.4200691187042478,1.4076036828207321,1.3257722081078593,1.3724478716182575,1.3715478803254724,1.346939565198416,1.4506381686452665,1.2477527413985403,-0.7283651299185129,1.3202177607533314,1.5013730442169235,1.7064779362078242,0.7662680449484149,2
0.7107120951240289,0.9129625897776865,0.9207450316158972,1.0218485033590021,0.829948657320137,0.5014865261694402,1.3715478803254724,1.346939565198416,0.09608460161102844,1.2477527413985403,1.6057716139407539,1.3202177607533314,0.9968572069849231,1.7064779362078242,1.4338458847246167,2
0.8116015514364405,0.5279976724320483,0.538617457162585,0.7455400757162451,0.4505000071976035,0.5014865261694402,1.1575575455316074,0.2840459650193445,0.5859260722066093,0.1472792038705996,0.478753402344157,1.3202177607533314,1.045453299824172,1.4721402806165973,1.8131785864290297,2
0.05279758279323938,1.1932309361963576,1.1989476900593155,1.184383109137213,1.1062009622156397,1.1539580492004096,1.3715478803254724,0.7129566145143688,-0.06186389171640928,1.2477527413985403,1.6057716139407539,1.3202177607533314,-0.056439613765450064,1.7064779362078242,1.5936744350926022,2
0.6717284277992136,-0.19631120698842583,0.7010986806800508,1.4076036828207321,1.3257722081078593,1.2119003666110835,0.38139873029755444,0.5006579663412959,0.5859260722066093,-0.3431394439461792,0.7084336547222841,1.1670205759871828,-0.11568953370793678,0.7909439647017144,0.7768810037327457,2
1.5704055200796414,1.4159942178659093,0.6099030679611174,1.3356413450439626,1.3257722081078593,0.571923753984792,-0.23291718056404,1.2784982617052956,-1.0735662881619346,-0.43379202094547875,0.6358632719020645,1.3202177607533314,1.5013730442169235,0.7909439647017144,1.0089380725188395,2
1.5704055200796414,1.4159942178659093,1.4200691187042478,1.4076036828207321,1.3257722081078593,1.3724478716182575,1.3715478803254724,1.346939565198416,1.4506381686452665,1.2477527413985403,1.6057716139407539,0.8450977734346145,1.5013730442169235,1.7064779362078242,1.8131785864290297,2
1.5704055200796414,1.4159942178659093,1.4200691187042478,1.4076036828207321,1.3257722081078593,1.3724478716182575,1.3715478803254724,1.346939565198416,1.4506381686452665,1.2477527413985403,1.6057716139407539,1.3202177607533314,1.5013730442169235,1.7064779362078242,1.8131785864290297,2
0.8116015514364405,1.4159942178659093,1.4200691187042478,1.4076036828207321,1.3257722081078593,1.3724478716182575,1.3715478803254724,1.346939565198416,1.4506381686452665,1.2477527413985403,0.6039950102560203,1.3202177607533314,1.4495448617798525,-0.9868457646984399,0.06316909981819177,2
0.8116015514364405,0.5279976724320483,1.345334118044685,0.517784243929682,1.2515611408805125,1.3724478716182575,1.3715478803254724,0.5006579663412959,0.5859260722066093,1.2477527413985403,0.6323517141008888,0.4891314965542483,0.6107564396878027,0.7133192520263872,-0.8118356434872271,2
0.7241148377095015,1.4159942178659093,1.4200691187042478,1.4076036828207321,1.3257722081078593,1.3724478716182575,1.3715478803254724,1.346939565198416,1.4506381686452665,1.2477527413985403,1.6057716139407539,1.3202177607533314,1.5013730442169235,1.7064779362078242,1.3252341423500555,2
0.8116015514364405,1.4159942178659093,0.7499784233085655,1.4076036828207321,1.3257722081078593,0.5014865261694402,1.3715478803254724,1.346939565198416,0.5859260722066093,1.2477527413985403,0.7084336547222841,1.3202177607533314,0.8243150433095738,0.09494346644194375,1.8131785864290297,2
1.5704055200796414,1.4159942178659093,1.4200691187042478,1.4076036828207321,1.3257722081078593,1.3724478716182575,1.3715478803254724,1.346939565198416,1.3694647991794786,1.2477527413985403,-1.0020061971679854,1.3202177607533314,1.5013730442169235,1.6205337501213541,1.648899438247398,2
1.5704055200796414,1.4159942178659093,1.4200691187042478,1.2448859638824554,1.3257722081078593,1.3724478716182575,1.2186647735379952,1.346939565198416,1.4506381686452665,1.2477527413985403,0.8725262553770059,1.3202177607533314,0.04586682201376596,-0.12459000680439548,1.6531699715708605,2
0.7619863931240972,1.4159942178659093,1.4200691187042478,0.5759659801281902,1.3257722081078593,1.3154991907677311,0.4261783749150655,1.346939565198416,1.4506381686452665,1.2477527413985403,0.5910869703450075,-0.3962961763266869,1.4431391845438837,0.8508070713981991,-0.7546225810136924,2
1.2959238111130276,1.0947797548169624,1.4200691187042478,0.8396581011463847,1.3257722081078593,0.8165388564440375,0.8379287663214722,1.346939565198416,0.8987178653478363,1.2477527413985403,-0.5134978316061025,1.3202177607533314,1.5013730442169235,1.7064779362078242,0.6961989921784334,2
0.4195303807180725,0.9571697262325131,1.4200691187042478,1.4076036828207321,1.3257722081078593,1.3724478716182575,1.3715478803254724,0.5006579663412959,1.4506381686452665,1.2477527413985403,0.2447824895473076,0.9185506588645415,1.5013730442169235,-0.12459000680439548,-0.3597239673908235,2
1.5704055200796414,1.4159942178659093,1.4200691187042478,1.4076036828207321,1.3257722081078593,1.3724478716182575,1.0848795756085297,1.346939565198416,0.5611382227122061,1.2477527413985403,1.6057716139407539,1.3202177607533314,1.5013730442169235,1.7064779362078242,1.8131785864290297,2
1.2398151955325707,0.9148737013971722,1.4200691187042478,0.9054544581712803,0.8318323841003521,0.8809407801775225,1.3715478803254724,1.346939565198416,1.4506381686452665,1.2477527413985403,1.6057716139407539,0.8512132583292424,0.9987739573936657,0.2742833323997531,1.8131785864290297,2
1.3655582821091188,1.4159942178659093,1.4200691187042478,1.4076036828207321,1.3257722081078593,1.3724478716182575,1.3715478803254724,1.346939565198416,1.4506381686452665,1.0112123949921243,1.1212796764494717,1.3202177607533314,1.5013730442169235,1.7064779362078242,1.5769617079146483,2
1.5341983330189326,0.5703694289837133,1.4200691187042478,1.4076036828207321,1.3257722081078593,1.3724478716182575,1.3715478803254724,1.346939565198416,1.4506381686452665,1.2477527413985403,1.6057716139407539,1.3202177607533314,1.5013730442169235,-0.12459000680439548,1.8131785864290297,2
0.8116015514364405,1.4159942178659093,1.4200691187042478,0.517784243929682,1.3257722081078593,0.8794513411922417,-0.3005301353349685,0.867912689688865,1.0753852951552314,0.7517892694441141,0.7084336547222841,0.9595572472214401,0.7283841120534208,-0.5218976829666238,-0.8118356434872271,2
1.5704055200796414,1.4159942178659093,-1.2242858659207403,0.517784243929682,0.4505000071976035,1.3724478716182575,1.3715478803254724,1.346939565198416,1.4506381686452665,1.2477527413985403,1.6057716139407539,1.3202177607533314,1.5013730442169235,1.7064779362078242,1.8131785864290297,2
0.05279758279323938,1.4159942178659093,1.4200691187042478,1.4076036828207321,1.3257722081078593,0.3968277628412548,1.2710855473977756,1.346939565198416,0.6898338967284389,0.4768384129188475,1.497943314108633,1.3202177607533314,1.5013730442169235,1.5964631189676919,1.7080339496214678,2
-0.4465867379471412,-0.05641091000356825,1.4200691187042478,-0.06782402175552033,0.4505000071976035,1.0746838971133472,1.3715478803254724,1.0576130942329203,0.016841459104041234,0.37154979438465885,0.11787729793340088,1.0360862657363696,0.02462354308719094,0.7909439647017144,1.5140322564125024,2
0.8116015514364405,0.5279976724320483,0.6195338962518158,0.517784243929682,0.5308491775736401,0.5014865261694402,1.3715478803254724,0.5783458265314854,0.5859260722066093,0.4519844063835178,0.7908084410974799,1.3202177607533314,1.5013730442169235,1.7064779362078242,1.8131785864290297,2
1.5704055200796414,1.4159942178659093,1.4200691187042478,1.4076036828207321,0.5329130015505074,1.3724478716182575,1.3715478803254724,1.346939565198416,0.6673447589266661,1.2477527413985403,1.6057716139407539,1.3202177607533314,1.5013730442169235,-1.0401239783105054,1.8131785864290297,2
1.0479032064908678,1.4159942178659093,1.4200691187042478,0.517784243929682,0.7230714199012681,0.5014865261694402,1.1111942061168492,1.346939565198416,1.1813553130226202,1.2477527413985403,0.42899067119963014,1.3202177607533314,1.5013730442169235,1.7064779362078242,0.6656857202777903,2
0.7960540592390399,1.4159942178659093,1.4200691187042478,0.5360161738548653,1.3257722081078593,1.3546023340589117,0.5012488778507725,1.346939565198416,1.4506381686452665,1.2477527413985403,0.6716616938578026,-0.35898328586819944,1.483124780789215,0.8097027718069253,-0.7939072588432265,2
1.5704055200796414,1.4159942178659093,1.4200691187042478,0.6737965263032297,1.3257722081078593,1.3724478716182575,0.6820918173761394,1.346939565198416,1.4506381686452665,1.2477527413985403,1.448441107369031,1.3202177607533314,1.1890689449368892,-0.12459000680439548,1.0915886609218013,2
0.8246234636126628,1.4159942178659093,1.4200691187042478,1.4076036828207321,1.3257722081078593,1.3724478716182575,1.3715478803254724,1.346939565198416,0.6007654845487395,1.2477527413985403,1.6057716139407539,1.3202177607533314,1.5013730442169235,1.7064779362078242,1.8131785864290297,2
-1.2852503395463566,0.3178660975327728,-0.13425138185600485,-0.3720351949613681,-0.42477219371265235,0.2953860856478692,0.33767229948610994,0.3003976318945684,0.38130442633034983,0.37154979438465885,1.6057716139407539,-0.34195476764483496,-0.959725195275393,0.5742960550948452,1.8131785864290297,2
1.5704055200796414,0.35653706308503186,1.2498722415035242,0.34597165751186326,0.28149630365363015,1.036105205025138,0.5355088724952519,1.346939565198416,0.5859260722066093,1.2477527413985403,-0.015639989371362215,0.4891314965542483,1.3294065354592524,0.7909439647017144,-0.8118356434872271,2
1.5704055200796414,1.4159942178659093,1.4200691187042478,1.4076036828207321,1.3257722081078593,1.3724478716182575,1.3715478803254724,1.346939565198416,1.1511846331502849,1.2477527413985403,-0.7754902509597548,1.3202177607533314,1.5013730442169235,1.7064779362078242,1.510160662848641,2
1.5704055200796414,1.0033654772219542,0.538617457162585,1.4076036828207321,1.3257722081078593,0.5014865261694402,0.5355088724952519,0.9536946678368472,1.0488291016981106,0.37154979438465885,0.7084336547222841,0.4891314965542483,1.0875268307230468,0.7909439647017144,0.9381738431236107,2
0.8116015514364405,1.4159942178659093,1.4200691187042478,1.4076036828207321,1.3257722081078593,1.3724478716182575,1.3715478803254724,1.346939565198416,1.4506381686452665,1.2477527413985403,0.7084336547222841,1.3202177607533314,1.5013730442169235,0.4702998734456843,0.06316909981819177,2
0.8116015514364405,1.4159942178659093,-0.3004725857936974,0.5605480088923941,-0.3406429130020186,0.5014865261694402,-0.26035100003189265,-0.26428086609818663,1.4506381686452665,1.2477527413985403,0.7084336547222841,1.3202177607533314,1.5013730442169235,0.7909439647017144,1.8131785864290297,2
0.8501899721273435,1.4159942178659093,0.538617457162585,1.362352566240164,1.2812608806721708,0.5014865261694402,1.3715478803254724,1.346939565198416,0.49797747010967564,1.2477527413985403,0.7540671201536182,1.3202177607533314,0.6560480955436951,-0.12459000680439548,1.8131785864290297,2
0.8975889232797926,1.4159942178659093,0.6385032180639787,1.4076036828207321,1.3257722081078593,1.3724478716182575,1.3715478803254724,-0.34562363251582434,-0.2787860242320479,0.17296783717681402,0.7084336547222841,1.0376826400104735,1.4004487155257557,0.08290590332870999,1.7140233878052882,2
1.5704055200796414,1.4159942178659093,1.4200691187042478,1.4076036828207321,1.3257722081078593,1.3724478716182575,1.3715478803254724,1.346939565198416,1.4506381686452665,1.2477527413985403,1.6057716139407539,1.3202177607533314,1.5013730442169235,1.7064779362078242,1.8131785864290297,2
1.5704055200796414,0.5415880513393634,1.4200691187042478,1.4076036828207321,1.3257722081078593,1.3724478716182575,1.3715478803254724,1.346939565198416,1.4506381686452665,1.2477527413985403,1.6057716139407539,1.3202177607533314,1.5013730442169235,1.7064779362078242,1.8131785864290297,2
-1.4648103544931628,0.4688893439553054,-0.34283420437907763,-0.25357586097090573,-0.3665108445846692,0.5014865261694402,0.5911587154459973,0.5569895939656236,0.5283676426193221,0.37154979438465885,1.6057716139407539,-0.34195476764483496,-1.1704767693704392,0.7909439647017144,1.8131785864290297,2
1.5704055200796414,1.4159942178659093,1.4200691187042478,1.4076036828207321,1.3257722081078593,1.3724478716182575,1.3715478803254724,1.346939565198416,1.4506381686452665,1.2477527413985403,1.6057716139407539,1.3202177607533314,1.5013730442169235,1.7064779362078242,1.8131785864290297,2
1.1611237716370308,0.9370289070017233,0.9446339706139103,0.517784243929682,1.3257722081078593,0.9712634343327087,1.3715478803254724,0.5006579663412959,0.18762017994570374,0.37154979438465885,0.29509955429959184,0.8719485721692899,0.20051834681232647,0.7909439647017144,1.3412207606470012,2
1.5704055200796414,1.4159942178659093,1.4200691187042478,1.4076036828207321,1.3257722081078593,1.3724478716182575,1.3715478803254724,1.0794839186678973,1.4506381686452665,1.2477527413985403,1.6057716139407539,1.3202177607533314,0.9384388150033038,1.7064779362078242,1.8131785864290297,2
1.2789118590690436,1.4159942178659093,-0.6814428338068831,0.8596073452828991,1.3257722081078593,1.3724478716182575,1.0503844689428814,0.8257560571405006,-0.2787860242320479,-0.5046531526292226,-0.1889043044961856,1.3202177607533314,-0.8283474377655687,1.7064779362078242,0.7354332064063498,2
-0.6208558395829626,-0.40982293432169736,0.43970378038987057,-0.4219615359081923,-0.47388231247830137,-0.4183430628621145,-0.34743894258893876,-0.2981401299141944,-0.18175080773589414,0.3223874529485741,1.6057716139407539,-0.29532385088902985,-0.1799180275779669,-0.02185172258174489,1.764083474280436,2
1.5704055200796414,1.4159942178659093,1.4200691187042478,1.4076036828207321,1.3257722081078593,1.3724478716182575,1.3715478803254724,1.346939565198416,1.4506381686452665,1.2477527413985403,1.6057716139407539,1.2738860288730216,1.5013730442169235,1.7064779362078242,1.8131785864290297,2
1.5704055200796414,1.4159942178659093,1.4200691187042478,1.4076036828207321,1.3257722081078593,1.3724478716182575,1.3715478803254724,1.346939565198416,1.4506381686452665,1.2477527413985403,1.6057716139407539,1.3202177607533314,1.5013730442169235,1.7064779362078242,1.6969770233736396,2
1.087499944678798,1.4159942178659093,1.4200691187042478,0.8413193908330765,1.3257722081078593,1.3724478716182575,1.3715478803254724,1.0392346203063294,1.4506381686452665,1.2477527413985403,1.6057716139407539,1.3202177607533314,1.5013730442169235,1.7064779362078242,0.30187668935655737,2
0.8116015514364405,0.5279976724320483,1.4200691187042478,1.4076036828207321,1.3257722081078593,1.3724478716182575,1.2051337261438402,1.346939565198416,1.4506381686452665,1.2477527413985403,1.6057716139407539,1.3202177607533314,1.5013730442169235,-0.6756486127694755,0.7640035318124213,2
1.0565674944398973,1.1293208211453098,1.4200691187042478,1.1203417983836892,1.3257722081078593,1.3724478716182575,1.3715478803254724,1.346939565198416,1.4506381686452665,0.9648866916051323,1.6057716139407539,1.3202177607533314,1.2138538094755469,1.4109145865818147,1.8131785864290297,2
1.246674738146315,1.0371456247023576,1.4200691187042478,1.4076036828207321,1.3257722081078593,1.3724478716182575,1.3715478803254724,1.346939565198416,1.4506381686452665,1.2477527413985403,1.6057716139407539,1.3202177607533314,1.5013730442169235,1.7064779362078242,1.8131785864290297,2
1.5704055200796414,1.4159942178659093,1.4200691187042478,1.4076036828207321,1.3257722081078593,0.6134053667126951,0.6429401803187633,1.346939565198416,1.4506381686452665,1.2477527413985403,0.8237418994520538,1.3202177607533314,1.5013730442169235,0.9085904034378943,1.8131785864290297,2
0.954860571392422,0.6956477112828197,-1.2242858659207403,1.4076036828207321,1.3257722081078593,1.3724478716182575,1.3715478803254724,1.346939565198416,1.4506381686452665,1.2477527413985403,1.6057716139407539,1.3202177607533314,1.5013730442169235,0.9637929545783674,0.39356358156268967,2
1.5704055200796414,1.4159942178659093,1.2619714865837734,1.4076036828207321,1.3257722081078593,1.3724478716182575,0.6854612672381838,1.346939565198416,-0.43388123917982885,1.2477527413985403,-0.1889043044961856,1.3202177607533314,1.5013730442169235,1.378056630000715,0.2201104093039776,2
0.05279758279323938,1.0838299371322555,1.0903530193984565,0.517784243929682,0.4505000071976035,0.5014865261694402,0.5355088724952519,1.0303791911429532,1.1271836765842618,0.9199999779805536,0.37277512166664184,1.009341358592971,0.27761209878462256,0.7909439647017144,0.3904736627617055,2
1.5704055200796414,0.5279976724320483,-0.34283420437907763,-0.3720351949613681,-0.42477219371265235,-0.36947481927937725,-0.3005301353349685,0.6526274241063663,1.4506381686452665,0.37154979438465885,0.7084336547222841,1.3202177607533314,-0.11992933017630765,0.6265386398037363,1.095301206594076,2
1.5704055200796414,1.106513899244531,1.4200691187042478,0.8278998686801715,1.3257722081078593,1.068904579606115,1.3715478803254724,1.346939565198416,-1.143498120670705,1.2477527413985403,0.39569771114459207,1.3202177607533314,1.5013730442169235,1.3874004052564268,1.8131785864290297,2
0.8116015514364405,1.4159942178659093,1.4200691187042478,0.7016960050627634,1.3257722081078593,0.6815006143309179,0.04506223899578837,0.6755711368765484,1.4506381686452665,0.5526472396103408,0.8938993764164586,1.3202177607533314,1.5013730442169235,-0.12459000680439548,-0.6309858482280307,2
0.05279758279323938,0.5279976724320483,1.4200691187042478,0.761560180520533,0.4505000071976035,1.133838319565968,-0.07148794626535912,0.5006579663412959,1.2137406678967109,1.2477527413985403,1.359935895045216,0.4891314965542483,0.6107564396878027,0.5401232457671058,-0.8118356434872271,2
1.4075744444172764,1.4159942178659093,1.4200691187042478,1.4076036828207321,0.6383238982961464,1.1855490431983748,1.3715478803254724,1.346939565198416,0.5859260722066093,1.2477527413985403,1.4132126511911536,1.3202177607533314,1.5013730442169235,-0.6471967202932898,1.8131785864290297,2
-0.7060063858499618,-0.9129906557956857,-0.5592145744347728,-0.9261621680979487,-0.9698400065325724,0.17290844745841494,-0.8211658335283335,0.7084047249233305,0.7981971831280887,0.9171972208864325,0.48815348718465973,-0.34195476764483496,0.8293866367523858,0.4455504579472516,0.1784748183513709,2
0.08236296222101488,1.3813950909751394,0.5729615748763082,1.4076036828207321,1.3257722081078593,1.3724478716182575,-0.2679554368563631,1.346939565198416,-1.0761143370231072,1.2477527413985403,1.5708085163087293,1.3202177607533314,1.5013730442169235,1.7064779362078242,1.8131785864290297,2
1.1012720190149738,1.4159942178659093,1.4200691187042478,1.4076036828207321,1.3257722081078593,1.3724478716182575,1.3715478803254724,1.346939565198416,1.4506381686452665,1.2477527413985403,0.9206610532051276,1.3202177607533314,1.5013730442169235,1.7064779362078242,1.8131785864290297,2
-0.19524903800763696,0.5279976724320483,1.4200691187042478,-0.07256271231266369,0.4505000071976035,1.3724478716182575,1.3715478803254724,1.346939565198416,1.4506381686452665,1.2477527413985403,1.6057716139407539,1.3202177607533314,1.5013730442169235,1.7064779362078242,1.2326603775306775,2
1.0728405820235558,0.8337147828850231,0.538617457162585,0.8241289353380794,1.3257722081078593,0.8013388028658021,1.3715478803254724,0.5006579663412959,0.8836268739229037,0.06989295291509252,0.3995005069497263,1.0340935719436068,-0.8638576318770016,-1.0401239783105054,-0.5105913164326873,2
0.8116015514364405,-0.017768004962507813,0.538617457162585,1.4076036828207321,1.3257722081078593,1.036782312090661,1.0493412717123016,1.346939565198416,0.5859260722066093,0.9100670863393202,1.2599405965938193,1.3202177607533314,0.6107564396878027,1.7064779362078242,1.4759547150302794,2
1.5704055200796414,0.8107236344975728,-0.6234763648751659,0.8010905903548945,0.7291747118955312,0.18512955520856597,-0.3005301353349685,0.7701024596172558,0.8612385839865607,1.2477527413985403,0.7084336547222841,0.4891314965542483,0.8943165927557415,0.2079569604645128,-0.21542045003422647,2
0.8116015514364405,0.8304711134061898,1.4200691187042478,1.4076036828207321,1.3257722081078593,1.3724478716182575,1.3715478803254724,1.346939565198416,1.4506381686452665,1.2477527413985403,1.3001162579180425,1.3202177607533314,1.5013730442169235,-1.0401239783105054,0.6401257291560345,2
0.8116015514364405,1.4159942178659093,1.4200691187042478,1.4076036828207321,1.0975935346135597,1.1453930145547708,1.3715478803254724,1.346939565198416,1.4506381686452665,1.2477527413985403,1.6057716139407539,1.3202177607533314,0.8429353152445836,1.0296186614874423,1.8131785864290297,2
1.1940103311661345,0.9755146720475578,1.4200691187042478,0.9591680131779857,0.00939560064065782,-0.8084067161438033,-0.3005301353349685,0.9204453362537354,1.0217085816311207,1.2477527413985403,0.7084336547222841,0.4891314965542483,0.16897724642574016,-0.578729147349418,-0.8118356434872271,2
1.3373695054464954,1.4159942178659093,1.1493668150977938,1.134331554113962,1.3257722081078593,1.3724478716182575,1.3715478803254724,1.346939565198416,1.4506381686452665,1.2477527413985403,1.6057716139407539,1.3202177607533314,1.5013730442169235,1.4253086266132389,1.275733800710272,2
1.5704055200796414,1.4159942178659093,1.4200691187042478,1.4076036828207321,1.3257722081078593,1.3724478716182575,1.3715478803254724,1.346939565198416,1.4506381686452665,1.2477527413985403,1.6057716139407539,1.3202177607533314,1.5013730442169235,1.7064779362078242,1.8131785864290297,2
0.05279758279323938,1.4159942178659093,1.4200691187042478,1.3512319768522667,1.3257722081078593,1.3724478716182575,1.3715478803254724,1.346939565198416,1.4506381686452665,1.2477527413985403,0.6515856365957661,1.3202177607533314,1.5013730442169235,1.7064779362078242,1.8131785864290297,2
0.84133629163447,1.4159942178659093,0.5731583099205481,0.5526529991444071,1.3257722081078593,1.3724478716182575,1.3715478803254724,1.3137768980060125,0.6198109628980376,0.405884969300509,0.7084336547222841,-0.34195476764483496,-0.24496017163348527,-0.12459000680439548,-0.8118356434872271,2
1.5704055200796414,-0.3599988730018127,1.4200691187042478,1.4076036828207321,1.3257722081078593,1.3724478716182575,1.3715478803254724,-0.34562363251582434,1.089235179362271,0.5153416520346458,-0.1889043044961856,0.4891314965542483,1.1291433685739745,-0.27483639772694063,0.06316909981819177,2
0.05279758279323938,0.5279976724320483,-0.3714103811078198,1.4076036828207321,1.3257722081078593,1.3724478716182575,1.3715478803254724,1.346939565198416,1.4506381686452665,1.2477527413985403,0.7084336547222841,1.3202177607533314,1.5013730442169235,0.7909439647017144,-0.8118356434872271,2
1.5704055200796414,0.5279976724320483,1.4200691187042478,1.4076036828207321,1.3257722081078593,1.3724478716182575,1.3715478803254724,1.346939565198416,1.0597639881595022,1.2477527413985403,0.3028116669267546,1.3202177607533314,1.5013730442169235,-1.0401239783105054,1.8131785864290297,2
1.249074088451165,1.039953484004678,0.538617457162585,0.004777481309906294,0.4505000071976035,1.3724478716182575,1.3715478803254724,0.5006579663412959,1.0844577223411596,1.2477527413985403,0.8457785116225748,0.4891314965542483,0.6107564396878027,0.4032419310729278,-0.30736998335342736,2
1.1390100725160146,0.9111501698868681,1.4200691187042478,-0.3720351949613681,0.07283780630729685,0.9966457174192471,0.5355088724952519,0.01952971162667747,0.5859260722066093,0.8696889424435402,-0.1889043044961856,0.4891314965542483,0.9950394394976035,-0.12459000680439548,0.06316909981819177,2
0.05279758279323938,0.15142016025783012,1.4200691187042478,1.4076036828207321,1.3257722081078593,1.3724478716182575,1.017004282979062,1.346939565198416,1.0839350190685706,1.2477527413985403,1.6057716139407539,1.3202177607533314,1.5013730442169235,1.7064779362078242,1.8131785864290297,2
0.25642433106618373,0.5279976724320483,0.946990054765114,1.4076036828207321,1.3257722081078593,1.3724478716182575,1.3715478803254724,0.5006579663412959,1.4506381686452665,1.2477527413985403,-0.1889043044961856,1.0971938962158714,1.5013730442169235,-0.12459000680439548,0.06316909981819177,2
0.714710077995697,0.5279976724320483,0.538617457162585,0.517784243929682,1.2140089376026226,1.2612350530804715,1.2647942856290049,0.5006579663412959,0.4755112185840241,0.4834319116080284,-0.1889043044961856,0.3830103163519395,-0.16613757158983966,-0.12459000680439548,1.7014494675129868,2
1.38069204618838,1.4159942178659093,1.1996917041299655,1.4076036828207321,1.3257722081078593,1.154693208624663,1.1625243761816055,1.1353552448152309,1.4506381686452665,1.2477527413985403,1.6057716139407539,1.3202177607533314,-0.057191363764043615,1.4775793835151483,1.8131785864290297,2
1.2521206519750467,0.9004731404322048,0.538617457162585,0.1445441523540486,-0.28377632380385875,0.5014865261694402,0.18482730474680914,0.1456800824575074,1.4506381686452665,0.8802241688716557,1.6057716139407539,1.3202177607533314,0.9843309071634787,-0.5086162130551936,-0.30385687898874636,2
0.9124339972524769,1.4159942178659093,1.4200691187042478,1.4076036828207321,1.2094630684358905,1.1409752744734092,1.3715478803254724,1.346939565198416,1.4506381686452665,1.2477527413985403,0.5891923422218298,1.3202177607533314,1.5013730442169235,0.6692847043532248,0.06316909981819177,2
0.4791442586403625,1.02693335405007,0.6476824543310166,0.517784243929682,0.9422863034484493,0.5014865261694402,0.901805408492744,0.871442122626422,1.4506381686452665,0.37154979438465885,0.7084336547222841,0.4891314965542483,0.6107564396878027,1.7064779362078242,0.9381738431236107,2
0.05279758279323938,1.4159942178659093,1.4200691187042478,1.4076036828207321,1.3257722081078593,1.3724478716182575,1.3715478803254724,0.058216631455490095,1.4506381686452665,1.2477527413985403,1.6057716139407539,1.3202177607533314,1.5013730442169235,1.7064779362078242,1.8131785864290297,2
1.3274704684861105,1.1316974884147102,1.4200691187042478,1.4076036828207321,1.3257722081078593,1.0936050503677135,1.3715478803254724,1.075998093649943,0.8969539855287902,-0.7851740999825051,1.6057716139407539,1.3202177607533314,0.04048532959276983,-0.12459000680439548,1.8131785864290297,2
-0.5086481210681001,-0.1290387507814706,0.538617457162585,-0.3720351949613681,-0.19712156203194936,-0.36947481927937725,-0.3005301353349685,-0.12551320245849829,-0.2787860242320479,0.1436570837961551,1.1389921297192438,-0.1257965110141347,-0.04821858820318885,0.11353235869716662,1.5855975181282964,2
1.3896309821612156,1.2044413375337208,1.2100754663284674,0.30579708447401044,-0.2162507122616302,-1.0329416848958752,-0.3005301353349685,0.29904309437928767,1.2446324858525422,1.2477527413985403,0.9222119975325312,0.4891314965542483,0.6107564396878027,-0.12459000680439548,-0.8118356434872271,2
0.6260419385967364,1.4159942178659093,1.4200691187042478,1.4076036828207321,1.3257722081078593,1.3724478716182575,1.3715478803254724,1.346939565198416,-0.4902446465688194,1.2477527413985403,0.36948318686298204,1.3202177607533314,1.5013730442169235,1.3606543088942618,-0.48132107639949645,2
-0.3005565783798752,1.4159942178659093,0.5991334743226702,1.4076036828207321,1.3257722081078593,1.3724478716182575,1.3715478803254724,1.346939565198416,1.4506381686452665,1.2477527413985403,0.7084336547222841,0.9332037203896988,1.0866373598702168,1.7064779362078242,1.8131785864290297,2
1.5704055200796414,0.5279976724320483,0.9823744321195426,0.06981460510731972,0.885126213453398,1.3724478716182575,1.3715478803254724,0.9267089668167459,0.5859260722066093,0.8066381730338934,0.7084336547222841,0.907532575842284,1.0591274026298236,-0.5855053393086245,-0.8118356434872271,2
1.2747617700013412,0.8739771870332531,0.8820469666271846,0.8644739907910582,0.7915218870371274,1.3724478716182575,1.3715478803254724,1.346939565198416,1.4506381686452665,1.2477527413985403,1.6057716139407539,1.3202177607533314,1.5013730442169235,1.7064779362078242,1.8131785864290297,2
-1.4648103544931628,-0.09569986623794027,-0.34283420437907763,0.8779205548685025,0.1899882129365309,0.5014865261694402,1.1227132643333337,1.0950563938385587,-0.021417288508216094,0.37154979438465885,1.6057716139407539,-0.34195476764483496,-1.1704767693704392,0.7909439647017144,1.8131785864290297,2
1.5704055200796414,1.4159942178659093,1.4200691187042478,1.4076036828207321,1.3257722081078593,1.3724478716182575,1.3715478803254724,1.346939565198416,1.4506381686452665,1.2477527413985403,1.6057716139407539,1.3202177607533314,-0.10176376342466613,1.7064779362078242,-0.024318150707295767,2
1.5704055200796414,1.4159942178659093,1.4200691187042478,0.5653765006703473,0.4973142005980114,-0.2763075672457419,1.3715478803254724,1.346939565198416,1.4506381686452665,1.2477527413985403,-0.14090991746470732,1.3202177607533314,1.4537381508355494,1.6575103300595226,1.8131785864290297,2
0.8116015514364405,0.564812679978627,0.57516112361992,0.5546748259103372,0.4867874824670911,0.5375952798243436,0.5701697983071489,1.346939565198416,1.4506381686452665,1.2477527413985403,0.7084336547222841,0.4891314965542483,0.6107564396878027,0.8289006327129381,0.09944548669573562,2
1.5704055200796414,1.4159942178659093,1.4200691187042478,1.4076036828207321,1.3257722081078593,1.3724478716182575,1.3715478803254724,1.346939565198416,1.4506381686452665,1.2477527413985403,1.3314430956811232,1.3202177607533314,1.5013730442169235,1.7064779362078242,1.8131785864290297,2
0.05279758279323938,0.5279976724320483,1.4200691187042478,1.4076036828207321,0.4505000071976035,1.3724478716182575,1.0748332970172239,1.046589833170934,0.8368565460813061,0.9367837676045815,1.6057716139407539,-0.8780842029573915,-0.85439231371077,0.20033775172807158,-0.5012919184086335,2
1.5376258602717234,0.5279976724320483,1.3819911871218336,0.517784243929682,0.4505000071976035,1.334823112405798,0.5355088724952519,1.3103809491940213,0.5859260722066093,1.2099015496379502,-0.2276685100768555,0.4891314965542483,1.5013730442169235,0.7909439647017144,-0.8118356434872271,2
0.05279758279323938,1.4159942178659093,1.1351574138987792,1.4076036828207321,1.3257722081078593,1.3724478716182575,1.3715478803254724,1.346939565198416,1.4506381686452665,1.2477527413985403,1.6057716139407539,1.3202177607533314,1.5013730442169235,1.7064779362078242,1.8131785864290297,2
0.8116015514364405,1.4159942178659093,1.4200691187042478,1.4076036828207321,0.8728371807766258,1.3724478716182575,0.5062825366580926,0.9385909644527847,1.4506381686452665,1.2477527413985403,1.6057716139407539,1.3202177607533314,1.5013730442169235,0.31717431455683254,1.8131785864290297,2
1.5704055200796414,1.4159942178659093,1.4200691187042478,0.9564880580870803,1.3257722081078593,1.3724478716182575,0.9593591985670908,0.9297010232617097,0.14753922589785742,0.37154979438465885,0.2535063330911094,1.3202177607533314,0.159236672429143,1.7064779362078242,0.4945688889397952,2
-1.3384172710110123,0.601953941861932,0.4652062745340045,0.5918923319678193,0.4505000071976035,0.5014865261694402,0.6051378889986608,1.2764575005322178,0.6579431100119214,1.174778694868938,1.5310373503640877,1.3202177607533314,-0.13151120582345974,0.7146942569555705,-0.738961388647976,2
0.8116015514364405,1.3345612518984202,-1.1434530929494906,1.3260035499632083,1.2455061173043305,1.2925771041387746,0.5355088724952519,1.26933203283468,-0.19948833880404745,-0.42430170854794663,-0.10661469214339026,1.244003703596718,-0.19818692858873144,1.6225196740646861,1.7329370225970802,2
1.5704055200796414,0.8810287568377391,0.538617457162585,0.8715400361703937,0.9777998023294883,0.5014865261694402,0.5355088724952519,0.5006579663412959,0.24215193178435443,-0.15631072029167298,0.35168880650160983,1.3202177607533314,-0.6339328775150048,-1.0401239783105054,0.24244169196234788,2
1.150253446509794,1.4159942178659093,0.2399015605519487,0.91490794347013,1.3257722081078593,0.8901939161680421,-0.3005301353349685,0.8783508607671442,1.4506381686452665,0.7625964951625683,0.7084336547222841,0.9493064978039492,1.5013730442169235,-0.533190023761299,-0.8118356434872271,2
0.05279758279323938,0.5279976724320483,1.2325597621788806,0.517784243929682,0.4505000071976035,1.3724478716182575,1.3715478803254724,1.1669118620758019,1.4506381686452665,0.37154979438465885,1.6057716139407539,0.6659267281208696,1.5013730442169235,1.7064779362078242,1.8131785864290297,2
0.8116015514364405,1.4159942178659093,0.538617457162585,1.4076036828207321,1.3257722081078593,1.3724478716182575,1.3715478803254724,0.5461925346186174,0.6324523018312234,0.41869429447715106,-0.23718598358154655,0.5338484729042285,0.6586764732116491,0.7909439647017144,0.9852538733178483,2
0.05279758279323938,0.7222060240863619,-0.15005724468119516,1.4076036828207321,1.3257722081078593,1.3724478716182575,1.3715478803254724,1.346939565198416,1.0724062672523451,1.2477527413985403,0.9046850104654744,1.3202177607533314,1.5013730442169235,0.5907130692055427,-0.8118356434872271,2
0.8116015514364405,1.4159942178659093,0.538617457162585,0.6187472524308438,1.3257722081078593,1.2736245891843265,0.5355088724952519,1.346939565198416,1.4506381686452665,1.2477527413985403,1.5039555195228813,1.3202177607533314,-0.07775324767526307,0.7909439647017144,1.8131785864290297,2
-0.6535951171277442,0.5279976724320483,0.538617457162585,0.5792448683507183,0.4505000071976035,-0.3093167402374285,1.3715478803254724,1.346939565198416,0.5261996343825751,0.43206991553433743,1.6057716139407539,1.3202177607533314,0.6107564396878027,0.001883493566788093,1.8131785864290297,2
0.8116015514364405,1.3931267160057326,1.4200691187042478,1.3846892381883817,0.47303983439107206,0.5014865261694402,1.3715478803254724,1.346939565198416,1.4283702830600054,1.2477527413985403,1.6057716139407539,1.3202177607533314,1.5013730442169235,1.7064779362078242,1.8131785864290297,2
0.8116015514364405,1.4159942178659093,1.4164827052314706,1.4076036828207321,1.3257722081078593,0.5050302570850103,1.3715478803254724,1.346939565198416,0.5824077679727538,1.2477527413985403,0.7084336547222841,1.3202177607533314,1.4905019339941263,0.7909439647017144,1.8131785864290297,2
0.7692062975345892,0.5776110647749358,0.538617457162585,0.517784243929682,1.276869739586018,1.3237862555686941,1.3715478803254724,0.5006579663412959,0.5859260722066093,0.37154979438465885,0.7084336547222841,0.4891314965542483,0.6107564396878027,0.7909439647017144,0.9381738431236107,2
1.5704055200796414,1.4159942178659093,1.4200691187042478,1.4076036828207321,1.3257722081078593,1.1434160063557557,0.5355088724952519,1.1243975957569388,0.5859260722066093,1.2477527413985403,1.6057716139407539,1.3202177607533314,0.6107564396878027,1.031696845757735,0.2932642349467274,2
0.46704063573934274,1.4159942178659093,1.4200691187042478,1.4076036828207321,1.3257722081078593,1.3724478716182575,1.3715478803254724,1.346939565198416,0.9785781985469747,1.2477527413985403,1.1159006708357233,1.3202177607533314,1.5013730442169235,1.7064779362078242,1.415852731463207,2
1.3471892825969134,1.4159942178659093,1.4200691187042478,1.4076036828207321,1.3257722081078593,1.3724478716182575,1.3715478803254724,1.346939565198416,1.4506381686452665,1.2477527413985403,1.6057716139407539,1.3202177607533314,0.8727478046751299,1.0602652345583126,1.8131785864290297,2
0.05279758279323938,0.5279976724320483,1.4200691187042478,0.5456783535529426,0.4505000071976035,0.5287894712229326,0.5617170701525225,0.5271872493159276,0.5859260722066093,0.37154979438465885,0.7365634553420002,0.4891314965542483,0.6107564396878027,0.7909439647017144,0.9107441454075746,2
0.8116015514364405,0.25096939918844613,0.538617457162585,0.24018728263278855,0.7235586668096473,0.7732003282470421,0.27468979172918756,1.0829251034139085,1.4506381686452665,1.2477527413985403,0.7084336547222841,0.7484054699401012,0.6107564396878027,0.7909439647017144,-0.20980612104759233,2
0.8116015514364405,0.5279976724320483,0.6823259211073672,0.6628569578747526,1.1830712194837243,0.3594883627184608,1.0989387586793347,0.6386324395231615,0.5859260722066093,0.5144025282475976,0.7084336547222841,1.1847206760637787,-1.0252740886281464,-1.0401239783105054,-0.8118356434872271,2
1.5704055200796414,0.5279976724320483,0.538617457162585,-0.13510956708307575,-0.3082460724000407,0.3855343146256277,1.2602449248023957,1.2342730002709565,-1.143498120670705,0.48819982713107307,0.8278974190067663,0.4891314965542483,0.49218749805517853,-0.12459000680439548,0.8216833287882055,2
1.4478440826115346,1.4159942178659093,0.538617457162585,1.4076036828207321,1.3257722081078593,1.3724478716182575,1.3715478803254724,0.5006579663412959,1.3109705312644513,-0.363129521839795,-0.1889043044961856,0.4891314965542483,-0.13600845109866166,-0.7443712826589207,0.20449919765977334,2
0.8116015514364405,1.4159942178659093,1.4200691187042478,1.0284592055782034,1.3257722081078593,0.0016343851117778154,0.5355088724952519,0.8612513411034097,0.08966042843043236,0.874410135264919,1.2234235592817444,-0.34195476764483496,1.5013730442169235,0.9262754954585792,-0.8118356434872271,2
0.8116015514364405,1.4159942178659093,1.4200691187042478,1.4076036828207321,1.3257722081078593,1.3724478716182575,1.3715478803254724,1.346939565198416,0.7783905928622609,0.5665719073961879,0.9081599230356303,0.674111699932171,1.5013730442169235,1.7064779362078242,1.8131785864290297,2
1.5704055200796414,0.5279976724320483,1.4200691187042478,0.517784243929682,0.4505000071976035,1.3724478716182575,0.5355088724952519,1.346939565198416,0.5859260722066093,1.2477527413985403,-0.1889043044961856,0.4891314965542483,1.5013730442169235,0.7909439647017144,-0.8118356434872271,2
0.8936306060792205,0.6239928439889924,1.4200691187042478,1.4076036828207321,1.3257722081078593,1.3724478716182575,1.3715478803254724,1.346939565198416,1.4506381686452665,1.2477527413985403,1.6057716139407539,1.3202177607533314,1.5013730442169235,1.7064779362078242,1.7185878688427307,2
0.8116015514364405,0.6581822476385141,1.4200691187042478,1.4076036828207321,1.3257722081078593,1.3724478716182575,1.3715478803254724,0.6247269292429862,1.4506381686452665,1.2477527413985403,0.7084336547222841,0.6109727501278465,1.5013730442169235,1.572256241562179,1.5566187576850947,2
0.4423115168054363,0.9601623533862652,-0.7718136616140148,1.4076036828207321,1.3257722081078593,0.9253606210798446,0.5355088724952519,1.346939565198416,-0.2787860242320479,1.2477527413985403,0.24780659809441635,1.3202177607533314,1.5013730442169235,0.3209764188007526,1.8131785864290297,2
0.634627164481705,0.5279976724320483,-0.34283420437907763,0.517784243929682,-0.22063414544757942,0.5014865261694402,1.3715478803254724,0.6980345923710893,1.4506381686452665,1.0433976170138022,0.7084336547222841,1.1263851133356775,1.2936562502733189,1.7064779362078242,-0.40368430420034396,2
0.05279758279323938,1.4159942178659093,0.9076764928265308,1.4076036828207321,1.3257722081078593,1.3724478716182575,1.3715478803254724,0.9926060442562826,-0.2787860242320479,1.2477527413985403,1.2300610714992062,0.9722464441159443,1.5013730442169235,-0.12459000680439548,-0.44547589756437833,2
0.8116015514364405,0.4064651527553113,0.6592542343564254,0.6395662474992264,0.5702910542761188,0.6206875831980112,0.6499304067817427,1.346939565198416,1.4506381686452665,1.2477527413985403,0.7084336547222841,0.6028751910271721,0.6107564396878027,0.9162452972113179,0.06316909981819177,2
1.5704055200796414,1.4159942178659093,1.4200691187042478,1.4076036828207321,1.3257722081078593,1.3724478716182575,1.3715478803254724,1.346939565198416,1.4506381686452665,1.2477527413985403,1.6057716139407539,1.3202177607533314,1.5013730442169235,1.7064779362078242,1.8131785864290297,2
1.3908078557945955,1.4159942178659093,1.4200691187042478,1.4076036828207321,0.6576639775945868,1.1663042168811002,1.3715478803254724,1.346939565198416,1.2459736186204464,1.2477527413985403,0.7084336547222841,1.3202177607533314,1.5013730442169235,1.4897846008393778,1.1452745102655915,2
1.5704055200796414,1.4159942178659093,1.4200691187042478,1.325467748397683,1.3257722081078593,1.3724478716182575,1.2943762181646261,1.346939565198416,1.4506381686452665,1.2477527413985403,0.7912635958905002,1.3202177607533314,0.6929659575163283,0.7064344170799899,1.732410141647065,2
1.5704055200796414,1.4159942178659093,1.4200691187042478,1.4076036828207321,1.3257722081078593,1.3724478716182575,1.3715478803254724,1.346939565198416,1.4506381686452665,1.2477527413985403,1.6057716139407539,1.3202177607533314,1.5013730442169235,1.7064779362078242,1.8131785864290297,2
-0.4402593903625002,0.8389902656498304,0.8026682077918493,1.4076036828207321,1.0192359125195452,0.5014865261694402,0.8283049879906214,-0.04924037474934573,1.4506381686452665,0.9408904815416911,1.291507487165624,1.3202177607533314,1.5013730442169235,-0.7194872760150608,0.06316909981819177,2
1.3489722531634596,1.1568601276511514,1.4200691187042478,1.4076036828207321,1.3257722081078593,1.3724478716182575,1.3715478803254724,1.346939565198416,1.4506381686452665,1.2477527413985403,-0.4507643949131308,1.3202177607533314,1.5013730442169235,1.7064779362078242,1.8131785864290297,2
1.2049146980480536,1.4159942178659093,-0.3751535322192653,1.4076036828207321,0.8720897318587686,0.5014865261694402,1.3715478803254724,0.9082838750322608,1.0341348976975226,-0.08261511829576498,0.7413354699355008,0.45865886758540786,0.14912045249305111,0.34996147426754226,-0.3903747443249921,2
1.5704055200796414,1.4159942178659093,1.4200691187042478,1.4076036828207321,1.3257722081078593,1.043235291562423,1.3715478803254724,1.346939565198416,1.4506381686452665,1.2477527413985403,1.6057716139407539,1.3202177607533314,1.5013730442169235,1.7064779362078242,1.4824376521614726,2
1.5704055200796414,1.4159942178659093,1.4200691187042478,1.4076036828207321,1.3257722081078593,1.3724478716182575,1.1249869048584331,0.7502396420522827,1.1956210510236918,1.2477527413985403,1.3411326192571007,1.3202177607533314,1.2387162821242674,0.5209386814869862,0.06316909981819177,2
1.3816726446005148,0.5279976724320483,-0.1235958851909553,1.1862840952869225,1.108070870040119,1.1558187474300348,1.163604785032164,1.1364488901127667,-0.06371123921970136,1.0298199042931864,-1.0862422637146554,1.1135065324317877,1.5013730442169235,1.478762523292764,-0.8118356434872271,2
1.0621984811105865,1.4159942178659093,1.4200691187042478,1.4076036828207321,1.3257722081078593,1.3724478716182575,1.3715478803254724,1.346939565198416,1.4506381686452665,1.2477527413985403,1.6057716139407539,1.3202177607533314,1.5013730442169235,1.7064779362078242,1.8131785864290297,2
0.4819377676543813,0.9137894094950024,1.4200691187042478,0.9043679404174174,1.3257722081078593,0.5014865261694402,1.3715478803254724,1.346939565198416,0.5859260722066093,0.8670847549223003,1.6057716139407539,1.3202177607533314,1.5013730442169235,1.7064779362078242,1.8131785864290297,2
1.5704055200796414,1.4159942178659093,1.4200691187042478,1.4076036828207321,1.3257722081078593,1.3724478716182575,1.1594596873763603,1.346939565198416,1.2312761242463088,1.2477527413985403,1.6057716139407539,0.6999632667323773,0.6107564396878027,-0.5756146820177489,1.3692323755669769,2
0.05279758279323938,0.3596372335271672,0.7057370133969894,1.4076036828207321,1.3257722081078593,0.8544018808512518,1.3715478803254724,1.346939565198416,1.1002550227031884,0.892713478824488,1.2421684003172515,1.3202177607533314,1.5013730442169235,-0.12459000680439548,1.8131785864290297,2
1.5704055200796414,1.4159942178659093,1.4200691187042478,1.4076036828207321,1.3257722081078593,1.3724478716182575,1.3715478803254724,1.346939565198416,1.4506381686452665,1.2477527413985403,0.7084336547222841,1.3202177607533314,0.22910320044675306,0.39861296157015913,1.8131785864290297,2
-0.14375247953007123,0.5279976724320483,1.4200691187042478,1.4076036828207321,1.3257722081078593,0.5014865261694402,-0.08397417900863104,0.2814489112069895,0.8099091079709564,0.5985092608083588,0.9408676417569444,0.704404562819913,0.841449420167831,0.31664950501301464,0.06316909981819177,2
1.5704055200796414,0.7347278386308592,-0.5480406879219779,0.7249387891075612,0.6542678805004993,0.03605374864855867,-0.3005301353349685,0.6976766782747404,0.7872354988368058,1.2477527413985403,0.7084336547222841,0.4891314965542483,0.8180965691291497,0.3646619232605691,-0.14053650797772277,2
-0.08166980148459115,0.5279976724320483,1.4200691187042478,1.4076036828207321,1.3257722081078593,1.3724478716182575,1.3715478803254724,1.346939565198416,1.4506381686452665,1.2477527413985403,1.6057716139407539,1.3202177607533314,1.5013730442169235,1.7064779362078242,1.8131785864290297,2
0.05279758279323938,1.4159942178659093,1.4200691187042478,1.4076036828207321,1.3257722081078593,1.3724478716182575,1.3715478803254724,1.346939565198416,1.4506381686452665,1.2477527413985403,1.6057716139407539,1.3202177607533314,1.5013730442169235,1.7064779362078242,1.3655465595153335,2
1.5704055200796414,1.4159942178659093,1.4200691187042478,1.4076036828207321,1.3257722081078593,1.3724478716182575,0.8021723534021108,1.0770091015896053,0.8617351378829162,1.2477527413985403,0.9946490842822976,1.3202177607533314,0.8948280221054166,0.1674292332594354,0.06316909981819177,2
0.05279758279323938,1.2050892918400098,0.7479679309102297,1.4076036828207321,1.3257722081078593,1.3724478716182575,1.3715478803254724,1.346939565198416,1.4506381686452665,1.2477527413985403,1.6057716139407539,1.3202177607533314,1.5013730442169235,1.7064779362078242,1.8131785864290297,2
1.5704055200796414,1.4159942178659093,1.4200691187042478,1.0514775728539942,1.3257722081078593,1.3724478716182575,1.0369459300578043,-0.006922362836865226,0.758483015169041,0.8970762632016513,-0.7271070697923603,1.3202177607533314,0.9672015935923074,0.7909439647017144,1.8131785864290297,2
0.8116015514364405,1.4159942178659093,1.4200691187042478,1.4076036828207321,1.3257722081078593,1.3724478716182575,1.3715478803254724,0.9049392879932695,1.4506381686452665,1.2477527413985403,1.1371053599930214,1.3202177607533314,1.5013730442169235,1.7064779362078242,1.8131785864290297,2
1.5075072562126441,1.3423870105557638,-0.34283420437907763,0.517784243929682,1.253219738532957,1.300252734550183,1.302247501979225,0.5006579663412959,-0.2071088956740164,-0.4320235322796299,-0.11452277505094945,1.2513279218726774,-1.0228279944275067,1.6305881152545172,0.1356993994787321,2
0.8116015514364405,1.4159942178659093,0.5886312382737121,1.4076036828207321,1.3257722081078593,1.3724478716182575,1.3715478803254724,0.10152627852390837,1.0428141074890669,0.8345092517793558,0.28522226186066735,1.3202177607533314,1.5013730442169235,1.2746847602781135,1.8131785864290297,2
0.8116015514364405,1.4159942178659093,0.9232264009223468,1.4076036828207321,1.3257722081078593,1.3724478716182575,1.3715478803254724,1.346939565198416,0.47582371916757193,1.2477527413985403,1.0999743593900047,1.3202177607533314,-0.3932608958107968,0.7909439647017144,1.8131785864290297,2
0.05279758279323938,0.5279976724320483,1.245637987455135,0.341697206936922,0.4505000071976035,0.32913133144988765,1.0406591061205395,0.5006579663412959,0.4148075460666963,0.19815733519509313,0.5308587720957233,0.4891314965542483,0.6107564396878027,0.7909439647017144,0.9381738431236107,2
1.5704055200796414,1.4159942178659093,1.4200691187042478,1.3879392682917897,0.46984293749569783,1.353200208342958,1.3715478803254724,1.346939565198416,1.4315286095938795,1.2477527413985403,1.6057716139407539,1.3202177607533314,1.5013730442169235,1.7064779362078242,0.9381738431236107,2
0.8116015514364405,0.13373168055662277,1.4200691187042478,0.12270889654417311,1.3257722081078593,1.3724478716182575,0.4418640786147729,1.346939565198416,-0.2787860242320479,1.2477527413985403,1.6057716139407539,1.3202177607533314,0.6107564396878027,0.7909439647017144,0.06316909981819177,2
0.8116015514364405,0.814542070481072,1.4200691187042478,1.4076036828207321,1.3257722081078593,1.3724478716182575,1.3715478803254724,0.7737415189422786,1.4506381686452665,1.2477527413985403,0.7084336547222841,0.75731172149576,1.5013730442169235,1.4110475855970857,1.24847434574307,2
1.5704055200796414,1.4159942178659093,1.4200691187042478,0.556403104571494,1.3257722081078593,1.3346474670033486,0.5355088724952519,0.5006579663412959,0.5483968898937666,0.4095776886132286,0.6694884844090188,1.3202177607533314,-0.27986016484131826,-0.12459000680439548,1.8131785864290297,2
0.7544206113463701,1.3490777554290625,0.538617457162585,1.4076036828207321,1.259814609899399,0.5671192726664391,1.3715478803254724,1.346939565198416,0.651087896109599,1.2477527413985403,0.7760540549929424,1.3202177607533314,0.5436425383229196,-0.05559841564453002,1.8131785864290297,2
1.5704055200796414,1.4159942178659093,1.4200691187042478,1.4076036828207321,1.3257722081078593,1.3724478716182575,1.3715478803254724,1.346939565198416,1.4506381686452665,1.2477527413985403,1.6057716139407539,1.2529959427318578,1.5013730442169235,1.7064779362078242,1.8131785864290297,2
1.5704055200796414,1.191339822662731,0.538617457162585,0.7428998132548211,0.018098328576544524,1.1521032145210257,1.3715478803254724,1.346939565198416,-0.06002236569170303,1.2477527413985403,1.3787539328949503,0.07855853954171885,0.8360736840816326,0.10703108644679245,1.8131785864290297,2
1.5704055200796414,1.4159942178659093,1.4200691187042478,1.4076036828207321,1.3257722081078593,1.1071627335904792,1.3715478803254724,1.346939565198416,1.4506381686452665,1.2477527413985403,-0.1889043044961856,1.3202177607533314,1.2301011329008276,1.7064779362078242,-0.8118356434872271,2
1.5704055200796414,0.5279976724320483,1.3535772118343277,1.340480556456313,1.3257722081078593,0.5014865261694402,1.245415432515367,0.5644968354614887,1.3854090032873714,1.2477527413985403,1.6057716139407539,1.3202177607533314,1.5013730442169235,1.637415045721963,-0.8118356434872271,2
1.5704055200796414,0.6755964017652621,1.4200691187042478,1.4076036828207321,1.3257722081078593,1.3724478716182575,1.3715478803254724,1.346939565198416,1.4506381686452665,1.2477527413985403,0.5592822382622185,0.6272708589119464,0.7587906632751629,0.9431198392031962,-0.08227019151296341,2
0.2173131933090557,0.5279976724320483,1.4200691187042478,1.4076036828207321,0.640266991096948,0.6903188773475667,1.1902870099663458,1.346939565198416,1.4506381686452665,1.2477527413985403,1.6057716139407539,1.3202177607533314,1.5013730442169235,1.5079818337960025,0.7484648464686208,2
0.5881383758332811,1.4159942178659093,0.538617457162585,1.1455572442872597,1.3257722081078593,1.3724478716182575,1.1253394531978296,0.5006579663412959,1.1959856904852484,1.2477527413985403,0.7084336547222841,1.0754678866453062,1.5013730442169235,0.521324751967302,-0.5541520431279922,2
1.5704055200796414,1.4159942178659093,1.4200691187042478,1.4076036828207321,1.3257722081078593,1.3688171604051667,1.3680627472410112,1.346939565198416,1.4506381686452665,1.2477527413985403,1.602030948516862,1.3202177607533314,1.5013730442169235,1.7026614184327444,1.8131785864290297,2
1.1104565792659338,0.5279976724320483,0.8057633702430722,1.1379217060875353,0.4505000071976035,1.3724478716182575,0.2821263969014361,0.5006579663412959,1.4506381686452665,1.2477527413985403,1.6057716139407539,0.4891314965542483,0.6107564396878027,0.7909439647017144,-0.20202291387799512,2
1.1031354258469783,1.0748243188517994,1.4200691187042478,0.859654501948453,1.3257722081078593,1.3724478716182575,1.3715478803254724,1.346939565198416,1.4506381686452665,1.2477527413985403,1.6057716139407539,1.3202177607533314,1.5013730442169235,1.7064779362078242,1.2743522679670567,2
0.8116015514364405,0.5279976724320483,1.4200691187042478,0.7517171463412995,1.3257722081078593,1.3724478716182575,1.151753815279205,0.7231448013388737,0.5859260722066093,1.0173996050903247,0.7084336547222841,0.4891314965542483,0.8448989163829953,0.5502507298160207,-0.8118356434872271,2
0.8116015514364405,0.5279976724320483,0.4639182558183768,-0.29662686081691964,0.4505000071976035,-0.36947481927937725,-0.3005301353349685,-0.27390494128735643,0.6592066680859905,1.2477527413985403,1.6057716139407539,0.5595624491435626,0.6107564396878027,-0.2021775359439784,-0.7376827904731549,2
0.08413435994757568,1.4159942178659093,0.5750192887706096,0.5545316445975834,0.4505000071976035,0.5014865261694402,0.5009824741587311,0.5006579663412959,0.6216366000748401,0.4077348667184826,0.6713757572650051,0.4891314965542483,0.6107564396878027,0.7909439647017144,0.9381738431236107,2
0.0088902275335265,0.5279976724320483,1.3690648898824396,0.517784243929682,0.4505000071976035,1.3724478716182575,1.3715478803254724,1.346939565198416,1.4506381686452665,0.4222503121256721,1.6057716139407539,0.4891314965542483,1.5013730442169235,1.7064779362078242,1.8131785864290297,2
0.05279758279323938,0.5279976724320483,1.0723172238067062,1.056550517352958,0.4505000071976035,1.0288346350936333,1.3715478803254724,1.0130630266883411,0.24477830064142353,0.37154979438465885,1.2517522283105342,0.817013144304582,0.6107564396878027,0.7909439647017144,-0.2820393453013071,2
0.7305946249275563,1.3211952001107348,-0.24873389268024101,1.3126100601314477,1.2323315913156376,1.3724478716182575,1.3715478803254724,-0.16493224417999158,0.4936128106236472,0.37154979438465885,-0.1889043044961856,1.3202177607533314,1.4062943192602195,0.7909439647017144,1.8131785864290297,2
